_ROW,_FIVETRAN_SYNCED,SURVEY_ID,GROUP_NAME,FILTER_ID,CRITERIA,NAME,COUNT,SURVEY_LABEL,READ_ONLY,ID
493,2025-11-04 14:04:30,373075,Delivery Category,21583703,"(substring(Q256,2,1)='2')","Groceries (e.g., dairy, eggs, produce, meat, bread, snacks, pasta, etc.)",3550,HISPANIC,FALSE,21583703
594,2025-11-04 14:04:30,373075,Site All Hits,25000292,q4 in (select bannerid from adServerBanners where campaignid=78558 and site=22782) or (Q2 like '%12593783%' or Q2 like '%12595490%'),Amazon CTV  (DE),0,HISPANIC,FALSE,25000292
117,2025-11-04 14:04:30,374821,Site All Hits,23589201,q4 in (select bannerid from adServerBanners where campaignid=79821 and site=9683) or (Q2 like '%12571414%' or Q2 like '%12571415%'),Realm,155,CORE,FALSE,23589201
197,2025-11-04 14:04:30,374821,Creative,24968942,"((
 exists (
	select 1 from dbo.bannerexposure with (nolock) where  bannerexposure.respondentid = answers374821.id and bannerexposure.surveyid = 374821 and bannerexposure.bannerid  in 
		(
			select cast(element as int) from surveyfiltergroupelements with(nolock) where typeid = 1 and filtergroupid in (727433)
		)
	)
 or 
 exists (
	select 1 from dbo.creativeexposure with (nolock) where  creativeexposure.respondentid = answers374821.id and creativeexposure.surveyid = 374821 and creativeexposure.creativeid  in 
		(
			select element from surveyfiltergroupelements with(nolock) where typeid = 2 and filtergroupid in (727433)
		)
	)
 or 
 exists (
	select 1 from dbo.placementexposure with (nolock) where  placementexposure.respondentid = answers374821.id and placementexposure.surveyid = 374821 and placementexposure.placementid  in 
		(
			select element from surveyfiltergroupelements with(nolock) where typeid = 3 and filtergroupid in (727433)
		)
	)
))",Placement Location - Stories,131,CORE,FALSE,24968942
253,2025-11-04 14:04:30,374821,Creative,24968998,"((
 exists (
	select 1 from dbo.bannerexposure with (nolock) where  bannerexposure.respondentid = answers374821.id and bannerexposure.surveyid = 374821 and bannerexposure.bannerid  in 
		(
			select cast(element as int) from surveyfiltergroupelements with(nolock) where typeid = 1 and filtergroupid in (727390)
		)
	)
 or 
 exists (
	select 1 from dbo.creativeexposure with (nolock) where  creativeexposure.respondentid = answers374821.id and creativeexposure.surveyid = 374821 and creativeexposure.creativeid  in 
		(
			select element from surveyfiltergroupelements with(nolock) where typeid = 2 and filtergroupid in (727390)
		)
	)
 or 
 exists (
	select 1 from dbo.placementexposure with (nolock) where  placementexposure.respondentid = answers374821.id and placementexposure.surveyid = 374821 and placementexposure.placementid  in 
		(
			select element from surveyfiltergroupelements with(nolock) where typeid = 3 and filtergroupid in (727390)
		)
	)
))",Placement Publisher - The Trade Desk,7125,CORE,FALSE,24968998
114,2025-11-04 14:04:30,374821,Site All Hits,23150189,"q4 in (select bannerid from adServerBanners where campaignid=79821 and site=26092) or ID IN (select id from answers374821 cross apply [SQL#].[String_Split4k](Q2, ',', 2) SplitTable cross apply [SQL#].[String_Split4k](SplitTable.SplitVal, '-', 2) bannerid where bannerid.SplitNum = 1 and bannerid.SplitVal in ( select value from dbo.surveyfilterelements WHERE surveyfilterelements.filterid=23150189 and type='in-clause' and surveyfilterelements.question='Q2' ) )",iHeart Podcast (US),868,CORE,FALSE,23150189
298,2025-11-04 14:04:30,374821,Creative,24969044,"((
 exists (
	select 1 from dbo.bannerexposure with (nolock) where  bannerexposure.respondentid = answers374821.id and bannerexposure.surveyid = 374821 and bannerexposure.bannerid  in 
		(
			select cast(element as int) from surveyfiltergroupelements with(nolock) where typeid = 1 and filtergroupid in (727273)
		)
	)
 or 
 exists (
	select 1 from dbo.creativeexposure with (nolock) where  creativeexposure.respondentid = answers374821.id and creativeexposure.surveyid = 374821 and creativeexposure.creativeid  in 
		(
			select element from surveyfiltergroupelements with(nolock) where typeid = 2 and filtergroupid in (727273)
		)
	)
 or 
 exists (
	select 1 from dbo.placementexposure with (nolock) where  placementexposure.respondentid = answers374821.id and placementexposure.surveyid = 374821 and placementexposure.placementid  in 
		(
			select element from surveyfiltergroupelements with(nolock) where typeid = 3 and filtergroupid in (727273)
		)
	)
))",Size/Length - 160x600,0,CORE,FALSE,24969044
490,2025-11-04 14:04:30,373075,DashPass Use,21594965,(Q194_1 in (2)),Heard of it but haven't used it,1339,HISPANIC,TRUE,21594965
61,2025-11-04 14:04:30,374821,Ethnicity,22228341,"(substring(Q239,4,1)='2')",Native Hawaiian or Other Pacific Islander,223,CORE,FALSE,22228341
538,2025-11-04 14:04:30,373075,Frequency,21361303,(Q3= 5),5,121,HISPANIC,FALSE,21361303
141,2025-11-04 14:04:30,374821,Site All Hits,25033391,q4 in (select bannerid from adServerBanners where campaignid=79821 and site=259) or (Q2 like '%12700024%' or Q2 like '%12700025%' or Q2 like '%12700026%' or Q2 like '%12700027%'),Hearst Corporation (US),0,CORE,FALSE,25033391
535,2025-11-04 14:04:30,373075,Frequency,21361300,(Q3= 2),2,226,HISPANIC,FALSE,21361300
498,2025-11-04 14:04:30,373075,Delivery Item,21583708,"(substring(Q257,2,1)='2')","Alcoholic Beverages (e.g., wine, beer, liquor, etc.)",2205,HISPANIC,FALSE,21583708
301,2025-11-04 14:04:30,374821,Creative,24969047,"((
 exists (
	select 1 from dbo.bannerexposure with (nolock) where  bannerexposure.respondentid = answers374821.id and bannerexposure.surveyid = 374821 and bannerexposure.bannerid  in 
		(
			select cast(element as int) from surveyfiltergroupelements with(nolock) where typeid = 1 and filtergroupid in (727246)
		)
	)
 or 
 exists (
	select 1 from dbo.creativeexposure with (nolock) where  creativeexposure.respondentid = answers374821.id and creativeexposure.surveyid = 374821 and creativeexposure.creativeid  in 
		(
			select element from surveyfiltergroupelements with(nolock) where typeid = 2 and filtergroupid in (727246)
		)
	)
 or 
 exists (
	select 1 from dbo.placementexposure with (nolock) where  placementexposure.respondentid = answers374821.id and placementexposure.surveyid = 374821 and placementexposure.placementid  in 
		(
			select element from surveyfiltergroupelements with(nolock) where typeid = 3 and filtergroupid in (727246)
		)
	)
))",Size/Length - 200x75,0,CORE,FALSE,24969047
136,2025-11-04 14:04:30,374821,TV Network,24629947,(Q684>0) OR (Q253=0),CHARGE-E,6894,CORE,FALSE,24629947
293,2025-11-04 14:04:30,374821,Creative,24969039,"((
 exists (
	select 1 from dbo.bannerexposure with (nolock) where  bannerexposure.respondentid = answers374821.id and bannerexposure.surveyid = 374821 and bannerexposure.bannerid  in 
		(
			select cast(element as int) from surveyfiltergroupelements with(nolock) where typeid = 1 and filtergroupid in (727299)
		)
	)
 or 
 exists (
	select 1 from dbo.creativeexposure with (nolock) where  creativeexposure.respondentid = answers374821.id and creativeexposure.surveyid = 374821 and creativeexposure.creativeid  in 
		(
			select element from surveyfiltergroupelements with(nolock) where typeid = 2 and filtergroupid in (727299)
		)
	)
 or 
 exists (
	select 1 from dbo.placementexposure with (nolock) where  placementexposure.respondentid = answers374821.id and placementexposure.surveyid = 374821 and placementexposure.placementid  in 
		(
			select element from surveyfiltergroupelements with(nolock) where typeid = 3 and filtergroupid in (727299)
		)
	)
))",Size/Length - 1200x270,52,CORE,FALSE,24969039
53,2025-11-04 14:04:30,374821,Gender,22228333,(Q238=0),Male,11907,CORE,FALSE,22228333
501,2025-11-04 14:04:30,373075,Delivery Item,21583707,"(substring(Q257,1,1)='2')","Fresh Food & Produce  (e.g., meat, dairy, breads, fruit, etc.)",3582,HISPANIC,FALSE,21583707
133,2025-11-04 14:04:30,374821,TV Network,24629944,(Q687>0) OR (Q253=0),CSI,6894,CORE,FALSE,24629944
109,2025-11-04 14:04:30,374821,Site All Hits,22379509,q4 in (select bannerid from adServerBanners where campaignid=79821 and site=28361) or (Q2 like '%12462654%' or Q2 like '%12462655%' or Q2 like '%12462656%' or Q2 like '%12462657%' or Q2 like '%12462658%' or Q2 like '%12462663%' or Q2 like '%12462664%' or Q2 like '%12469316%' or Q2 like '%12590385%'),Facebook Consented (Meta DI) (US),994,CORE,FALSE,22379509
58,2025-11-04 14:04:30,374821,Ethnicity,22228338,"(substring(Q239,1,1)='2')",White/Caucasian,17670,CORE,FALSE,22228338
543,2025-11-04 14:04:30,373075,Gender,21583716,(Q267=1),Female,3028,HISPANIC,FALSE,21583716
442,2025-11-04 14:04:30,373075,Creative,24878499,"(((
 exists (
	select 1 from dbo.bannerexposure with (nolock) where  bannerexposure.respondentid = answers373075.id and bannerexposure.surveyid = 373075 and bannerexposure.bannerid  in 
		(
			select cast(element as int) from surveyfiltergroupelements with(nolock) where typeid = 1 and filtergroupid in (724368)
		)
	)
 or 
 exists (
	select 1 from dbo.creativeexposure with (nolock) where  creativeexposure.respondentid = answers373075.id and creativeexposure.surveyid = 373075 and creativeexposure.creativeid  in 
		(
			select element from surveyfiltergroupelements with(nolock) where typeid = 2 and filtergroupid in (724368)
		)
	)
 or 
 exists (
	select 1 from dbo.placementexposure with (nolock) where  placementexposure.respondentid = answers373075.id and placementexposure.surveyid = 373075 and placementexposure.placementid  in 
		(
			select element from surveyfiltergroupelements with(nolock) where typeid = 3 and filtergroupid in (724368)
		)
	)
)) or ((Q4 in (select value from surveyfilterelements with(nolock) where filterid=24878499 and type='mapctrlbanner'))))",Placement Targeting Tactic - 2P Behavioral,1793,HISPANIC,TRUE,24878499
125,2025-11-04 14:04:30,374821,Site All Hits,24090401,q4 in (select bannerid from adServerBanners where campaignid=79821 and site=29020) or (Q2 like '%12620563%' or Q2 like '%12620564%' or Q2 like '%12654065%' or Q2 like '%12654066%'),Good Karma Podcast (US),140,CORE,FALSE,24090401
602,2025-11-04 14:04:30,373075,Site All Hits,22512550,q4 in (select bannerid from adServerBanners where campaignid=78558 and site=21461) or (Q2 like '%12493361%' or Q2 like '%12593749%' or Q2 like '%12593781%' or Q2 like '%12643751%' or Q2 like '%12645673%' or Q2 like '%12674000%'),Amazon CTV (US),52,HISPANIC,FALSE,22512550
527,2025-11-04 14:04:30,373075,"Frequency (1, 2-3, 4-9, 10+)",21361292,Q3 between 4 and 9,4-9,610,HISPANIC,FALSE,21361292
122,2025-11-04 14:04:30,374821,Site All Hits,23901668,"((((((((
 exists (
	select 1 from dbo.bannerexposure with (nolock) where  bannerexposure.respondentid = answers374821.id and bannerexposure.surveyid = 374821 and bannerexposure.bannerid  in 
		(
			select cast(element as int) from surveyfiltergroupelements with(nolock) where typeid = 1 and filtergroupid in (685910)
		)
	)
 or 
 exists (
	select 1 from dbo.creativeexposure with (nolock) where  creativeexposure.respondentid = answers374821.id and creativeexposure.surveyid = 374821 and creativeexposure.creativeid  in 
		(
			select element from surveyfiltergroupelements with(nolock) where typeid = 2 and filtergroupid in (685910)
		)
	)
 or 
 exists (
	select 1 from dbo.placementexposure with (nolock) where  placementexposure.respondentid = answers374821.id and placementexposure.surveyid = 374821 and placementexposure.placementid  in 
		(
			select element from surveyfiltergroupelements with(nolock) where typeid = 3 and filtergroupid in (685910)
		)
	)
)) or ((Q4 in (select value from surveyfilterelements with(nolock) where filterid=23795352 and type='mapctrlbanner'))))) OR ((((
 exists (
	select 1 from dbo.bannerexposure with (nolock) where  bannerexposure.respondentid = answers374821.id and bannerexposure.surveyid = 374821 and bannerexposure.bannerid  in 
		(
			select cast(element as int) from surveyfiltergroupelements with(nolock) where typeid = 1 and filtergroupid in (685855)
		)
	)
 or 
 exists (
	select 1 from dbo.creativeexposure with (nolock) where  creativeexposure.respondentid = answers374821.id and creativeexposure.surveyid = 374821 and creativeexposure.creativeid  in 
		(
			select element from surveyfiltergroupelements with(nolock) where typeid = 2 and filtergroupid in (685855)
		)
	)
 or 
 exists (
	select 1 from dbo.placementexposure with (nolock) where  placementexposure.respondentid = answers374821.id and placementexposure.surveyid = 374821 and placementexposure.placementid  in 
		(
			select element from surveyfiltergroupelements with(nolock) where typeid = 3 and filtergroupid in (685855)
		)
	)
)) or ((Q4 in (select value from surveyfilterelements with(nolock) where filterid=23795586 and type='mapctrlbanner')))))) AND (q4 in (select bannerid from adServerBanners where campaignid=79821 and site=27272) or ID IN (select id from answers374821 cross apply [SQL#].[String_Split4k](Q2, ',', 2) SplitTable cross apply [SQL#].[String_Split4k](SplitTable.SplitVal, '-', 2) bannerid where bannerid.SplitNum = 1 and bannerid.SplitVal in ( select value from dbo.surveyfilterelements WHERE surveyfilterelements.filterid=22463585 and type='in-clause' and surveyfilterelements.question='Q2' ) )))) OR (q4 in (select bannerid from adServerBanners where campaignid=79821 and site=14944) or ID IN (select id from answers374821 cross apply [SQL#].[String_Split4k](Q2, ',', 2) SplitTable cross apply [SQL#].[String_Split4k](SplitTable.SplitVal, '-', 2) bannerid where bannerid.SplitNum = 1 and bannerid.SplitVal in ( select value from dbo.surveyfilterelements WHERE surveyfilterelements.filterid=22220651 and type='in-clause' and surveyfilterelements.question='Q2' ) )))",Roku Grouped,4235,CORE,FALSE,23901668
530,2025-11-04 14:04:30,373075,"Frequency (1, 2-3, 4-9, 10-19, 20+)",21361296,(Q3>=20),20+,630,HISPANIC,FALSE,21361296
386,2025-11-04 14:04:30,374821,Site,25033348,q4 in (select bannerid from adServerBanners where campaignid=79821 and site=24254),Amazon Mobile (MX),0,CORE,FALSE,25033348
485,2025-11-04 14:04:30,373075,Creative,24878560,"((
 exists (
	select 1 from dbo.bannerexposure with (nolock) where  bannerexposure.respondentid = answers373075.id and bannerexposure.surveyid = 373075 and bannerexposure.bannerid  in 
		(
			select cast(element as int) from surveyfiltergroupelements with(nolock) where typeid = 1 and filtergroupid in (724363)
		)
	)
 or 
 exists (
	select 1 from dbo.creativeexposure with (nolock) where  creativeexposure.respondentid = answers373075.id and creativeexposure.surveyid = 373075 and creativeexposure.creativeid  in 
		(
			select element from surveyfiltergroupelements with(nolock) where typeid = 2 and filtergroupid in (724363)
		)
	)
 or 
 exists (
	select 1 from dbo.placementexposure with (nolock) where  placementexposure.respondentid = answers373075.id and placementexposure.surveyid = 373075 and placementexposure.placementid  in 
		(
			select element from surveyfiltergroupelements with(nolock) where typeid = 3 and filtergroupid in (724363)
		)
	)
))",Theme - Teens Selection,0,HISPANIC,FALSE,24878560
106,2025-11-04 14:04:30,374821,DashPass Use,22358841,(Q200_1 in (1)),Used in the past but do not use now,5643,CORE,FALSE,22358841
583,2025-11-04 14:04:30,373075,Past Brand Usage - Have Tried,21587525,(Q261_3 in (1)),Instacart,2186,HISPANIC,FALSE,21587525
426,2025-11-04 14:04:30,373075,Creative,24878456,"((
 exists (
	select 1 from dbo.bannerexposure with (nolock) where  bannerexposure.respondentid = answers373075.id and bannerexposure.surveyid = 373075 and bannerexposure.bannerid  in 
		(
			select cast(element as int) from surveyfiltergroupelements with(nolock) where typeid = 1 and filtergroupid in (724303)
		)
	)
 or 
 exists (
	select 1 from dbo.creativeexposure with (nolock) where  creativeexposure.respondentid = answers373075.id and creativeexposure.surveyid = 373075 and creativeexposure.creativeid  in 
		(
			select element from surveyfiltergroupelements with(nolock) where typeid = 2 and filtergroupid in (724303)
		)
	)
 or 
 exists (
	select 1 from dbo.placementexposure with (nolock) where  placementexposure.respondentid = answers373075.id and placementexposure.surveyid = 373075 and placementexposure.placementid  in 
		(
			select element from surveyfiltergroupelements with(nolock) where typeid = 3 and filtergroupid in (724303)
		)
	)
))",Format - SOC,0,HISPANIC,FALSE,24878456
591,2025-11-04 14:04:30,373075,Site All Hits,25000278,q4 in (select bannerid from adServerBanners where campaignid=78558 and site=26592) or (Q2 like '%12493362%' or Q2 like '%12593751%' or Q2 like '%12593785%' or Q2 like '%12687816%' or Q2 like '%12687889%'),Amazon (MX),0,HISPANIC,FALSE,25000278
546,2025-11-04 14:04:30,373075,Gender,21583717,(Q267=2),Non-binary or gender fluid,32,HISPANIC,FALSE,21583717
586,2025-11-04 14:04:30,373075,Site All Hits,25000280,q4 in (select bannerid from adServerBanners where campaignid=78558 and site=27103) or (Q2 like '%12493363%' or Q2 like '%12593752%' or Q2 like '%12593934%' or Q2 like '%12687817%' or Q2 like '%12687890%'),Amazon (BR),0,HISPANIC,FALSE,25000280
599,2025-11-04 14:04:30,373075,Site All Hits,25000294,(Q4 = '12593784') or (Q2 like '%12593784%'),Amazon CTV (FR),0,HISPANIC,FALSE,25000294
434,2025-11-04 14:04:30,373075,Creative,24878477,"(((
 exists (
	select 1 from dbo.bannerexposure with (nolock) where  bannerexposure.respondentid = answers373075.id and bannerexposure.surveyid = 373075 and bannerexposure.bannerid  in 
		(
			select cast(element as int) from surveyfiltergroupelements with(nolock) where typeid = 1 and filtergroupid in (724299)
		)
	)
 or 
 exists (
	select 1 from dbo.creativeexposure with (nolock) where  creativeexposure.respondentid = answers373075.id and creativeexposure.surveyid = 373075 and creativeexposure.creativeid  in 
		(
			select element from surveyfiltergroupelements with(nolock) where typeid = 2 and filtergroupid in (724299)
		)
	)
 or 
 exists (
	select 1 from dbo.placementexposure with (nolock) where  placementexposure.respondentid = answers373075.id and placementexposure.surveyid = 373075 and placementexposure.placementid  in 
		(
			select element from surveyfiltergroupelements with(nolock) where typeid = 3 and filtergroupid in (724299)
		)
	)
)) or ((Q4 in (select value from surveyfilterelements with(nolock) where filterid=24878477 and type='mapctrlbanner'))))",Placement Device - CSD,2918,HISPANIC,TRUE,24878477
429,2025-11-04 14:04:30,373075,Creative,24878471,"(((
 exists (
	select 1 from dbo.bannerexposure with (nolock) where  bannerexposure.respondentid = answers373075.id and bannerexposure.surveyid = 373075 and bannerexposure.bannerid  in 
		(
			select cast(element as int) from surveyfiltergroupelements with(nolock) where typeid = 1 and filtergroupid in (642364)
		)
	)
 or 
 exists (
	select 1 from dbo.creativeexposure with (nolock) where  creativeexposure.respondentid = answers373075.id and creativeexposure.surveyid = 373075 and creativeexposure.creativeid  in 
		(
			select element from surveyfiltergroupelements with(nolock) where typeid = 2 and filtergroupid in (642364)
		)
	)
 or 
 exists (
	select 1 from dbo.placementexposure with (nolock) where  placementexposure.respondentid = answers373075.id and placementexposure.surveyid = 373075 and placementexposure.placementid  in 
		(
			select element from surveyfiltergroupelements with(nolock) where typeid = 3 and filtergroupid in (642364)
		)
	)
)) or ((Q4 in (select value from surveyfilterelements with(nolock) where filterid=24878471 and type='mapctrlbanner'))))",New Filter Creative Size/Length - 30s,2054,HISPANIC,TRUE,24878471
445,2025-11-04 14:04:30,373075,Creative,24878511,"(((
 exists (
	select 1 from dbo.bannerexposure with (nolock) where  bannerexposure.respondentid = answers373075.id and bannerexposure.surveyid = 373075 and bannerexposure.bannerid  in 
		(
			select cast(element as int) from surveyfiltergroupelements with(nolock) where typeid = 1 and filtergroupid in (724294)
		)
	)
 or 
 exists (
	select 1 from dbo.creativeexposure with (nolock) where  creativeexposure.respondentid = answers373075.id and creativeexposure.surveyid = 373075 and creativeexposure.creativeid  in 
		(
			select element from surveyfiltergroupelements with(nolock) where typeid = 2 and filtergroupid in (724294)
		)
	)
 or 
 exists (
	select 1 from dbo.placementexposure with (nolock) where  placementexposure.respondentid = answers373075.id and placementexposure.surveyid = 373075 and placementexposure.placementid  in 
		(
			select element from surveyfiltergroupelements with(nolock) where typeid = 3 and filtergroupid in (724294)
		)
	)
)) or ((Q4 in (select value from surveyfilterelements with(nolock) where filterid=24878511 and type='mapctrlbanner'))))",Placement Targeting Tactic - 3P Contextual,2597,HISPANIC,TRUE,24878511
181,2025-11-04 14:04:30,374821,Creative,24968926,"((
 exists (
	select 1 from dbo.bannerexposure with (nolock) where  bannerexposure.respondentid = answers374821.id and bannerexposure.surveyid = 374821 and bannerexposure.bannerid  in 
		(
			select cast(element as int) from surveyfiltergroupelements with(nolock) where typeid = 1 and filtergroupid in (727342)
		)
	)
 or 
 exists (
	select 1 from dbo.creativeexposure with (nolock) where  creativeexposure.respondentid = answers374821.id and creativeexposure.surveyid = 374821 and creativeexposure.creativeid  in 
		(
			select element from surveyfiltergroupelements with(nolock) where typeid = 2 and filtergroupid in (727342)
		)
	)
 or 
 exists (
	select 1 from dbo.placementexposure with (nolock) where  placementexposure.respondentid = answers374821.id and placementexposure.surveyid = 374821 and placementexposure.placementid  in 
		(
			select element from surveyfiltergroupelements with(nolock) where typeid = 3 and filtergroupid in (727342)
		)
	)
))",Creative Publisher - Trip Advisor,0,CORE,FALSE,24968926
437,2025-11-04 14:04:30,373075,Creative,24878485,"(((
 exists (
	select 1 from dbo.bannerexposure with (nolock) where  bannerexposure.respondentid = answers373075.id and bannerexposure.surveyid = 373075 and bannerexposure.bannerid  in 
		(
			select cast(element as int) from surveyfiltergroupelements with(nolock) where typeid = 1 and filtergroupid in (724295)
		)
	)
 or 
 exists (
	select 1 from dbo.creativeexposure with (nolock) where  creativeexposure.respondentid = answers373075.id and creativeexposure.surveyid = 373075 and creativeexposure.creativeid  in 
		(
			select element from surveyfiltergroupelements with(nolock) where typeid = 2 and filtergroupid in (724295)
		)
	)
 or 
 exists (
	select 1 from dbo.placementexposure with (nolock) where  placementexposure.respondentid = answers373075.id and placementexposure.surveyid = 373075 and placementexposure.placementid  in 
		(
			select element from surveyfiltergroupelements with(nolock) where typeid = 3 and filtergroupid in (724295)
		)
	)
)) or ((Q4 in (select value from surveyfilterelements with(nolock) where filterid=24878485 and type='mapctrlbanner'))))",Placement Device - MOB,2236,HISPANIC,TRUE,24878485
450,2025-11-04 14:04:30,373075,Creative,24878516,"(((
 exists (
	select 1 from dbo.bannerexposure with (nolock) where  bannerexposure.respondentid = answers373075.id and bannerexposure.surveyid = 373075 and bannerexposure.bannerid  in 
		(
			select cast(element as int) from surveyfiltergroupelements with(nolock) where typeid = 1 and filtergroupid in (724291)
		)
	)
 or 
 exists (
	select 1 from dbo.creativeexposure with (nolock) where  creativeexposure.respondentid = answers373075.id and creativeexposure.surveyid = 373075 and creativeexposure.creativeid  in 
		(
			select element from surveyfiltergroupelements with(nolock) where typeid = 2 and filtergroupid in (724291)
		)
	)
 or 
 exists (
	select 1 from dbo.placementexposure with (nolock) where  placementexposure.respondentid = answers373075.id and placementexposure.surveyid = 373075 and placementexposure.placementid  in 
		(
			select element from surveyfiltergroupelements with(nolock) where typeid = 3 and filtergroupid in (724291)
		)
	)
)) or ((Q4 in (select value from surveyfilterelements with(nolock) where filterid=24878516 and type='mapctrlbanner'))))",Size/Length - 15s,3023,HISPANIC,TRUE,24878516
370,2025-11-04 14:04:30,374821,Site,25033261,q4 in (select bannerid from adServerBanners where campaignid=79821 and site=5068),Amazon (CA),0,CORE,FALSE,25033261
282,2025-11-04 14:04:30,374821,Creative,24969027,"((
 exists (
	select 1 from dbo.bannerexposure with (nolock) where  bannerexposure.respondentid = answers374821.id and bannerexposure.surveyid = 374821 and bannerexposure.bannerid  in 
		(
			select cast(element as int) from surveyfiltergroupelements with(nolock) where typeid = 1 and filtergroupid in (727408)
		)
	)
 or 
 exists (
	select 1 from dbo.creativeexposure with (nolock) where  creativeexposure.respondentid = answers374821.id and creativeexposure.surveyid = 374821 and creativeexposure.creativeid  in 
		(
			select element from surveyfiltergroupelements with(nolock) where typeid = 2 and filtergroupid in (727408)
		)
	)
 or 
 exists (
	select 1 from dbo.placementexposure with (nolock) where  placementexposure.respondentid = answers374821.id and placementexposure.surveyid = 374821 and placementexposure.placementid  in 
		(
			select element from surveyfiltergroupelements with(nolock) where typeid = 3 and filtergroupid in (727408)
		)
	)
))",Placement Targeting Tactic - Please Ignore these fields,0,CORE,FALSE,24969027
482,2025-11-04 14:04:30,373075,Creative,24878557,"((
 exists (
	select 1 from dbo.bannerexposure with (nolock) where  bannerexposure.respondentid = answers373075.id and bannerexposure.surveyid = 373075 and bannerexposure.bannerid  in 
		(
			select cast(element as int) from surveyfiltergroupelements with(nolock) where typeid = 1 and filtergroupid in (724331)
		)
	)
 or 
 exists (
	select 1 from dbo.creativeexposure with (nolock) where  creativeexposure.respondentid = answers373075.id and creativeexposure.surveyid = 373075 and creativeexposure.creativeid  in 
		(
			select element from surveyfiltergroupelements with(nolock) where typeid = 2 and filtergroupid in (724331)
		)
	)
 or 
 exists (
	select 1 from dbo.placementexposure with (nolock) where  placementexposure.respondentid = answers373075.id and placementexposure.surveyid = 373075 and placementexposure.placementid  in 
		(
			select element from surveyfiltergroupelements with(nolock) where typeid = 3 and filtergroupid in (724331)
		)
	)
))",Theme - Surveillance,0,HISPANIC,FALSE,24878557
639,2025-11-04 14:04:30,373075,Site,25000291,q4 in (select bannerid from adServerBanners where campaignid=78558 and site=22782),Amazon CTV  (DE),0,HISPANIC,FALSE,25000291
389,2025-11-04 14:04:30,374821,Site,25033378,(Q4 = '12642433'),Amazon Tablet (UK),0,CORE,FALSE,25033378
421,2025-11-04 14:04:30,373075,Creative,24878451,"(((
 exists (
	select 1 from dbo.bannerexposure with (nolock) where  bannerexposure.respondentid = answers373075.id and bannerexposure.surveyid = 373075 and bannerexposure.bannerid  in 
		(
			select cast(element as int) from surveyfiltergroupelements with(nolock) where typeid = 1 and filtergroupid in (724329)
		)
	)
 or 
 exists (
	select 1 from dbo.creativeexposure with (nolock) where  creativeexposure.respondentid = answers373075.id and creativeexposure.surveyid = 373075 and creativeexposure.creativeid  in 
		(
			select element from surveyfiltergroupelements with(nolock) where typeid = 2 and filtergroupid in (724329)
		)
	)
 or 
 exists (
	select 1 from dbo.placementexposure with (nolock) where  placementexposure.respondentid = answers373075.id and placementexposure.surveyid = 373075 and placementexposure.placementid  in 
		(
			select element from surveyfiltergroupelements with(nolock) where typeid = 3 and filtergroupid in (724329)
		)
	)
)) or ((Q4 in (select value from surveyfilterelements with(nolock) where filterid=24878451 and type='mapctrlbanner'))))",Campaign - YouTube Select Hispanic,12,HISPANIC,TRUE,24878451
13,2025-11-04 14:04:30,374821,Last Delivery,22228241,(Q230=3),Within the past 1-3 months,2088,CORE,FALSE,22228241
69,2025-11-04 14:04:30,374821,Children in HH,22228349,"(substring(Q240,4,1)='2')",No,9421,CORE,FALSE,22228349
607,2025-11-04 14:04:30,373075,Site All Hits,23838221,((q4 in (select bannerid from adServerBanners where campaignid=78558 and site=17277) or (Q2 like '%12504326%' or Q2 like '%12593746%' or Q2 like '%12593779%' or Q2 like '%12645672%' or Q2 like '%12673998%')) OR (q4 in (select bannerid from adServerBanners where campaignid=78558 and site=21459) or (Q2 like '%12504327%' or Q2 like '%12593748%' or Q2 like '%12593780%' or Q2 like '%12673999%')) OR (q4 in (select bannerid from adServerBanners where campaignid=78558 and site=21461) or (Q2 like '%12493361%' or Q2 like '%12593749%' or Q2 like '%12593781%' or Q2 like '%12643751%' or Q2 like '%12645673%' or Q2 like '%12674000%')) OR (q4 in (select bannerid from adServerBanners where campaignid=78558 and site=3141) or (Q2 like '%12504325%' or Q2 like '%12593745%' or Q2 like '%12593778%' or Q2 like '%12673997%'))),Amazon Partners,145,HISPANIC,FALSE,23838221
149,2025-11-04 14:04:30,374821,Creative,24968893,"((
 exists (
	select 1 from dbo.bannerexposure with (nolock) where  bannerexposure.respondentid = answers374821.id and bannerexposure.surveyid = 374821 and bannerexposure.bannerid  in 
		(
			select cast(element as int) from surveyfiltergroupelements with(nolock) where typeid = 1 and filtergroupid in (727315)
		)
	)
 or 
 exists (
	select 1 from dbo.creativeexposure with (nolock) where  creativeexposure.respondentid = answers374821.id and creativeexposure.surveyid = 374821 and creativeexposure.creativeid  in 
		(
			select element from surveyfiltergroupelements with(nolock) where typeid = 2 and filtergroupid in (727315)
		)
	)
 or 
 exists (
	select 1 from dbo.placementexposure with (nolock) where  placementexposure.respondentid = answers374821.id and placementexposure.surveyid = 374821 and placementexposure.placementid  in 
		(
			select element from surveyfiltergroupelements with(nolock) where typeid = 3 and filtergroupid in (727315)
		)
	)
))",Creative Publisher - Disney+,4690,CORE,FALSE,24968893
522,2025-11-04 14:04:30,373075,"Frequency (1, 2-3, 4+)",21361287,Q3 between 2 and 3,2-3,378,HISPANIC,FALSE,21361287
314,2025-11-04 14:04:30,374821,Creative,24969060,"((
 exists (
	select 1 from dbo.bannerexposure with (nolock) where  bannerexposure.respondentid = answers374821.id and bannerexposure.surveyid = 374821 and bannerexposure.bannerid  in 
		(
			select cast(element as int) from surveyfiltergroupelements with(nolock) where typeid = 1 and filtergroupid in (727227)
		)
	)
 or 
 exists (
	select 1 from dbo.creativeexposure with (nolock) where  creativeexposure.respondentid = answers374821.id and creativeexposure.surveyid = 374821 and creativeexposure.creativeid  in 
		(
			select element from surveyfiltergroupelements with(nolock) where typeid = 2 and filtergroupid in (727227)
		)
	)
 or 
 exists (
	select 1 from dbo.placementexposure with (nolock) where  placementexposure.respondentid = answers374821.id and placementexposure.surveyid = 374821 and placementexposure.placementid  in 
		(
			select element from surveyfiltergroupelements with(nolock) where typeid = 3 and filtergroupid in (727227)
		)
	)
))",Size/Length - 6s,2834,CORE,FALSE,24969060
77,2025-11-04 14:04:30,374821,Activity,22228357,"(substring(Q241,8,1)='2')",Watched MLS,3746,CORE,FALSE,22228357
506,2025-11-04 14:04:30,373075,Employment Status,21583726,(Q268=6),None of the above,328,HISPANIC,FALSE,21583726
101,2025-11-04 14:04:30,374821,Overall,22236815,((Q3= 0)) AND ID NOT IN (SELECT ID FROM Answers374821 WITH(NOLOCK) WHERE ((Q161=1))) AND ID NOT IN (SELECT ID FROM Answers374821 WITH(NOLOCK) WHERE (q4 in (select bannerid from adServerBanners where campaignid=79821 and site=1784))) AND ID NOT IN (SELECT ID FROM Answers374821 WITH(NOLOCK) WHERE (q4 in (select bannerid from adServerBanners where campaignid=79821 and site=22693))) AND ID NOT IN (SELECT ID FROM Answers374821 WITH(NOLOCK) WHERE (q4 in (select bannerid from adServerBanners where campaignid=79821 and site=9291))) AND ID NOT IN (SELECT ID FROM Answers374821 WITH(NOLOCK) WHERE ((Q4 = '12430861'))) AND ID NOT IN (SELECT ID FROM Answers374821 WITH(NOLOCK) WHERE (q4 in (select bannerid from adServerBanners where campaignid=79821 and site=25281))) AND ID NOT IN (SELECT ID FROM Answers374821 WITH(NOLOCK) WHERE (q4 in (select bannerid from adServerBanners where campaignid=79821 and site=10535))) AND ID NOT IN (SELECT ID FROM Answers374821 WITH(NOLOCK) WHERE (q4 in (select bannerid from adServerBanners where campaignid=79821 and site=19645))),Control (Ignite Only),6491,CORE,TRUE,22236815
378,2025-11-04 14:04:30,374821,Site,25033335,(Q4 = '12594080'),Amazon CTV  (UK),0,CORE,FALSE,25033335
258,2025-11-04 14:04:30,374821,Creative,24969003,"((
 exists (
	select 1 from dbo.bannerexposure with (nolock) where  bannerexposure.respondentid = answers374821.id and bannerexposure.surveyid = 374821 and bannerexposure.bannerid  in 
		(
			select cast(element as int) from surveyfiltergroupelements with(nolock) where typeid = 1 and filtergroupid in (727410)
		)
	)
 or 
 exists (
	select 1 from dbo.creativeexposure with (nolock) where  creativeexposure.respondentid = answers374821.id and creativeexposure.surveyid = 374821 and creativeexposure.creativeid  in 
		(
			select element from surveyfiltergroupelements with(nolock) where typeid = 2 and filtergroupid in (727410)
		)
	)
 or 
 exists (
	select 1 from dbo.placementexposure with (nolock) where  placementexposure.respondentid = answers374821.id and placementexposure.surveyid = 374821 and placementexposure.placementid  in 
		(
			select element from surveyfiltergroupelements with(nolock) where typeid = 3 and filtergroupid in (727410)
		)
	)
))",Placement Publisher - VEVO,571,CORE,FALSE,24969003
45,2025-11-04 14:04:30,374821,Past Brand Recency - Amazon,22228325,(Q235_4 in (0)),Several times a week,7835,CORE,FALSE,22228325
290,2025-11-04 14:04:30,374821,Creative,24969036,"((
 exists (
	select 1 from dbo.bannerexposure with (nolock) where  bannerexposure.respondentid = answers374821.id and bannerexposure.surveyid = 374821 and bannerexposure.bannerid  in 
		(
			select cast(element as int) from surveyfiltergroupelements with(nolock) where typeid = 1 and filtergroupid in (727371)
		)
	)
 or 
 exists (
	select 1 from dbo.creativeexposure with (nolock) where  creativeexposure.respondentid = answers374821.id and creativeexposure.surveyid = 374821 and creativeexposure.creativeid  in 
		(
			select element from surveyfiltergroupelements with(nolock) where typeid = 2 and filtergroupid in (727371)
		)
	)
 or 
 exists (
	select 1 from dbo.placementexposure with (nolock) where  placementexposure.respondentid = answers374821.id and placementexposure.surveyid = 374821 and placementexposure.placementid  in 
		(
			select element from surveyfiltergroupelements with(nolock) where typeid = 3 and filtergroupid in (727371)
		)
	)
))",Size/Length - :60,10,CORE,FALSE,24969036
306,2025-11-04 14:04:30,374821,Creative,24969052,"((
 exists (
	select 1 from dbo.bannerexposure with (nolock) where  bannerexposure.respondentid = answers374821.id and bannerexposure.surveyid = 374821 and bannerexposure.bannerid  in 
		(
			select cast(element as int) from surveyfiltergroupelements with(nolock) where typeid = 1 and filtergroupid in (727216)
		)
	)
 or 
 exists (
	select 1 from dbo.creativeexposure with (nolock) where  creativeexposure.respondentid = answers374821.id and creativeexposure.surveyid = 374821 and creativeexposure.creativeid  in 
		(
			select element from surveyfiltergroupelements with(nolock) where typeid = 2 and filtergroupid in (727216)
		)
	)
 or 
 exists (
	select 1 from dbo.placementexposure with (nolock) where  placementexposure.respondentid = answers374821.id and placementexposure.surveyid = 374821 and placementexposure.placementid  in 
		(
			select element from surveyfiltergroupelements with(nolock) where typeid = 3 and filtergroupid in (727216)
		)
	)
))",Size/Length - 320x50,1909,CORE,FALSE,24969052
189,2025-11-04 14:04:30,374821,Creative,24968934,"((
 exists (
	select 1 from dbo.bannerexposure with (nolock) where  bannerexposure.respondentid = answers374821.id and bannerexposure.surveyid = 374821 and bannerexposure.bannerid  in 
		(
			select cast(element as int) from surveyfiltergroupelements with(nolock) where typeid = 1 and filtergroupid in (727373)
		)
	)
 or 
 exists (
	select 1 from dbo.creativeexposure with (nolock) where  creativeexposure.respondentid = answers374821.id and creativeexposure.surveyid = 374821 and creativeexposure.creativeid  in 
		(
			select element from surveyfiltergroupelements with(nolock) where typeid = 2 and filtergroupid in (727373)
		)
	)
 or 
 exists (
	select 1 from dbo.placementexposure with (nolock) where  placementexposure.respondentid = answers374821.id and placementexposure.surveyid = 374821 and placementexposure.placementid  in 
		(
			select element from surveyfiltergroupelements with(nolock) where typeid = 3 and filtergroupid in (727373)
		)
	)
))","Format - Static, Video",65,CORE,FALSE,24968934
21,2025-11-04 14:04:30,374821,Delivery Category,22228249,"(substring(Q231,4,1)='2')","Household Essentials (e.g., paper towels, toilet paper, cleaning supplies, organizers, etc.)",14579,CORE,FALSE,22228249
322,2025-11-04 14:04:30,374821,Creative,24969068,"((
 exists (
	select 1 from dbo.bannerexposure with (nolock) where  bannerexposure.respondentid = answers374821.id and bannerexposure.surveyid = 374821 and bannerexposure.bannerid  in 
		(
			select cast(element as int) from surveyfiltergroupelements with(nolock) where typeid = 1 and filtergroupid in (727229)
		)
	)
 or 
 exists (
	select 1 from dbo.creativeexposure with (nolock) where  creativeexposure.respondentid = answers374821.id and creativeexposure.surveyid = 374821 and creativeexposure.creativeid  in 
		(
			select element from surveyfiltergroupelements with(nolock) where typeid = 2 and filtergroupid in (727229)
		)
	)
 or 
 exists (
	select 1 from dbo.placementexposure with (nolock) where  placementexposure.respondentid = answers374821.id and placementexposure.surveyid = 374821 and placementexposure.placementid  in 
		(
			select element from surveyfiltergroupelements with(nolock) where typeid = 3 and filtergroupid in (727229)
		)
	)
))",Theme - DashPass,8474,CORE,FALSE,24969068
330,2025-11-04 14:04:30,374821,Creative,24969076,"((
 exists (
	select 1 from dbo.bannerexposure with (nolock) where  bannerexposure.respondentid = answers374821.id and bannerexposure.surveyid = 374821 and bannerexposure.bannerid  in 
		(
			select cast(element as int) from surveyfiltergroupelements with(nolock) where typeid = 1 and filtergroupid in (727248)
		)
	)
 or 
 exists (
	select 1 from dbo.creativeexposure with (nolock) where  creativeexposure.respondentid = answers374821.id and creativeexposure.surveyid = 374821 and creativeexposure.creativeid  in 
		(
			select element from surveyfiltergroupelements with(nolock) where typeid = 2 and filtergroupid in (727248)
		)
	)
 or 
 exists (
	select 1 from dbo.placementexposure with (nolock) where  placementexposure.respondentid = answers374821.id and placementexposure.surveyid = 374821 and placementexposure.placementid  in 
		(
			select element from surveyfiltergroupelements with(nolock) where typeid = 3 and filtergroupid in (727248)
		)
	)
))",Theme - Hispanic,4934,CORE,FALSE,24969076
338,2025-11-04 14:04:30,374821,Creative,24969084,"((
 exists (
	select 1 from dbo.bannerexposure with (nolock) where  bannerexposure.respondentid = answers374821.id and bannerexposure.surveyid = 374821 and bannerexposure.bannerid  in 
		(
			select cast(element as int) from surveyfiltergroupelements with(nolock) where typeid = 1 and filtergroupid in (727326)
		)
	)
 or 
 exists (
	select 1 from dbo.creativeexposure with (nolock) where  creativeexposure.respondentid = answers374821.id and creativeexposure.surveyid = 374821 and creativeexposure.creativeid  in 
		(
			select element from surveyfiltergroupelements with(nolock) where typeid = 2 and filtergroupid in (727326)
		)
	)
 or 
 exists (
	select 1 from dbo.placementexposure with (nolock) where  placementexposure.respondentid = answers374821.id and placementexposure.surveyid = 374821 and placementexposure.placementid  in 
		(
			select element from surveyfiltergroupelements with(nolock) where typeid = 3 and filtergroupid in (727326)
		)
	)
))",Theme - NV Health,1202,CORE,FALSE,24969084
37,2025-11-04 14:04:30,374821,Past Brand Recency - Uber Eats,22228317,(Q235_2 in (0)),Several times a week,5141,CORE,FALSE,22228317
346,2025-11-04 14:04:30,374821,Site All Hits,25033263,q4 in (select bannerid from adServerBanners where campaignid=79821 and site=5068) or (Q2 like '%12441845%' or Q2 like '%12504877%' or Q2 like '%12593935%' or Q2 like '%12594067%' or Q2 like '%12687818%' or Q2 like '%12689949%'),Amazon (CA),0,CORE,FALSE,25033263
157,2025-11-04 14:04:30,374821,Creative,24968901,"((
 exists (
	select 1 from dbo.bannerexposure with (nolock) where  bannerexposure.respondentid = answers374821.id and bannerexposure.surveyid = 374821 and bannerexposure.bannerid  in 
		(
			select cast(element as int) from surveyfiltergroupelements with(nolock) where typeid = 1 and filtergroupid in (727348)
		)
	)
 or 
 exists (
	select 1 from dbo.creativeexposure with (nolock) where  creativeexposure.respondentid = answers374821.id and creativeexposure.surveyid = 374821 and creativeexposure.creativeid  in 
		(
			select element from surveyfiltergroupelements with(nolock) where typeid = 2 and filtergroupid in (727348)
		)
	)
 or 
 exists (
	select 1 from dbo.placementexposure with (nolock) where  placementexposure.respondentid = answers374821.id and placementexposure.surveyid = 374821 and placementexposure.placementid  in 
		(
			select element from surveyfiltergroupelements with(nolock) where typeid = 3 and filtergroupid in (727348)
		)
	)
))",Creative Publisher - Katz Media,0,CORE,FALSE,24968901
642,2025-11-04 14:04:30,373075,Site,25000305,(Q4 = '12594106'),Amazon CTV (AU),0,HISPANIC,FALSE,25000305
173,2025-11-04 14:04:30,374821,Creative,24968918,"((
 exists (
	select 1 from dbo.bannerexposure with (nolock) where  bannerexposure.respondentid = answers374821.id and bannerexposure.surveyid = 374821 and bannerexposure.bannerid  in 
		(
			select cast(element as int) from surveyfiltergroupelements with(nolock) where typeid = 1 and filtergroupid in (727353)
		)
	)
 or 
 exists (
	select 1 from dbo.creativeexposure with (nolock) where  creativeexposure.respondentid = answers374821.id and creativeexposure.surveyid = 374821 and creativeexposure.creativeid  in 
		(
			select element from surveyfiltergroupelements with(nolock) where typeid = 2 and filtergroupid in (727353)
		)
	)
 or 
 exists (
	select 1 from dbo.placementexposure with (nolock) where  placementexposure.respondentid = answers374821.id and placementexposure.surveyid = 374821 and placementexposure.placementid  in 
		(
			select element from surveyfiltergroupelements with(nolock) where typeid = 3 and filtergroupid in (727353)
		)
	)
))","Creative Publisher - Peacock, Tubi, EyeQ",0,CORE,FALSE,24968918
354,2025-11-04 14:04:30,374821,Site All Hits,25033337,(Q4 = '12594080') or (Q2 like '%12594080%'),Amazon CTV  (UK),0,CORE,FALSE,25033337
5,2025-11-04 14:04:30,374821,Site All Hits,22175113,q4 in (select bannerid from adServerBanners where campaignid=79821 and site=13883) or (Q2 like '%12439764%' or Q2 like '%12439766%'),Pandora Auto (US),25,CORE,FALSE,22175113
650,2025-11-04 14:04:30,373075,Site,25000289,q4 in (select bannerid from adServerBanners where campaignid=78558 and site=22778),Amazon Tablet (CA),0,HISPANIC,FALSE,25000289
229,2025-11-04 14:04:30,374821,Creative,24968974,"((
 exists (
	select 1 from dbo.bannerexposure with (nolock) where  bannerexposure.respondentid = answers374821.id and bannerexposure.surveyid = 374821 and bannerexposure.bannerid  in 
		(
			select cast(element as int) from surveyfiltergroupelements with(nolock) where typeid = 1 and filtergroupid in (727384)
		)
	)
 or 
 exists (
	select 1 from dbo.creativeexposure with (nolock) where  creativeexposure.respondentid = answers374821.id and creativeexposure.surveyid = 374821 and creativeexposure.creativeid  in 
		(
			select element from surveyfiltergroupelements with(nolock) where typeid = 2 and filtergroupid in (727384)
		)
	)
 or 
 exists (
	select 1 from dbo.placementexposure with (nolock) where  placementexposure.respondentid = answers374821.id and placementexposure.surveyid = 374821 and placementexposure.placementid  in 
		(
			select element from surveyfiltergroupelements with(nolock) where typeid = 3 and filtergroupid in (727384)
		)
	)
))",Placement Publisher - MSGi – MSG NATIONAL PROPRTS,0,CORE,FALSE,24968974
362,2025-11-04 14:04:30,374821,Site All Hits,25033349,q4 in (select bannerid from adServerBanners where campaignid=79821 and site=24254) or (Q2 like '%12594107%' or Q2 like '%12693135%'),Amazon Mobile (MX),0,CORE,FALSE,25033349
237,2025-11-04 14:04:30,374821,Creative,24968982,"((
 exists (
	select 1 from dbo.bannerexposure with (nolock) where  bannerexposure.respondentid = answers374821.id and bannerexposure.surveyid = 374821 and bannerexposure.bannerid  in 
		(
			select cast(element as int) from surveyfiltergroupelements with(nolock) where typeid = 1 and filtergroupid in (727402)
		)
	)
 or 
 exists (
	select 1 from dbo.creativeexposure with (nolock) where  creativeexposure.respondentid = answers374821.id and creativeexposure.surveyid = 374821 and creativeexposure.creativeid  in 
		(
			select element from surveyfiltergroupelements with(nolock) where typeid = 2 and filtergroupid in (727402)
		)
	)
 or 
 exists (
	select 1 from dbo.placementexposure with (nolock) where  placementexposure.respondentid = answers374821.id and placementexposure.surveyid = 374821 and placementexposure.placementid  in 
		(
			select element from surveyfiltergroupelements with(nolock) where typeid = 3 and filtergroupid in (727402)
		)
	)
))",Placement Publisher - Pandora Mobile (US),83,CORE,FALSE,24968982
245,2025-11-04 14:04:30,374821,Creative,24968990,"((
 exists (
	select 1 from dbo.bannerexposure with (nolock) where  bannerexposure.respondentid = answers374821.id and bannerexposure.surveyid = 374821 and bannerexposure.bannerid  in 
		(
			select cast(element as int) from surveyfiltergroupelements with(nolock) where typeid = 1 and filtergroupid in (727411)
		)
	)
 or 
 exists (
	select 1 from dbo.creativeexposure with (nolock) where  creativeexposure.respondentid = answers374821.id and creativeexposure.surveyid = 374821 and creativeexposure.creativeid  in 
		(
			select element from surveyfiltergroupelements with(nolock) where typeid = 2 and filtergroupid in (727411)
		)
	)
 or 
 exists (
	select 1 from dbo.placementexposure with (nolock) where  placementexposure.respondentid = answers374821.id and placementexposure.surveyid = 374821 and placementexposure.placementid  in 
		(
			select element from surveyfiltergroupelements with(nolock) where typeid = 3 and filtergroupid in (727411)
		)
	)
))",Placement Publisher - RTS.gg,0,CORE,FALSE,24968990
205,2025-11-04 14:04:30,374821,Creative,24968950,"((
 exists (
	select 1 from dbo.bannerexposure with (nolock) where  bannerexposure.respondentid = answers374821.id and bannerexposure.surveyid = 374821 and bannerexposure.bannerid  in 
		(
			select cast(element as int) from surveyfiltergroupelements with(nolock) where typeid = 1 and filtergroupid in (727380)
		)
	)
 or 
 exists (
	select 1 from dbo.creativeexposure with (nolock) where  creativeexposure.respondentid = answers374821.id and creativeexposure.surveyid = 374821 and creativeexposure.creativeid  in 
		(
			select element from surveyfiltergroupelements with(nolock) where typeid = 2 and filtergroupid in (727380)
		)
	)
 or 
 exists (
	select 1 from dbo.placementexposure with (nolock) where  placementexposure.respondentid = answers374821.id and placementexposure.surveyid = 374821 and placementexposure.placementid  in 
		(
			select element from surveyfiltergroupelements with(nolock) where typeid = 3 and filtergroupid in (727380)
		)
	)
))",Placement Publisher - Billboard,193,CORE,FALSE,24968950
213,2025-11-04 14:04:30,374821,Creative,24968958,"((
 exists (
	select 1 from dbo.bannerexposure with (nolock) where  bannerexposure.respondentid = answers374821.id and bannerexposure.surveyid = 374821 and bannerexposure.bannerid  in 
		(
			select cast(element as int) from surveyfiltergroupelements with(nolock) where typeid = 1 and filtergroupid in (727383)
		)
	)
 or 
 exists (
	select 1 from dbo.creativeexposure with (nolock) where  creativeexposure.respondentid = answers374821.id and creativeexposure.surveyid = 374821 and creativeexposure.creativeid  in 
		(
			select element from surveyfiltergroupelements with(nolock) where typeid = 2 and filtergroupid in (727383)
		)
	)
 or 
 exists (
	select 1 from dbo.placementexposure with (nolock) where  placementexposure.respondentid = answers374821.id and placementexposure.surveyid = 374821 and placementexposure.placementid  in 
		(
			select element from surveyfiltergroupelements with(nolock) where typeid = 3 and filtergroupid in (727383)
		)
	)
))",Placement Publisher - ESPN Sports,0,CORE,FALSE,24968958
221,2025-11-04 14:04:30,374821,Creative,24968966,"((
 exists (
	select 1 from dbo.bannerexposure with (nolock) where  bannerexposure.respondentid = answers374821.id and bannerexposure.surveyid = 374821 and bannerexposure.bannerid  in 
		(
			select cast(element as int) from surveyfiltergroupelements with(nolock) where typeid = 1 and filtergroupid in (727293)
		)
	)
 or 
 exists (
	select 1 from dbo.creativeexposure with (nolock) where  creativeexposure.respondentid = answers374821.id and creativeexposure.surveyid = 374821 and creativeexposure.creativeid  in 
		(
			select element from surveyfiltergroupelements with(nolock) where typeid = 2 and filtergroupid in (727293)
		)
	)
 or 
 exists (
	select 1 from dbo.placementexposure with (nolock) where  placementexposure.respondentid = answers374821.id and placementexposure.surveyid = 374821 and placementexposure.placementid  in 
		(
			select element from surveyfiltergroupelements with(nolock) where typeid = 3 and filtergroupid in (727293)
		)
	)
))",Placement Publisher - Katz (US),335,CORE,FALSE,24968966
194,2025-11-04 14:04:30,374821,Creative,24968939,"((
 exists (
	select 1 from dbo.bannerexposure with (nolock) where  bannerexposure.respondentid = answers374821.id and bannerexposure.surveyid = 374821 and bannerexposure.bannerid  in 
		(
			select cast(element as int) from surveyfiltergroupelements with(nolock) where typeid = 1 and filtergroupid in (727436)
		)
	)
 or 
 exists (
	select 1 from dbo.creativeexposure with (nolock) where  creativeexposure.respondentid = answers374821.id and creativeexposure.surveyid = 374821 and creativeexposure.creativeid  in 
		(
			select element from surveyfiltergroupelements with(nolock) where typeid = 2 and filtergroupid in (727436)
		)
	)
 or 
 exists (
	select 1 from dbo.placementexposure with (nolock) where  placementexposure.respondentid = answers374821.id and placementexposure.surveyid = 374821 and placementexposure.placementid  in 
		(
			select element from surveyfiltergroupelements with(nolock) where typeid = 3 and filtergroupid in (727436)
		)
	)
))",Placement Location - Explore,86,CORE,FALSE,24968939
355,2025-11-04 14:04:30,374821,Site All Hits,25033353,(Q4 = '12594108') or (Q2 like '%12594108%'),Amazon CTV (AU),0,CORE,FALSE,25033353
496,2025-11-04 14:04:30,373075,Delivery Category,21583704,"(substring(Q256,3,1)='2')","Personal Care &amp; Beauty (e.g., cosmetics/makeup, bath and body, skincare, feminine care, etc.)",2952,HISPANIC,FALSE,21583704
296,2025-11-04 14:04:30,374821,Creative,24969042,"((
 exists (
	select 1 from dbo.bannerexposure with (nolock) where  bannerexposure.respondentid = answers374821.id and bannerexposure.surveyid = 374821 and bannerexposure.bannerid  in 
		(
			select cast(element as int) from surveyfiltergroupelements with(nolock) where typeid = 1 and filtergroupid in (727224)
		)
	)
 or 
 exists (
	select 1 from dbo.creativeexposure with (nolock) where  creativeexposure.respondentid = answers374821.id and creativeexposure.surveyid = 374821 and creativeexposure.creativeid  in 
		(
			select element from surveyfiltergroupelements with(nolock) where typeid = 2 and filtergroupid in (727224)
		)
	)
 or 
 exists (
	select 1 from dbo.placementexposure with (nolock) where  placementexposure.respondentid = answers374821.id and placementexposure.surveyid = 374821 and placementexposure.placementid  in 
		(
			select element from surveyfiltergroupelements with(nolock) where typeid = 3 and filtergroupid in (727224)
		)
	)
))",Size/Length - 12s,1861,CORE,FALSE,24969042
492,2025-11-04 14:04:30,373075,DashPass Use,21594964,(Q194_1 in (1)),Used in the past but do not use now,1067,HISPANIC,TRUE,21594964
115,2025-11-04 14:04:30,374821,Site All Hits,23339477,((q4 in (select bannerid from adServerBanners where campaignid=79821 and site=28361) or (Q2 like '%12462654%' or Q2 like '%12462655%' or Q2 like '%12462656%' or Q2 like '%12462657%' or Q2 like '%12462658%' or Q2 like '%12462663%' or Q2 like '%12462664%' or Q2 like '%12469316%' or Q2 like '%12590385%')) OR (q4 in (select bannerid from adServerBanners where campaignid=79821 and site=28360) or (Q2 like '%12462659%' or Q2 like '%12462660%' or Q2 like '%12462661%' or Q2 like '%12462662%')) OR (q4 in (select bannerid from adServerBanners where campaignid=79821 and site=28362) or (Q2 like '%12462653%' or Q2 like '%12462665%'))),Meta (Grouped),1865,CORE,FALSE,23339477
300,2025-11-04 14:04:30,374821,Creative,24969046,"((
 exists (
	select 1 from dbo.bannerexposure with (nolock) where  bannerexposure.respondentid = answers374821.id and bannerexposure.surveyid = 374821 and bannerexposure.bannerid  in 
		(
			select cast(element as int) from surveyfiltergroupelements with(nolock) where typeid = 1 and filtergroupid in (727276)
		)
	)
 or 
 exists (
	select 1 from dbo.creativeexposure with (nolock) where  creativeexposure.respondentid = answers374821.id and creativeexposure.surveyid = 374821 and creativeexposure.creativeid  in 
		(
			select element from surveyfiltergroupelements with(nolock) where typeid = 2 and filtergroupid in (727276)
		)
	)
 or 
 exists (
	select 1 from dbo.placementexposure with (nolock) where  placementexposure.respondentid = answers374821.id and placementexposure.surveyid = 374821 and placementexposure.placementid  in 
		(
			select element from surveyfiltergroupelements with(nolock) where typeid = 3 and filtergroupid in (727276)
		)
	)
))",Size/Length - 1x1,656,CORE,FALSE,24969046
536,2025-11-04 14:04:30,373075,Frequency,21361301,(Q3= 3),3,152,HISPANIC,FALSE,21361301
139,2025-11-04 14:04:30,374821,,24968736,(Q211_8 in (0)),ZD - Netflix P7D,12064,CORE,FALSE,24968736
532,2025-11-04 14:04:30,373075,"Frequency (1, 2-3, 4-9, 10-19, 20+)",21361297,(Q3 between 4 and 9),4-9,610,HISPANIC,FALSE,21361297
135,2025-11-04 14:04:30,374821,TV Network,24629946,(Q685>0) OR (Q253=0),CMT Music,6894,CORE,FALSE,24629946
292,2025-11-04 14:04:30,374821,Creative,24969038,"((
 exists (
	select 1 from dbo.bannerexposure with (nolock) where  bannerexposure.respondentid = answers374821.id and bannerexposure.surveyid = 374821 and bannerexposure.bannerid  in 
		(
			select cast(element as int) from surveyfiltergroupelements with(nolock) where typeid = 1 and filtergroupid in (727288)
		)
	)
 or 
 exists (
	select 1 from dbo.creativeexposure with (nolock) where  creativeexposure.respondentid = answers374821.id and creativeexposure.surveyid = 374821 and creativeexposure.creativeid  in 
		(
			select element from surveyfiltergroupelements with(nolock) where typeid = 2 and filtergroupid in (727288)
		)
	)
 or 
 exists (
	select 1 from dbo.placementexposure with (nolock) where  placementexposure.respondentid = answers374821.id and placementexposure.surveyid = 374821 and placementexposure.placementid  in 
		(
			select element from surveyfiltergroupelements with(nolock) where typeid = 3 and filtergroupid in (727288)
		)
	)
))",Size/Length - 1200x1000,0,CORE,FALSE,24969038
59,2025-11-04 14:04:30,374821,Ethnicity,22228339,"(substring(Q239,2,1)='2')",Black/African American,4336,CORE,FALSE,22228339
63,2025-11-04 14:04:30,374821,Ethnicity,22228343,"(substring(Q239,6,1)='2')",Hispanic,2818,CORE,FALSE,22228343
55,2025-11-04 14:04:30,374821,Gender,22228335,(Q238=2),Non-binary or gender fluid,111,CORE,FALSE,22228335
143,2025-11-04 14:04:30,374821,Creative,24968886,"((
 exists (
	select 1 from dbo.bannerexposure with (nolock) where  bannerexposure.respondentid = answers374821.id and bannerexposure.surveyid = 374821 and bannerexposure.bannerid  in 
		(
			select cast(element as int) from surveyfiltergroupelements with(nolock) where typeid = 1 and filtergroupid in (727341)
		)
	)
 or 
 exists (
	select 1 from dbo.creativeexposure with (nolock) where  creativeexposure.respondentid = answers374821.id and creativeexposure.surveyid = 374821 and creativeexposure.creativeid  in 
		(
			select element from surveyfiltergroupelements with(nolock) where typeid = 2 and filtergroupid in (727341)
		)
	)
 or 
 exists (
	select 1 from dbo.placementexposure with (nolock) where  placementexposure.respondentid = answers374821.id and placementexposure.surveyid = 374821 and placementexposure.placementid  in 
		(
			select element from surveyfiltergroupelements with(nolock) where typeid = 3 and filtergroupid in (727341)
		)
	)
))",Creative Publisher - Activision Blizzard,0,CORE,FALSE,24968886
528,2025-11-04 14:04:30,373075,"Frequency (1, 2-3, 4-9, 10-19, 20+)",21361293,(Q3=1),1,378,HISPANIC,FALSE,21361293
51,2025-11-04 14:04:30,374821,Past Brand Recency - Grubhub,22228331,(Q235_5 in (2)),Less than once a week,2527,CORE,FALSE,22228331
427,2025-11-04 14:04:30,373075,Creative,24878457,"(((
 exists (
	select 1 from dbo.bannerexposure with (nolock) where  bannerexposure.respondentid = answers373075.id and bannerexposure.surveyid = 373075 and bannerexposure.bannerid  in 
		(
			select cast(element as int) from surveyfiltergroupelements with(nolock) where typeid = 1 and filtergroupid in (724293)
		)
	)
 or 
 exists (
	select 1 from dbo.creativeexposure with (nolock) where  creativeexposure.respondentid = answers373075.id and creativeexposure.surveyid = 373075 and creativeexposure.creativeid  in 
		(
			select element from surveyfiltergroupelements with(nolock) where typeid = 2 and filtergroupid in (724293)
		)
	)
 or 
 exists (
	select 1 from dbo.placementexposure with (nolock) where  placementexposure.respondentid = answers373075.id and placementexposure.surveyid = 373075 and placementexposure.placementid  in 
		(
			select element from surveyfiltergroupelements with(nolock) where typeid = 3 and filtergroupid in (724293)
		)
	)
)) or ((Q4 in (select value from surveyfilterelements with(nolock) where filterid=24878457 and type='mapctrlbanner'))))",Format - VID,3290,HISPANIC,TRUE,24878457
131,2025-11-04 14:04:30,374821,TV Network,24629942,(Q689>0) OR (Q253=0),Nickelodeon,6894,CORE,FALSE,24629942
123,2025-11-04 14:04:30,374821,Site All Hits,24090264,"q4 in (select bannerid from adServerBanners where campaignid=79821 and site=21410) or ID IN (select id from answers374821 cross apply [SQL#].[String_Split4k](Q2, ',', 2) SplitTable cross apply [SQL#].[String_Split4k](SplitTable.SplitVal, '-', 2) bannerid where bannerid.SplitNum = 1 and bannerid.SplitVal in ( select value from dbo.surveyfilterelements WHERE surveyfilterelements.filterid=24090264 and type='in-clause' and surveyfilterelements.question='Q2' ) )",Katz (US),392,CORE,FALSE,24090264
500,2025-11-04 14:04:30,373075,Delivery Item,21583711,"(substring(Q257,5,1)='2')","Flowers (e.g., bouquets, flowers, potted plants, etc.)",1582,HISPANIC,FALSE,21583711
107,2025-11-04 14:04:30,374821,DashPass Use,22358842,(Q200_1 in (3)),Have not heard of it,2298,CORE,FALSE,22358842
600,2025-11-04 14:04:30,373075,Site All Hits,25000308,(Q4 = '12594675') or (Q2 like '%12594675%'),Amazon CTV (IN),0,HISPANIC,FALSE,25000308
544,2025-11-04 14:04:30,373075,Gender,21583718,(Q267=3),I prefer to self identify,11,HISPANIC,FALSE,21583718
488,2025-11-04 14:04:30,373075,Creative,24878563,"(((
 exists (
	select 1 from dbo.bannerexposure with (nolock) where  bannerexposure.respondentid = answers373075.id and bannerexposure.surveyid = 373075 and bannerexposure.bannerid  in 
		(
			select cast(element as int) from surveyfiltergroupelements with(nolock) where typeid = 1 and filtergroupid in (724326)
		)
	)
 or 
 exists (
	select 1 from dbo.creativeexposure with (nolock) where  creativeexposure.respondentid = answers373075.id and creativeexposure.surveyid = 373075 and creativeexposure.creativeid  in 
		(
			select element from surveyfiltergroupelements with(nolock) where typeid = 2 and filtergroupid in (724326)
		)
	)
 or 
 exists (
	select 1 from dbo.placementexposure with (nolock) where  placementexposure.respondentid = answers373075.id and placementexposure.surveyid = 373075 and placementexposure.placementid  in 
		(
			select element from surveyfiltergroupelements with(nolock) where typeid = 3 and filtergroupid in (724326)
		)
	)
)) or ((Q4 in (select value from surveyfilterelements with(nolock) where filterid=24878563 and type='mapctrlbanner'))))",Theme - Your Door to More,1157,HISPANIC,TRUE,24878563
196,2025-11-04 14:04:30,374821,Creative,24968941,"((
 exists (
	select 1 from dbo.bannerexposure with (nolock) where  bannerexposure.respondentid = answers374821.id and bannerexposure.surveyid = 374821 and bannerexposure.bannerid  in 
		(
			select cast(element as int) from surveyfiltergroupelements with(nolock) where typeid = 1 and filtergroupid in (727432)
		)
	)
 or 
 exists (
	select 1 from dbo.creativeexposure with (nolock) where  creativeexposure.respondentid = answers374821.id and creativeexposure.surveyid = 374821 and creativeexposure.creativeid  in 
		(
			select element from surveyfiltergroupelements with(nolock) where typeid = 2 and filtergroupid in (727432)
		)
	)
 or 
 exists (
	select 1 from dbo.placementexposure with (nolock) where  placementexposure.respondentid = answers374821.id and placementexposure.surveyid = 374821 and placementexposure.placementid  in 
		(
			select element from surveyfiltergroupelements with(nolock) where typeid = 3 and filtergroupid in (727432)
		)
	)
))",Placement Location - Reels,392,CORE,FALSE,24968941
111,2025-11-04 14:04:30,374821,Segment,22433049,(Q188_1 in (0)),First Choice Consideration,5034,CORE,FALSE,22433049
540,2025-11-04 14:04:30,373075,Frequency,21361305,(Q3= 7),7,91,HISPANIC,FALSE,21361305
484,2025-11-04 14:04:30,373075,Creative,24878559,"((
 exists (
	select 1 from dbo.bannerexposure with (nolock) where  bannerexposure.respondentid = answers373075.id and bannerexposure.surveyid = 373075 and bannerexposure.bannerid  in 
		(
			select cast(element as int) from surveyfiltergroupelements with(nolock) where typeid = 1 and filtergroupid in (724339)
		)
	)
 or 
 exists (
	select 1 from dbo.creativeexposure with (nolock) where  creativeexposure.respondentid = answers373075.id and creativeexposure.surveyid = 373075 and creativeexposure.creativeid  in 
		(
			select element from surveyfiltergroupelements with(nolock) where typeid = 2 and filtergroupid in (724339)
		)
	)
 or 
 exists (
	select 1 from dbo.placementexposure with (nolock) where  placementexposure.respondentid = answers373075.id and placementexposure.surveyid = 373075 and placementexposure.placementid  in 
		(
			select element from surveyfiltergroupelements with(nolock) where typeid = 3 and filtergroupid in (724339)
		)
	)
))",Theme - Surveillance NBA,0,HISPANIC,FALSE,24878559
431,2025-11-04 14:04:30,373075,Creative,24878473,"(((
 exists (
	select 1 from dbo.bannerexposure with (nolock) where  bannerexposure.respondentid = answers373075.id and bannerexposure.surveyid = 373075 and bannerexposure.bannerid  in 
		(
			select cast(element as int) from surveyfiltergroupelements with(nolock) where typeid = 1 and filtergroupid in (684293)
		)
	)
 or 
 exists (
	select 1 from dbo.creativeexposure with (nolock) where  creativeexposure.respondentid = answers373075.id and creativeexposure.surveyid = 373075 and creativeexposure.creativeid  in 
		(
			select element from surveyfiltergroupelements with(nolock) where typeid = 2 and filtergroupid in (684293)
		)
	)
 or 
 exists (
	select 1 from dbo.placementexposure with (nolock) where  placementexposure.respondentid = answers373075.id and placementexposure.surveyid = 373075 and placementexposure.placementid  in 
		(
			select element from surveyfiltergroupelements with(nolock) where typeid = 3 and filtergroupid in (684293)
		)
	)
)) or ((Q4 in (select value from surveyfilterelements with(nolock) where filterid=24878473 and type='mapctrlbanner'))))",Patrice Publishers - Spotify,1595,HISPANIC,TRUE,24878473
423,2025-11-04 14:04:30,373075,Creative,24878453,"(((
 exists (
	select 1 from dbo.bannerexposure with (nolock) where  bannerexposure.respondentid = answers373075.id and bannerexposure.surveyid = 373075 and bannerexposure.bannerid  in 
		(
			select cast(element as int) from surveyfiltergroupelements with(nolock) where typeid = 1 and filtergroupid in (724314)
		)
	)
 or 
 exists (
	select 1 from dbo.creativeexposure with (nolock) where  creativeexposure.respondentid = answers373075.id and creativeexposure.surveyid = 373075 and creativeexposure.creativeid  in 
		(
			select element from surveyfiltergroupelements with(nolock) where typeid = 2 and filtergroupid in (724314)
		)
	)
 or 
 exists (
	select 1 from dbo.placementexposure with (nolock) where  placementexposure.respondentid = answers373075.id and placementexposure.surveyid = 373075 and placementexposure.placementid  in 
		(
			select element from surveyfiltergroupelements with(nolock) where typeid = 3 and filtergroupid in (724314)
		)
	)
)) or ((Q4 in (select value from surveyfilterelements with(nolock) where filterid=24878453 and type='mapctrlbanner'))))",Format - AUD,1611,HISPANIC,TRUE,24878453
137,2025-11-04 14:04:30,374821,Site All Hits,24800369,q4 in (select bannerid from adServerBanners where campaignid=79821 and site=29524) or (Q2 like '%12678951%' or Q2 like '%12678952%' or Q2 like '%12678953%' or Q2 like '%12678954%'),Footballco (US),0,CORE,FALSE,24800369
604,2025-11-04 14:04:30,373075,Site All Hits,25000310,(Q4 = '12600804') or (Q2 like '%12600804%'),Amazon Mobile (DE),0,HISPANIC,FALSE,25000310
127,2025-11-04 14:04:30,374821,Site All Hits,24106538,q4 in (select bannerid from adServerBanners where campaignid=79821 and site=29456) or (Q2 like '%12622981%' or Q2 like '%12622982%' or Q2 like '%12622983%' or Q2 like '%12622984%' or Q2 like '%12622985%'),Olyzon.TV (US),378,CORE,FALSE,24106538
494,2025-11-04 14:04:30,373075,Delivery Category,21583705,"(substring(Q256,4,1)='2')","Household Essentials (e.g., paper towels, toilet paper, cleaning supplies, organizers, etc.)",3143,HISPANIC,FALSE,21583705
118,2025-11-04 14:04:30,374821,Site All Hits,23589337,q4 in (select bannerid from adServerBanners where campaignid=79821 and site=27419) or (Q2 like '%12571522%'),Pandora Podcast Select (US),469,CORE,FALSE,23589337
119,2025-11-04 14:04:30,374821,Site All Hits,23589492,q4 in (select bannerid from adServerBanners where campaignid=79821 and site=27304) or (Q2 like '%12571537%' or Q2 like '%12571538%' or Q2 like '%12571539%'),Audioboom Podcast (US),132,CORE,FALSE,23589492
596,2025-11-04 14:04:30,373075,Site All Hits,25000296,(Q4 = '12594076') or (Q2 like '%12594076%'),Amazon CTV  (UK),0,HISPANIC,FALSE,25000296
254,2025-11-04 14:04:30,374821,Creative,24968999,"((
 exists (
	select 1 from dbo.bannerexposure with (nolock) where  bannerexposure.respondentid = answers374821.id and bannerexposure.surveyid = 374821 and bannerexposure.bannerid  in 
		(
			select cast(element as int) from surveyfiltergroupelements with(nolock) where typeid = 1 and filtergroupid in (727417)
		)
	)
 or 
 exists (
	select 1 from dbo.creativeexposure with (nolock) where  creativeexposure.respondentid = answers374821.id and creativeexposure.surveyid = 374821 and creativeexposure.creativeid  in 
		(
			select element from surveyfiltergroupelements with(nolock) where typeid = 2 and filtergroupid in (727417)
		)
	)
 or 
 exists (
	select 1 from dbo.placementexposure with (nolock) where  placementexposure.respondentid = answers374821.id and placementexposure.surveyid = 374821 and placementexposure.placementid  in 
		(
			select element from surveyfiltergroupelements with(nolock) where typeid = 3 and filtergroupid in (727417)
		)
	)
))",Placement Publisher - Trip Advisor,821,CORE,FALSE,24968999
447,2025-11-04 14:04:30,373075,Creative,24878513,"(((
 exists (
	select 1 from dbo.bannerexposure with (nolock) where  bannerexposure.respondentid = answers373075.id and bannerexposure.surveyid = 373075 and bannerexposure.bannerid  in 
		(
			select cast(element as int) from surveyfiltergroupelements with(nolock) where typeid = 1 and filtergroupid in (724374)
		)
	)
 or 
 exists (
	select 1 from dbo.creativeexposure with (nolock) where  creativeexposure.respondentid = answers373075.id and creativeexposure.surveyid = 373075 and creativeexposure.creativeid  in 
		(
			select element from surveyfiltergroupelements with(nolock) where typeid = 2 and filtergroupid in (724374)
		)
	)
 or 
 exists (
	select 1 from dbo.placementexposure with (nolock) where  placementexposure.respondentid = answers373075.id and placementexposure.surveyid = 373075 and placementexposure.placementid  in 
		(
			select element from surveyfiltergroupelements with(nolock) where typeid = 3 and filtergroupid in (724374)
		)
	)
)) or ((Q4 in (select value from surveyfilterelements with(nolock) where filterid=24878513 and type='mapctrlbanner'))))",Placement Targeting Tactic - Behavioral,1460,HISPANIC,TRUE,24878513
592,2025-11-04 14:04:30,373075,Site All Hits,25000314,(Q4 = '12603703') or (Q2 like '%12603703%'),Amazon (NL),0,HISPANIC,FALSE,25000314
584,2025-11-04 14:04:30,373075,Past Brand Usage - Have Tried,21587523,(Q261_2 in (1)),Uber Eats,2996,HISPANIC,FALSE,21587523
595,2025-11-04 14:04:30,373075,Site All Hits,25000302,(Q4 = '12594096') or (Q2 like '%12594096%'),Amazon CTV  (ES),0,HISPANIC,FALSE,25000302
588,2025-11-04 14:04:30,373075,Site All Hits,25000312,(Q4 = '12601498') or (Q2 like '%12601498%'),Amazon (DE),0,HISPANIC,FALSE,25000312
1,2025-11-04 14:04:30,374821,Site All Hits,21967686,"q4 in (select bannerid from adServerBanners where campaignid=79821 and site=18518) or ID IN (select id from answers374821 cross apply [SQL#].[String_Split4k](Q2, ',', 2) SplitTable cross apply [SQL#].[String_Split4k](SplitTable.SplitVal, '-', 2) bannerid where bannerid.SplitNum = 1 and bannerid.SplitVal in ( select value from dbo.surveyfilterelements WHERE surveyfilterelements.filterid=21967686 and type='in-clause' and surveyfilterelements.question='Q2' ) )",Raptive (fka CafeMedia)(US),1861,CORE,FALSE,21967686
580,2025-11-04 14:04:30,373075,Past Brand Usage - Have Tried,21587528,(Q261_4 in (1)),Amazon,3612,HISPANIC,FALSE,21587528
443,2025-11-04 14:04:30,373075,Creative,24878500,"(((
 exists (
	select 1 from dbo.bannerexposure with (nolock) where  bannerexposure.respondentid = answers373075.id and bannerexposure.surveyid = 373075 and bannerexposure.bannerid  in 
		(
			select cast(element as int) from surveyfiltergroupelements with(nolock) where typeid = 1 and filtergroupid in (724369)
		)
	)
 or 
 exists (
	select 1 from dbo.creativeexposure with (nolock) where  creativeexposure.respondentid = answers373075.id and creativeexposure.surveyid = 373075 and creativeexposure.creativeid  in 
		(
			select element from surveyfiltergroupelements with(nolock) where typeid = 2 and filtergroupid in (724369)
		)
	)
 or 
 exists (
	select 1 from dbo.placementexposure with (nolock) where  placementexposure.respondentid = answers373075.id and placementexposure.surveyid = 373075 and placementexposure.placementid  in 
		(
			select element from surveyfiltergroupelements with(nolock) where typeid = 3 and filtergroupid in (724369)
		)
	)
)) or ((Q4 in (select value from surveyfilterelements with(nolock) where filterid=24878500 and type='mapctrlbanner'))))",Placement Targeting Tactic - 2P Contextual,1231,HISPANIC,TRUE,24878500
435,2025-11-04 14:04:30,373075,Creative,24878478,"(((
 exists (
	select 1 from dbo.bannerexposure with (nolock) where  bannerexposure.respondentid = answers373075.id and bannerexposure.surveyid = 373075 and bannerexposure.bannerid  in 
		(
			select cast(element as int) from surveyfiltergroupelements with(nolock) where typeid = 1 and filtergroupid in (724312)
		)
	)
 or 
 exists (
	select 1 from dbo.creativeexposure with (nolock) where  creativeexposure.respondentid = answers373075.id and creativeexposure.surveyid = 373075 and creativeexposure.creativeid  in 
		(
			select element from surveyfiltergroupelements with(nolock) where typeid = 2 and filtergroupid in (724312)
		)
	)
 or 
 exists (
	select 1 from dbo.placementexposure with (nolock) where  placementexposure.respondentid = answers373075.id and placementexposure.surveyid = 373075 and placementexposure.placementid  in 
		(
			select element from surveyfiltergroupelements with(nolock) where typeid = 3 and filtergroupid in (724312)
		)
	)
)) or ((Q4 in (select value from surveyfilterelements with(nolock) where filterid=24878478 and type='mapctrlbanner'))))",Placement Device - CTV,1974,HISPANIC,TRUE,24878478
534,2025-11-04 14:04:30,373075,Frequency,21361299,(Q3>=10),10+,1010,HISPANIC,FALSE,21361299
297,2025-11-04 14:04:30,374821,Creative,24969043,"((
 exists (
	select 1 from dbo.bannerexposure with (nolock) where  bannerexposure.respondentid = answers374821.id and bannerexposure.surveyid = 374821 and bannerexposure.bannerid  in 
		(
			select cast(element as int) from surveyfiltergroupelements with(nolock) where typeid = 1 and filtergroupid in (727230)
		)
	)
 or 
 exists (
	select 1 from dbo.creativeexposure with (nolock) where  creativeexposure.respondentid = answers374821.id and creativeexposure.surveyid = 374821 and creativeexposure.creativeid  in 
		(
			select element from surveyfiltergroupelements with(nolock) where typeid = 2 and filtergroupid in (727230)
		)
	)
 or 
 exists (
	select 1 from dbo.placementexposure with (nolock) where  placementexposure.respondentid = answers374821.id and placementexposure.surveyid = 374821 and placementexposure.placementid  in 
		(
			select element from surveyfiltergroupelements with(nolock) where typeid = 3 and filtergroupid in (727230)
		)
	)
))",Size/Length - 15s,8143,CORE,FALSE,24969043
439,2025-11-04 14:04:30,373075,Creative,24878496,"(((
 exists (
	select 1 from dbo.bannerexposure with (nolock) where  bannerexposure.respondentid = answers373075.id and bannerexposure.surveyid = 373075 and bannerexposure.bannerid  in 
		(
			select cast(element as int) from surveyfiltergroupelements with(nolock) where typeid = 1 and filtergroupid in (724319)
		)
	)
 or 
 exists (
	select 1 from dbo.creativeexposure with (nolock) where  creativeexposure.respondentid = answers373075.id and creativeexposure.surveyid = 373075 and creativeexposure.creativeid  in 
		(
			select element from surveyfiltergroupelements with(nolock) where typeid = 2 and filtergroupid in (724319)
		)
	)
 or 
 exists (
	select 1 from dbo.placementexposure with (nolock) where  placementexposure.respondentid = answers373075.id and placementexposure.surveyid = 373075 and placementexposure.placementid  in 
		(
			select element from surveyfiltergroupelements with(nolock) where typeid = 3 and filtergroupid in (724319)
		)
	)
)) or ((Q4 in (select value from surveyfilterelements with(nolock) where filterid=24878496 and type='mapctrlbanner'))))",Placement Quarter - Q3'25,1628,HISPANIC,TRUE,24878496
520,2025-11-04 14:04:30,373075,"Frequency (1, 2-3, 4+)",21361286,Q3=1,1,378,HISPANIC,FALSE,21361286
497,2025-11-04 14:04:30,373075,Delivery Category,21583702,"(substring(Q256,1,1)='2')","Prepared Restaurant Food (e.g., pizza, Thai food, Mexican food, sushi, etc.)",3541,HISPANIC,FALSE,21583702
43,2025-11-04 14:04:30,374821,Past Brand Recency - Instacart,22228323,(Q235_3 in (2)),Less than once a week,2817,CORE,FALSE,22228323
419,2025-11-04 14:04:30,373075,Creative,24878449,"((
 exists (
	select 1 from dbo.bannerexposure with (nolock) where  bannerexposure.respondentid = answers373075.id and bannerexposure.surveyid = 373075 and bannerexposure.bannerid  in 
		(
			select cast(element as int) from surveyfiltergroupelements with(nolock) where typeid = 1 and filtergroupid in (724350)
		)
	)
 or 
 exists (
	select 1 from dbo.creativeexposure with (nolock) where  creativeexposure.respondentid = answers373075.id and creativeexposure.surveyid = 373075 and creativeexposure.creativeid  in 
		(
			select element from surveyfiltergroupelements with(nolock) where typeid = 2 and filtergroupid in (724350)
		)
	)
 or 
 exists (
	select 1 from dbo.placementexposure with (nolock) where  placementexposure.respondentid = answers373075.id and placementexposure.surveyid = 373075 and placementexposure.placementid  in 
		(
			select element from surveyfiltergroupelements with(nolock) where typeid = 3 and filtergroupid in (724350)
		)
	)
))",Campaign - Resurrection,0,HISPANIC,FALSE,24878449
62,2025-11-04 14:04:30,374821,Ethnicity,22228342,"(substring(Q239,5,1)='2')",Native American,497,CORE,FALSE,22228342
54,2025-11-04 14:04:30,374821,Gender,22228334,(Q238=1),Female,12791,CORE,FALSE,22228334
508,2025-11-04 14:04:30,373075,Employment Status,21583722,(Q268=2),Self-employed,345,HISPANIC,FALSE,21583722
552,2025-11-04 14:04:30,373075,Last Delivery,21583695,(Q255=1),Within the past 1-2 weeks,1212,HISPANIC,FALSE,21583695
132,2025-11-04 14:04:30,374821,TV Network,24629943,(Q688>0) OR (Q253=0),Monumental Sports Network,6893,CORE,FALSE,24629943
548,2025-11-04 14:04:30,373075,Language,21583684,(Q157=0),English /Inglés,4559,HISPANIC,FALSE,21583684
151,2025-11-04 14:04:30,374821,Creative,24968895,"((
 exists (
	select 1 from dbo.bannerexposure with (nolock) where  bannerexposure.respondentid = answers374821.id and bannerexposure.surveyid = 374821 and bannerexposure.bannerid  in 
		(
			select cast(element as int) from surveyfiltergroupelements with(nolock) where typeid = 1 and filtergroupid in (727355)
		)
	)
 or 
 exists (
	select 1 from dbo.creativeexposure with (nolock) where  creativeexposure.respondentid = answers374821.id and creativeexposure.surveyid = 374821 and creativeexposure.creativeid  in 
		(
			select element from surveyfiltergroupelements with(nolock) where typeid = 2 and filtergroupid in (727355)
		)
	)
 or 
 exists (
	select 1 from dbo.placementexposure with (nolock) where  placementexposure.respondentid = answers374821.id and placementexposure.surveyid = 374821 and placementexposure.placementid  in 
		(
			select element from surveyfiltergroupelements with(nolock) where typeid = 3 and filtergroupid in (727355)
		)
	)
))",Creative Publisher - DSE,0,CORE,FALSE,24968895
140,2025-11-04 14:04:30,374821,Site,25033388,q4 in (select bannerid from adServerBanners where campaignid=79821 and site=259),Hearst Corporation (US),0,CORE,FALSE,25033388
57,2025-11-04 14:04:30,374821,Gender,22228337,(Q238=4),Prefer not to answer,73,CORE,FALSE,22228337
476,2025-11-04 14:04:30,373075,Creative,24878551,"((
 exists (
	select 1 from dbo.bannerexposure with (nolock) where  bannerexposure.respondentid = answers373075.id and bannerexposure.surveyid = 373075 and bannerexposure.bannerid  in 
		(
			select cast(element as int) from surveyfiltergroupelements with(nolock) where typeid = 1 and filtergroupid in (724351)
		)
	)
 or 
 exists (
	select 1 from dbo.creativeexposure with (nolock) where  creativeexposure.respondentid = answers373075.id and creativeexposure.surveyid = 373075 and creativeexposure.creativeid  in 
		(
			select element from surveyfiltergroupelements with(nolock) where typeid = 2 and filtergroupid in (724351)
		)
	)
 or 
 exists (
	select 1 from dbo.placementexposure with (nolock) where  placementexposure.respondentid = answers373075.id and placementexposure.surveyid = 373075 and placementexposure.placementid  in 
		(
			select element from surveyfiltergroupelements with(nolock) where typeid = 3 and filtergroupid in (724351)
		)
	)
))",Theme - Pizza Bonanza,0,HISPANIC,FALSE,24878551
637,2025-11-04 14:04:30,373075,Site,25000277,q4 in (select bannerid from adServerBanners where campaignid=78558 and site=26592),Amazon (MX),0,HISPANIC,FALSE,25000277
294,2025-11-04 14:04:30,374821,Creative,24969040,"((
 exists (
	select 1 from dbo.bannerexposure with (nolock) where  bannerexposure.respondentid = answers374821.id and bannerexposure.surveyid = 374821 and bannerexposure.bannerid  in 
		(
			select cast(element as int) from surveyfiltergroupelements with(nolock) where typeid = 1 and filtergroupid in (727241)
		)
	)
 or 
 exists (
	select 1 from dbo.creativeexposure with (nolock) where  creativeexposure.respondentid = answers374821.id and creativeexposure.surveyid = 374821 and creativeexposure.creativeid  in 
		(
			select element from surveyfiltergroupelements with(nolock) where typeid = 2 and filtergroupid in (727241)
		)
	)
 or 
 exists (
	select 1 from dbo.placementexposure with (nolock) where  placementexposure.respondentid = answers374821.id and placementexposure.surveyid = 374821 and placementexposure.placementid  in 
		(
			select element from surveyfiltergroupelements with(nolock) where typeid = 3 and filtergroupid in (727241)
		)
	)
))",Size/Length - 120x45,1625,CORE,FALSE,24969040
542,2025-11-04 14:04:30,373075,Frequency,21361307,(Q3= 9),9,60,HISPANIC,FALSE,21361307
312,2025-11-04 14:04:30,374821,Creative,24969058,"((
 exists (
	select 1 from dbo.bannerexposure with (nolock) where  bannerexposure.respondentid = answers374821.id and bannerexposure.surveyid = 374821 and bannerexposure.bannerid  in 
		(
			select cast(element as int) from surveyfiltergroupelements with(nolock) where typeid = 1 and filtergroupid in (727289)
		)
	)
 or 
 exists (
	select 1 from dbo.creativeexposure with (nolock) where  creativeexposure.respondentid = answers374821.id and creativeexposure.surveyid = 374821 and creativeexposure.creativeid  in 
		(
			select element from surveyfiltergroupelements with(nolock) where typeid = 2 and filtergroupid in (727289)
		)
	)
 or 
 exists (
	select 1 from dbo.placementexposure with (nolock) where  placementexposure.respondentid = answers374821.id and placementexposure.surveyid = 374821 and placementexposure.placementid  in 
		(
			select element from surveyfiltergroupelements with(nolock) where typeid = 3 and filtergroupid in (727289)
		)
	)
))",Size/Length - 640x300,21,CORE,FALSE,24969058
480,2025-11-04 14:04:30,373075,Creative,24878555,"((
 exists (
	select 1 from dbo.bannerexposure with (nolock) where  bannerexposure.respondentid = answers373075.id and bannerexposure.surveyid = 373075 and bannerexposure.bannerid  in 
		(
			select cast(element as int) from surveyfiltergroupelements with(nolock) where typeid = 1 and filtergroupid in (724345)
		)
	)
 or 
 exists (
	select 1 from dbo.creativeexposure with (nolock) where  creativeexposure.respondentid = answers373075.id and creativeexposure.surveyid = 373075 and creativeexposure.creativeid  in 
		(
			select element from surveyfiltergroupelements with(nolock) where typeid = 2 and filtergroupid in (724345)
		)
	)
 or 
 exists (
	select 1 from dbo.placementexposure with (nolock) where  placementexposure.respondentid = answers373075.id and placementexposure.surveyid = 373075 and placementexposure.placementid  in 
		(
			select element from surveyfiltergroupelements with(nolock) where typeid = 3 and filtergroupid in (724345)
		)
	)
))",Theme - Stacking Wins,0,HISPANIC,FALSE,24878555
486,2025-11-04 14:04:30,373075,Creative,24878561,"((
 exists (
	select 1 from dbo.bannerexposure with (nolock) where  bannerexposure.respondentid = answers373075.id and bannerexposure.surveyid = 373075 and bannerexposure.bannerid  in 
		(
			select cast(element as int) from surveyfiltergroupelements with(nolock) where typeid = 1 and filtergroupid in (724353)
		)
	)
 or 
 exists (
	select 1 from dbo.creativeexposure with (nolock) where  creativeexposure.respondentid = answers373075.id and creativeexposure.surveyid = 373075 and creativeexposure.creativeid  in 
		(
			select element from surveyfiltergroupelements with(nolock) where typeid = 2 and filtergroupid in (724353)
		)
	)
 or 
 exists (
	select 1 from dbo.placementexposure with (nolock) where  placementexposure.respondentid = answers373075.id and placementexposure.surveyid = 373075 and placementexposure.placementid  in 
		(
			select element from surveyfiltergroupelements with(nolock) where typeid = 3 and filtergroupid in (724353)
		)
	)
))",Theme - Vacuum Cleaner,0,HISPANIC,FALSE,24878561
526,2025-11-04 14:04:30,373075,"Frequency (1, 2-3, 4-9, 10+)",21361291,Q3 between 2 and 3,2-3,378,HISPANIC,FALSE,21361291
391,2025-11-04 14:04:30,374821,TV Network (All Hits),24637073,"ID IN (
           select distinct id from answers374821 with(nolock)
                cross apply [dbo].[splitstring](ISNULL(Q127, '') , ',') callsign
                where callsign.Value in 
                             (
                             select Value
                             from dbo.surveyfilterelements 
                             WHERE surveyfilterelements.filterid=24637073
                             and type='in-clause' and surveyfilterelements.question='Q127'
                             )
                            )",ABC-7,33,CORE,TRUE,24637073
99,2025-11-04 14:04:30,374821,Age,22236729,(Q166 BETWEEN 35 AND 44),35-44,9347,CORE,FALSE,22236729
65,2025-11-04 14:04:30,374821,Ethnicity,22228345,"(substring(Q239,8,1)='2')",Prefer not to answer,113,CORE,FALSE,22228345
489,2025-11-04 14:04:30,373075,DashPass Use,21594966,(Q194_1 in (3)),Have not heard of it,965,HISPANIC,TRUE,21594966
387,2025-11-04 14:04:30,374821,Site,25033280,q4 in (select bannerid from adServerBanners where campaignid=79821 and site=22778),Amazon Tablet (CA),0,CORE,FALSE,25033280
103,2025-11-04 14:04:30,374821,Site All Hits,22237599,(q4 in (select bannerid from adServerBanners where campaignid=79821 and site=24483) or (Q2 like '%12433378%' or Q2 like '%12433391%' or Q2 like '%12433429%' or Q2 like '%12433465%' or Q2 like '%12443236%')),YouTube,808,CORE,FALSE,22237599
587,2025-11-04 14:04:30,373075,Site All Hits,25000286,q4 in (select bannerid from adServerBanners where campaignid=78558 and site=5068) or (Q2 like '%12504876%' or Q2 like '%12593932%' or Q2 like '%12594064%' or Q2 like '%12687812%' or Q2 like '%12689948%'),Amazon (CA),0,HISPANIC,FALSE,25000286
110,2025-11-04 14:04:30,374821,Site All Hits,22379511,q4 in (select bannerid from adServerBanners where campaignid=79821 and site=28360) or (Q2 like '%12462659%' or Q2 like '%12462660%' or Q2 like '%12462661%' or Q2 like '%12462662%'),Instagram Consented  (Meta DI) (US),720,CORE,FALSE,22379511
256,2025-11-04 14:04:30,374821,Creative,24969001,"((
 exists (
	select 1 from dbo.bannerexposure with (nolock) where  bannerexposure.respondentid = answers374821.id and bannerexposure.surveyid = 374821 and bannerexposure.bannerid  in 
		(
			select cast(element as int) from surveyfiltergroupelements with(nolock) where typeid = 1 and filtergroupid in (727394)
		)
	)
 or 
 exists (
	select 1 from dbo.creativeexposure with (nolock) where  creativeexposure.respondentid = answers374821.id and creativeexposure.surveyid = 374821 and creativeexposure.creativeid  in 
		(
			select element from surveyfiltergroupelements with(nolock) where typeid = 2 and filtergroupid in (727394)
		)
	)
 or 
 exists (
	select 1 from dbo.placementexposure with (nolock) where  placementexposure.respondentid = answers374821.id and placementexposure.surveyid = 374821 and placementexposure.placementid  in 
		(
			select element from surveyfiltergroupelements with(nolock) where typeid = 3 and filtergroupid in (727394)
		)
	)
))",Placement Publisher - TubiTV,3892,CORE,FALSE,24969001
308,2025-11-04 14:04:30,374821,Creative,24969054,"((
 exists (
	select 1 from dbo.bannerexposure with (nolock) where  bannerexposure.respondentid = answers374821.id and bannerexposure.surveyid = 374821 and bannerexposure.bannerid  in 
		(
			select cast(element as int) from surveyfiltergroupelements with(nolock) where typeid = 1 and filtergroupid in (727250)
		)
	)
 or 
 exists (
	select 1 from dbo.creativeexposure with (nolock) where  creativeexposure.respondentid = answers374821.id and creativeexposure.surveyid = 374821 and creativeexposure.creativeid  in 
		(
			select element from surveyfiltergroupelements with(nolock) where typeid = 2 and filtergroupid in (727250)
		)
	)
 or 
 exists (
	select 1 from dbo.placementexposure with (nolock) where  placementexposure.respondentid = answers374821.id and placementexposure.surveyid = 374821 and placementexposure.placementid  in 
		(
			select element from surveyfiltergroupelements with(nolock) where typeid = 3 and filtergroupid in (727250)
		)
	)
))",Size/Length - 60s,4892,CORE,FALSE,24969054
502,2025-11-04 14:04:30,373075,Delivery Item,21583710,"(substring(Q257,4,1)='2')","Health &amp; Medicine (e.g., cold &amp; cough, first aid, nutritional supplements, home tests, family planning, etc.)",2754,HISPANIC,FALSE,21583710
47,2025-11-04 14:04:30,374821,Past Brand Recency - Amazon,22228327,(Q235_4 in (2)),Less than once a week,4166,CORE,FALSE,22228327
531,2025-11-04 14:04:30,373075,"Frequency (1, 2-3, 4-9, 10-19, 20+)",21361295,(Q3 between 2 and 3),2-3,378,HISPANIC,FALSE,21361295
39,2025-11-04 14:04:30,374821,Past Brand Recency - Uber Eats,22228319,(Q235_2 in (2)),Less than once a week,3168,CORE,FALSE,22228319
603,2025-11-04 14:04:30,373075,Site All Hits,25000284,q4 in (select bannerid from adServerBanners where campaignid=78558 and site=19514) or (Q2 like '%12504833%' or Q2 like '%12593747%' or Q2 like '%12593933%' or Q2 like '%12687813%' or Q2 like '%12687887%'),Amazon Mobile (CA),0,HISPANIC,FALSE,25000284
516,2025-11-04 14:04:30,373075,Ethnicity,21583690,"(substring(Q180,5,1)='2')",Native American,175,HISPANIC,FALSE,21583690
524,2025-11-04 14:04:30,373075,"Frequency (1, 2-3, 4-9, 10+)",21361289,Q3=1,1,378,HISPANIC,FALSE,21361289
590,2025-11-04 14:04:30,373075,Site All Hits,25000288,q4 in (select bannerid from adServerBanners where campaignid=78558 and site=24862) or (Q2 like '%12509023%' or Q2 like '%12594065%' or Q2 like '%12594077%' or Q2 like '%12688200%' or Q2 like '%12689330%'),Amazon (JP),0,HISPANIC,FALSE,25000288
385,2025-11-04 14:04:30,374821,Site,25033357,(Q4 = '12600805'),Amazon Mobile (DE),0,CORE,FALSE,25033357
147,2025-11-04 14:04:30,374821,Creative,24968890,"((
 exists (
	select 1 from dbo.bannerexposure with (nolock) where  bannerexposure.respondentid = answers374821.id and bannerexposure.surveyid = 374821 and bannerexposure.bannerid  in 
		(
			select cast(element as int) from surveyfiltergroupelements with(nolock) where typeid = 1 and filtergroupid in (727304)
		)
	)
 or 
 exists (
	select 1 from dbo.creativeexposure with (nolock) where  creativeexposure.respondentid = answers374821.id and creativeexposure.surveyid = 374821 and creativeexposure.creativeid  in 
		(
			select element from surveyfiltergroupelements with(nolock) where typeid = 2 and filtergroupid in (727304)
		)
	)
 or 
 exists (
	select 1 from dbo.placementexposure with (nolock) where  placementexposure.respondentid = answers374821.id and placementexposure.surveyid = 374821 and placementexposure.placementid  in 
		(
			select element from surveyfiltergroupelements with(nolock) where typeid = 3 and filtergroupid in (727304)
		)
	)
))",Creative Publisher - Bleacher Report,0,CORE,FALSE,24968890
75,2025-11-04 14:04:30,374821,Activity,22228355,"(substring(Q241,6,1)='2')",Watched NFL,7781,CORE,FALSE,22228355
598,2025-11-04 14:04:30,373075,Site All Hits,25000282,q4 in (select bannerid from adServerBanners where campaignid=78558 and site=22777) or (Q2 like '%12493788%' or Q2 like '%12593750%' or Q2 like '%12593782%' or Q2 like '%12687814%' or Q2 like '%12687888%'),Amazon CTV (CA),0,HISPANIC,FALSE,25000282
504,2025-11-04 14:04:30,373075,Delivery Item,21583709,"(substring(Q257,3,1)='2')","Packaged Food &amp; Non-Alcoholic Beverages (e.g., chips, candy, soda, water, etc.)",3345,HISPANIC,FALSE,21583709
155,2025-11-04 14:04:30,374821,Creative,24968899,"((
 exists (
	select 1 from dbo.bannerexposure with (nolock) where  bannerexposure.respondentid = answers374821.id and bannerexposure.surveyid = 374821 and bannerexposure.bannerid  in 
		(
			select cast(element as int) from surveyfiltergroupelements with(nolock) where typeid = 1 and filtergroupid in (727352)
		)
	)
 or 
 exists (
	select 1 from dbo.creativeexposure with (nolock) where  creativeexposure.respondentid = answers374821.id and creativeexposure.surveyid = 374821 and creativeexposure.creativeid  in 
		(
			select element from surveyfiltergroupelements with(nolock) where typeid = 2 and filtergroupid in (727352)
		)
	)
 or 
 exists (
	select 1 from dbo.placementexposure with (nolock) where  placementexposure.respondentid = answers374821.id and placementexposure.surveyid = 374821 and placementexposure.placementid  in 
		(
			select element from surveyfiltergroupelements with(nolock) where typeid = 3 and filtergroupid in (727352)
		)
	)
))",Creative Publisher - GoodKarmaBrands,0,CORE,FALSE,24968899
446,2025-11-04 14:04:30,373075,Creative,24878512,"(((
 exists (
	select 1 from dbo.bannerexposure with (nolock) where  bannerexposure.respondentid = answers373075.id and bannerexposure.surveyid = 373075 and bannerexposure.bannerid  in 
		(
			select cast(element as int) from surveyfiltergroupelements with(nolock) where typeid = 1 and filtergroupid in (724316)
		)
	)
 or 
 exists (
	select 1 from dbo.creativeexposure with (nolock) where  creativeexposure.respondentid = answers373075.id and creativeexposure.surveyid = 373075 and creativeexposure.creativeid  in 
		(
			select element from surveyfiltergroupelements with(nolock) where typeid = 2 and filtergroupid in (724316)
		)
	)
 or 
 exists (
	select 1 from dbo.placementexposure with (nolock) where  placementexposure.respondentid = answers373075.id and placementexposure.surveyid = 373075 and placementexposure.placementid  in 
		(
			select element from surveyfiltergroupelements with(nolock) where typeid = 3 and filtergroupid in (724316)
		)
	)
)) or ((Q4 in (select value from surveyfilterelements with(nolock) where filterid=24878512 and type='mapctrlbanner'))))",Placement Targeting Tactic - 3P Demo,1988,HISPANIC,TRUE,24878512
539,2025-11-04 14:04:30,373075,Frequency,21361304,(Q3= 6),6,106,HISPANIC,FALSE,21361304
284,2025-11-04 14:04:30,374821,Creative,24969029,"((
 exists (
	select 1 from dbo.bannerexposure with (nolock) where  bannerexposure.respondentid = answers374821.id and bannerexposure.surveyid = 374821 and bannerexposure.bannerid  in 
		(
			select cast(element as int) from surveyfiltergroupelements with(nolock) where typeid = 1 and filtergroupid in (727415)
		)
	)
 or 
 exists (
	select 1 from dbo.creativeexposure with (nolock) where  creativeexposure.respondentid = answers374821.id and creativeexposure.surveyid = 374821 and creativeexposure.creativeid  in 
		(
			select element from surveyfiltergroupelements with(nolock) where typeid = 2 and filtergroupid in (727415)
		)
	)
 or 
 exists (
	select 1 from dbo.placementexposure with (nolock) where  placementexposure.respondentid = answers374821.id and placementexposure.surveyid = 374821 and placementexposure.placementid  in 
		(
			select element from surveyfiltergroupelements with(nolock) where typeid = 3 and filtergroupid in (727415)
		)
	)
))",Placement Targeting Tactic - YT Demo,128,CORE,FALSE,24969029
280,2025-11-04 14:04:30,374821,Creative,24969025,"((
 exists (
	select 1 from dbo.bannerexposure with (nolock) where  bannerexposure.respondentid = answers374821.id and bannerexposure.surveyid = 374821 and bannerexposure.bannerid  in 
		(
			select cast(element as int) from surveyfiltergroupelements with(nolock) where typeid = 1 and filtergroupid in (727236)
		)
	)
 or 
 exists (
	select 1 from dbo.creativeexposure with (nolock) where  creativeexposure.respondentid = answers374821.id and creativeexposure.surveyid = 374821 and creativeexposure.creativeid  in 
		(
			select element from surveyfiltergroupelements with(nolock) where typeid = 2 and filtergroupid in (727236)
		)
	)
 or 
 exists (
	select 1 from dbo.placementexposure with (nolock) where  placementexposure.respondentid = answers374821.id and placementexposure.surveyid = 374821 and placementexposure.placementid  in 
		(
			select element from surveyfiltergroupelements with(nolock) where typeid = 3 and filtergroupid in (727236)
		)
	)
))",Placement Targeting Tactic - LAL,2597,CORE,FALSE,24969025
606,2025-11-04 14:04:30,373075,Site All Hits,22512545,q4 in (select bannerid from adServerBanners where campaignid=78558 and site=3141) or (Q2 like '%12504325%' or Q2 like '%12593745%' or Q2 like '%12593778%' or Q2 like '%12673997%'),Amazon Mobile (US),56,HISPANIC,FALSE,22512545
113,2025-11-04 14:04:30,374821,Site All Hits,22492564,q4 in (select bannerid from adServerBanners where campaignid=79821 and site=11582) or (Q2 like '%12491169%' or Q2 like '%12491170%' or Q2 like '%12491171%' or Q2 like '%12491172%' or Q2 like '%12491173%' or Q2 like '%12491174%' or Q2 like '%12665021%' or Q2 like '%12665022%'),CBS (US),817,CORE,FALSE,22492564
276,2025-11-04 14:04:30,374821,Creative,24969021,"((
 exists (
	select 1 from dbo.bannerexposure with (nolock) where  bannerexposure.respondentid = answers374821.id and bannerexposure.surveyid = 374821 and bannerexposure.bannerid  in 
		(
			select cast(element as int) from surveyfiltergroupelements with(nolock) where typeid = 1 and filtergroupid in (727367)
		)
	)
 or 
 exists (
	select 1 from dbo.creativeexposure with (nolock) where  creativeexposure.respondentid = answers374821.id and creativeexposure.surveyid = 374821 and creativeexposure.creativeid  in 
		(
			select element from surveyfiltergroupelements with(nolock) where typeid = 2 and filtergroupid in (727367)
		)
	)
 or 
 exists (
	select 1 from dbo.placementexposure with (nolock) where  placementexposure.respondentid = answers374821.id and placementexposure.surveyid = 374821 and placementexposure.placementid  in 
		(
			select element from surveyfiltergroupelements with(nolock) where typeid = 3 and filtergroupid in (727367)
		)
	)
))",Placement Targeting Tactic - Custom Audience,367,CORE,FALSE,24969021
71,2025-11-04 14:04:30,374821,Activity,22228351,"(substring(Q241,2,1)='2')","Streamed video games, watch eSports, or watch others play video games online (e.g. on Twitch, YouTube)",8958,CORE,FALSE,22228351
547,2025-11-04 14:04:30,373075,Gender,21583719,(Q267=4),Prefer not to answer,14,HISPANIC,FALSE,21583719
433,2025-11-04 14:04:30,373075,Creative,24878476,"(((
 exists (
	select 1 from dbo.bannerexposure with (nolock) where  bannerexposure.respondentid = answers373075.id and bannerexposure.surveyid = 373075 and bannerexposure.bannerid  in 
		(
			select cast(element as int) from surveyfiltergroupelements with(nolock) where typeid = 1 and filtergroupid in (684261)
		)
	)
 or 
 exists (
	select 1 from dbo.creativeexposure with (nolock) where  creativeexposure.respondentid = answers373075.id and creativeexposure.surveyid = 373075 and creativeexposure.creativeid  in 
		(
			select element from surveyfiltergroupelements with(nolock) where typeid = 2 and filtergroupid in (684261)
		)
	)
 or 
 exists (
	select 1 from dbo.placementexposure with (nolock) where  placementexposure.respondentid = answers373075.id and placementexposure.surveyid = 373075 and placementexposure.placementid  in 
		(
			select element from surveyfiltergroupelements with(nolock) where typeid = 3 and filtergroupid in (684261)
		)
	)
)) or ((Q4 in (select value from surveyfilterelements with(nolock) where filterid=24878476 and type='mapctrlbanner'))))",Patrice Size/Length - 30s,2585,HISPANIC,TRUE,24878476
304,2025-11-04 14:04:30,374821,Creative,24969050,"((
 exists (
	select 1 from dbo.bannerexposure with (nolock) where  bannerexposure.respondentid = answers374821.id and bannerexposure.surveyid = 374821 and bannerexposure.bannerid  in 
		(
			select cast(element as int) from surveyfiltergroupelements with(nolock) where typeid = 1 and filtergroupid in (727220)
		)
	)
 or 
 exists (
	select 1 from dbo.creativeexposure with (nolock) where  creativeexposure.respondentid = answers374821.id and creativeexposure.surveyid = 374821 and creativeexposure.creativeid  in 
		(
			select element from surveyfiltergroupelements with(nolock) where typeid = 2 and filtergroupid in (727220)
		)
	)
 or 
 exists (
	select 1 from dbo.placementexposure with (nolock) where  placementexposure.respondentid = answers374821.id and placementexposure.surveyid = 374821 and placementexposure.placementid  in 
		(
			select element from surveyfiltergroupelements with(nolock) where typeid = 3 and filtergroupid in (727220)
		)
	)
))",Size/Length - 30s,8408,CORE,FALSE,24969050
67,2025-11-04 14:04:30,374821,Children in HH,22228347,"(substring(Q240,2,1)='2')","Yes, age 7-12",8283,CORE,FALSE,22228347
121,2025-11-04 14:04:30,374821,Site All Hits,23873077,q4 in (select bannerid from adServerBanners where campaignid=79821 and site=29142) or (Q2 like '%12602026%' or Q2 like '%12606098%' or Q2 like '%12606099%' or Q2 like '%12612627%' or Q2 like '%12612629%' or Q2 like '%12612631%' or Q2 like '%12690763%' or Q2 like '%12690764%' or Q2 like '%12690765%'),Netflix DI (US),990,CORE,FALSE,23873077
422,2025-11-04 14:04:30,373075,Creative,24878452,"(((
 exists (
	select 1 from dbo.bannerexposure with (nolock) where  bannerexposure.respondentid = answers373075.id and bannerexposure.surveyid = 373075 and bannerexposure.bannerid  in 
		(
			select cast(element as int) from surveyfiltergroupelements with(nolock) where typeid = 1 and filtergroupid in (724367)
		)
	)
 or 
 exists (
	select 1 from dbo.creativeexposure with (nolock) where  creativeexposure.respondentid = answers373075.id and creativeexposure.surveyid = 373075 and creativeexposure.creativeid  in 
		(
			select element from surveyfiltergroupelements with(nolock) where typeid = 2 and filtergroupid in (724367)
		)
	)
 or 
 exists (
	select 1 from dbo.placementexposure with (nolock) where  placementexposure.respondentid = answers373075.id and placementexposure.surveyid = 373075 and placementexposure.placementid  in 
		(
			select element from surveyfiltergroupelements with(nolock) where typeid = 3 and filtergroupid in (724367)
		)
	)
)) or ((Q4 in (select value from surveyfilterelements with(nolock) where filterid=24878452 and type='mapctrlbanner'))))",Creative Quarter - Q3'25,1567,HISPANIC,TRUE,24878452
159,2025-11-04 14:04:30,374821,Creative,24968903,"((
 exists (
	select 1 from dbo.bannerexposure with (nolock) where  bannerexposure.respondentid = answers374821.id and bannerexposure.surveyid = 374821 and bannerexposure.bannerid  in 
		(
			select cast(element as int) from surveyfiltergroupelements with(nolock) where typeid = 1 and filtergroupid in (727324)
		)
	)
 or 
 exists (
	select 1 from dbo.creativeexposure with (nolock) where  creativeexposure.respondentid = answers374821.id and creativeexposure.surveyid = 374821 and creativeexposure.creativeid  in 
		(
			select element from surveyfiltergroupelements with(nolock) where typeid = 2 and filtergroupid in (727324)
		)
	)
 or 
 exists (
	select 1 from dbo.placementexposure with (nolock) where  placementexposure.respondentid = answers374821.id and placementexposure.surveyid = 374821 and placementexposure.placementid  in 
		(
			select element from surveyfiltergroupelements with(nolock) where typeid = 3 and filtergroupid in (727324)
		)
	)
))",Creative Publisher - Media IQ Digital,1801,CORE,FALSE,24968903
582,2025-11-04 14:04:30,373075,Past Brand Usage - Have Tried,21587530,(Q261_5 in (1)),Grubhub,1979,HISPANIC,FALSE,21587530
126,2025-11-04 14:04:30,374821,Site All Hits,24098277,q4 in (select bannerid from adServerBanners where campaignid=79821 and site=19645) or (Q2 like '%12622563%'),SitePlaceholder,0,CORE,FALSE,24098277
35,2025-11-04 14:04:30,374821,Past Brand Recency - DoorDash,22228315,(Q235_1 in (2)),Less than once a week,3403,CORE,FALSE,22228315
438,2025-11-04 14:04:30,373075,Creative,24878486,"((
 exists (
	select 1 from dbo.bannerexposure with (nolock) where  bannerexposure.respondentid = answers373075.id and bannerexposure.surveyid = 373075 and bannerexposure.bannerid  in 
		(
			select cast(element as int) from surveyfiltergroupelements with(nolock) where typeid = 1 and filtergroupid in (724315)
		)
	)
 or 
 exists (
	select 1 from dbo.creativeexposure with (nolock) where  creativeexposure.respondentid = answers373075.id and creativeexposure.surveyid = 373075 and creativeexposure.creativeid  in 
		(
			select element from surveyfiltergroupelements with(nolock) where typeid = 2 and filtergroupid in (724315)
		)
	)
 or 
 exists (
	select 1 from dbo.placementexposure with (nolock) where  placementexposure.respondentid = answers373075.id and placementexposure.surveyid = 373075 and placementexposure.placementid  in 
		(
			select element from surveyfiltergroupelements with(nolock) where typeid = 3 and filtergroupid in (724315)
		)
	)
))",Placement Device - TAB,0,HISPANIC,FALSE,24878486
288,2025-11-04 14:04:30,374821,Creative,25026423,"((
 exists (
	select 1 from dbo.bannerexposure with (nolock) where  bannerexposure.respondentid = answers374821.id and bannerexposure.surveyid = 374821 and bannerexposure.bannerid  in 
		(
			select cast(element as int) from surveyfiltergroupelements with(nolock) where typeid = 1 and filtergroupid in (727370)
		)
	)
 or 
 exists (
	select 1 from dbo.creativeexposure with (nolock) where  creativeexposure.respondentid = answers374821.id and creativeexposure.surveyid = 374821 and creativeexposure.creativeid  in 
		(
			select element from surveyfiltergroupelements with(nolock) where typeid = 2 and filtergroupid in (727370)
		)
	)
 or 
 exists (
	select 1 from dbo.placementexposure with (nolock) where  placementexposure.respondentid = answers374821.id and placementexposure.surveyid = 374821 and placementexposure.placementid  in 
		(
			select element from surveyfiltergroupelements with(nolock) where typeid = 3 and filtergroupid in (727370)
		)
	)
))",Size/Length - :15 - :30s,175,CORE,FALSE,25026423
425,2025-11-04 14:04:30,373075,Creative,24878455,"(((
 exists (
	select 1 from dbo.bannerexposure with (nolock) where  bannerexposure.respondentid = answers373075.id and bannerexposure.surveyid = 373075 and bannerexposure.bannerid  in 
		(
			select cast(element as int) from surveyfiltergroupelements with(nolock) where typeid = 1 and filtergroupid in (724318)
		)
	)
 or 
 exists (
	select 1 from dbo.creativeexposure with (nolock) where  creativeexposure.respondentid = answers373075.id and creativeexposure.surveyid = 373075 and creativeexposure.creativeid  in 
		(
			select element from surveyfiltergroupelements with(nolock) where typeid = 2 and filtergroupid in (724318)
		)
	)
 or 
 exists (
	select 1 from dbo.placementexposure with (nolock) where  placementexposure.respondentid = answers373075.id and placementexposure.surveyid = 373075 and placementexposure.placementid  in 
		(
			select element from surveyfiltergroupelements with(nolock) where typeid = 3 and filtergroupid in (724318)
		)
	)
)) or ((Q4 in (select value from surveyfilterelements with(nolock) where filterid=24878455 and type='mapctrlbanner'))))",Format - Pause Ad,1124,HISPANIC,TRUE,24878455
550,2025-11-04 14:04:30,373075,Last Delivery,21583701,(Q255=7),I have not used an on-demand delivery app/website,396,HISPANIC,FALSE,21583701
320,2025-11-04 14:04:30,374821,Creative,24969066,"((
 exists (
	select 1 from dbo.bannerexposure with (nolock) where  bannerexposure.respondentid = answers374821.id and bannerexposure.surveyid = 374821 and bannerexposure.bannerid  in 
		(
			select cast(element as int) from surveyfiltergroupelements with(nolock) where typeid = 1 and filtergroupid in (727285)
		)
	)
 or 
 exists (
	select 1 from dbo.creativeexposure with (nolock) where  creativeexposure.respondentid = answers374821.id and creativeexposure.surveyid = 374821 and creativeexposure.creativeid  in 
		(
			select element from surveyfiltergroupelements with(nolock) where typeid = 2 and filtergroupid in (727285)
		)
	)
 or 
 exists (
	select 1 from dbo.placementexposure with (nolock) where  placementexposure.respondentid = answers374821.id and placementexposure.surveyid = 374821 and placementexposure.placementid  in 
		(
			select element from surveyfiltergroupelements with(nolock) where typeid = 3 and filtergroupid in (727285)
		)
	)
))",Size/Length - Pause Ad,348,CORE,FALSE,24969066
255,2025-11-04 14:04:30,374821,Creative,24969000,"((
 exists (
	select 1 from dbo.bannerexposure with (nolock) where  bannerexposure.respondentid = answers374821.id and bannerexposure.surveyid = 374821 and bannerexposure.bannerid  in 
		(
			select cast(element as int) from surveyfiltergroupelements with(nolock) where typeid = 1 and filtergroupid in (727427)
		)
	)
 or 
 exists (
	select 1 from dbo.creativeexposure with (nolock) where  creativeexposure.respondentid = answers374821.id and creativeexposure.surveyid = 374821 and creativeexposure.creativeid  in 
		(
			select element from surveyfiltergroupelements with(nolock) where typeid = 2 and filtergroupid in (727427)
		)
	)
 or 
 exists (
	select 1 from dbo.placementexposure with (nolock) where  placementexposure.respondentid = answers374821.id and placementexposure.surveyid = 374821 and placementexposure.placementid  in 
		(
			select element from surveyfiltergroupelements with(nolock) where typeid = 3 and filtergroupid in (727427)
		)
	)
))",Placement Publisher - Tubi,0,CORE,FALSE,24969000
441,2025-11-04 14:04:30,373075,Creative,24878498,"(((
 exists (
	select 1 from dbo.bannerexposure with (nolock) where  bannerexposure.respondentid = answers373075.id and bannerexposure.surveyid = 373075 and bannerexposure.bannerid  in 
		(
			select cast(element as int) from surveyfiltergroupelements with(nolock) where typeid = 1 and filtergroupid in (724370)
		)
	)
 or 
 exists (
	select 1 from dbo.creativeexposure with (nolock) where  creativeexposure.respondentid = answers373075.id and creativeexposure.surveyid = 373075 and creativeexposure.creativeid  in 
		(
			select element from surveyfiltergroupelements with(nolock) where typeid = 2 and filtergroupid in (724370)
		)
	)
 or 
 exists (
	select 1 from dbo.placementexposure with (nolock) where  placementexposure.respondentid = answers373075.id and placementexposure.surveyid = 373075 and placementexposure.placementid  in 
		(
			select element from surveyfiltergroupelements with(nolock) where typeid = 3 and filtergroupid in (724370)
		)
	)
)) or ((Q4 in (select value from surveyfilterelements with(nolock) where filterid=24878498 and type='mapctrlbanner'))))",Placement Targeting Tactic - 1P CRM,1092,HISPANIC,TRUE,24878498
316,2025-11-04 14:04:30,374821,Creative,24969062,"((
 exists (
	select 1 from dbo.bannerexposure with (nolock) where  bannerexposure.respondentid = answers374821.id and bannerexposure.surveyid = 374821 and bannerexposure.bannerid  in 
		(
			select cast(element as int) from surveyfiltergroupelements with(nolock) where typeid = 1 and filtergroupid in (727247)
		)
	)
 or 
 exists (
	select 1 from dbo.creativeexposure with (nolock) where  creativeexposure.respondentid = answers374821.id and creativeexposure.surveyid = 374821 and creativeexposure.creativeid  in 
		(
			select element from surveyfiltergroupelements with(nolock) where typeid = 2 and filtergroupid in (727247)
		)
	)
 or 
 exists (
	select 1 from dbo.placementexposure with (nolock) where  placementexposure.respondentid = answers374821.id and placementexposure.surveyid = 374821 and placementexposure.placementid  in 
		(
			select element from surveyfiltergroupelements with(nolock) where typeid = 3 and filtergroupid in (727247)
		)
	)
))",Size/Length - 800x435,52,CORE,FALSE,24969062
241,2025-11-04 14:04:30,374821,Creative,24968986,"((
 exists (
	select 1 from dbo.bannerexposure with (nolock) where  bannerexposure.respondentid = answers374821.id and bannerexposure.surveyid = 374821 and bannerexposure.bannerid  in 
		(
			select cast(element as int) from surveyfiltergroupelements with(nolock) where typeid = 1 and filtergroupid in (727386)
		)
	)
 or 
 exists (
	select 1 from dbo.creativeexposure with (nolock) where  creativeexposure.respondentid = answers374821.id and creativeexposure.surveyid = 374821 and creativeexposure.creativeid  in 
		(
			select element from surveyfiltergroupelements with(nolock) where typeid = 2 and filtergroupid in (727386)
		)
	)
 or 
 exists (
	select 1 from dbo.placementexposure with (nolock) where  placementexposure.respondentid = answers374821.id and placementexposure.surveyid = 374821 and placementexposure.placementid  in 
		(
			select element from surveyfiltergroupelements with(nolock) where typeid = 3 and filtergroupid in (727386)
		)
	)
))",Placement Publisher - Raptive,1673,CORE,FALSE,24968986
430,2025-11-04 14:04:30,373075,Creative,24878472,"(((
 exists (
	select 1 from dbo.bannerexposure with (nolock) where  bannerexposure.respondentid = answers373075.id and bannerexposure.surveyid = 373075 and bannerexposure.bannerid  in 
		(
			select cast(element as int) from surveyfiltergroupelements with(nolock) where typeid = 1 and filtergroupid in (724320)
		)
	)
 or 
 exists (
	select 1 from dbo.creativeexposure with (nolock) where  creativeexposure.respondentid = answers373075.id and creativeexposure.surveyid = 373075 and creativeexposure.creativeid  in 
		(
			select element from surveyfiltergroupelements with(nolock) where typeid = 2 and filtergroupid in (724320)
		)
	)
 or 
 exists (
	select 1 from dbo.placementexposure with (nolock) where  placementexposure.respondentid = answers373075.id and placementexposure.surveyid = 373075 and placementexposure.placementid  in 
		(
			select element from surveyfiltergroupelements with(nolock) where typeid = 3 and filtergroupid in (724320)
		)
	)
)) or ((Q4 in (select value from surveyfilterelements with(nolock) where filterid=24878472 and type='mapctrlbanner'))))",OTT Type - Static,1124,HISPANIC,TRUE,24878472
640,2025-11-04 14:04:30,373075,Site,25000301,(Q4 = '12594096'),Amazon CTV  (ES),0,HISPANIC,FALSE,25000301
342,2025-11-04 14:04:30,374821,Creative,24969088,"((
 exists (
	select 1 from dbo.bannerexposure with (nolock) where  bannerexposure.respondentid = answers374821.id and bannerexposure.surveyid = 374821 and bannerexposure.bannerid  in 
		(
			select cast(element as int) from surveyfiltergroupelements with(nolock) where typeid = 1 and filtergroupid in (727242)
		)
	)
 or 
 exists (
	select 1 from dbo.creativeexposure with (nolock) where  creativeexposure.respondentid = answers374821.id and creativeexposure.surveyid = 374821 and creativeexposure.creativeid  in 
		(
			select element from surveyfiltergroupelements with(nolock) where typeid = 2 and filtergroupid in (727242)
		)
	)
 or 
 exists (
	select 1 from dbo.placementexposure with (nolock) where  placementexposure.respondentid = answers374821.id and placementexposure.surveyid = 374821 and placementexposure.placementid  in 
		(
			select element from surveyfiltergroupelements with(nolock) where typeid = 3 and filtergroupid in (727242)
		)
	)
))",Theme - Super Bowl,2560,CORE,FALSE,24969088
73,2025-11-04 14:04:30,374821,Activity,22228353,"(substring(Q241,4,1)='2')",Watched NBA,7874,CORE,FALSE,22228353
310,2025-11-04 14:04:30,374821,Creative,24969056,"((
 exists (
	select 1 from dbo.bannerexposure with (nolock) where  bannerexposure.respondentid = answers374821.id and bannerexposure.surveyid = 374821 and bannerexposure.bannerid  in 
		(
			select cast(element as int) from surveyfiltergroupelements with(nolock) where typeid = 1 and filtergroupid in (727244)
		)
	)
 or 
 exists (
	select 1 from dbo.creativeexposure with (nolock) where  creativeexposure.respondentid = answers374821.id and creativeexposure.surveyid = 374821 and creativeexposure.creativeid  in 
		(
			select element from surveyfiltergroupelements with(nolock) where typeid = 2 and filtergroupid in (727244)
		)
	)
 or 
 exists (
	select 1 from dbo.placementexposure with (nolock) where  placementexposure.respondentid = answers374821.id and placementexposure.surveyid = 374821 and placementexposure.placementid  in 
		(
			select element from surveyfiltergroupelements with(nolock) where typeid = 3 and filtergroupid in (727244)
		)
	)
))",Size/Length - 630x920,547,CORE,FALSE,24969056
116,2025-11-04 14:04:30,374821,Site All Hits,23493425,"q4 in (select bannerid from adServerBanners where campaignid=79821 and site=26640) or ID IN (select id from answers374821 cross apply [SQL#].[String_Split4k](Q2, ',', 2) SplitTable cross apply [SQL#].[String_Split4k](SplitTable.SplitVal, '-', 2) bannerid where bannerid.SplitNum = 1 and bannerid.SplitVal in ( select value from dbo.surveyfilterelements WHERE surveyfilterelements.filterid=23493425 and type='in-clause' and surveyfilterelements.question='Q2' ) )",Activision Blizzard/King (US),881,CORE,FALSE,23493425
153,2025-11-04 14:04:30,374821,Creative,24968897,"((
 exists (
	select 1 from dbo.bannerexposure with (nolock) where  bannerexposure.respondentid = answers374821.id and bannerexposure.surveyid = 374821 and bannerexposure.bannerid  in 
		(
			select cast(element as int) from surveyfiltergroupelements with(nolock) where typeid = 1 and filtergroupid in (727306)
		)
	)
 or 
 exists (
	select 1 from dbo.creativeexposure with (nolock) where  creativeexposure.respondentid = answers374821.id and creativeexposure.surveyid = 374821 and creativeexposure.creativeid  in 
		(
			select element from surveyfiltergroupelements with(nolock) where typeid = 2 and filtergroupid in (727306)
		)
	)
 or 
 exists (
	select 1 from dbo.placementexposure with (nolock) where  placementexposure.respondentid = answers374821.id and placementexposure.surveyid = 374821 and placementexposure.placementid  in 
		(
			select element from surveyfiltergroupelements with(nolock) where typeid = 3 and filtergroupid in (727306)
		)
	)
))",Creative Publisher - ESPN Sports,0,CORE,FALSE,24968897
278,2025-11-04 14:04:30,374821,Creative,24969023,"((
 exists (
	select 1 from dbo.bannerexposure with (nolock) where  bannerexposure.respondentid = answers374821.id and bannerexposure.surveyid = 374821 and bannerexposure.bannerid  in 
		(
			select cast(element as int) from surveyfiltergroupelements with(nolock) where typeid = 1 and filtergroupid in (727397)
		)
	)
 or 
 exists (
	select 1 from dbo.creativeexposure with (nolock) where  creativeexposure.respondentid = answers374821.id and creativeexposure.surveyid = 374821 and creativeexposure.creativeid  in 
		(
			select element from surveyfiltergroupelements with(nolock) where typeid = 2 and filtergroupid in (727397)
		)
	)
 or 
 exists (
	select 1 from dbo.placementexposure with (nolock) where  placementexposure.respondentid = answers374821.id and placementexposure.surveyid = 374821 and placementexposure.placementid  in 
		(
			select element from surveyfiltergroupelements with(nolock) where typeid = 3 and filtergroupid in (727397)
		)
	)
))",Placement Targeting Tactic - InMarket,329,CORE,FALSE,24969023
195,2025-11-04 14:04:30,374821,Creative,24968940,"((
 exists (
	select 1 from dbo.bannerexposure with (nolock) where  bannerexposure.respondentid = answers374821.id and bannerexposure.surveyid = 374821 and bannerexposure.bannerid  in 
		(
			select cast(element as int) from surveyfiltergroupelements with(nolock) where typeid = 1 and filtergroupid in (727431)
		)
	)
 or 
 exists (
	select 1 from dbo.creativeexposure with (nolock) where  creativeexposure.respondentid = answers374821.id and creativeexposure.surveyid = 374821 and creativeexposure.creativeid  in 
		(
			select element from surveyfiltergroupelements with(nolock) where typeid = 2 and filtergroupid in (727431)
		)
	)
 or 
 exists (
	select 1 from dbo.placementexposure with (nolock) where  placementexposure.respondentid = answers374821.id and placementexposure.surveyid = 374821 and placementexposure.placementid  in 
		(
			select element from surveyfiltergroupelements with(nolock) where typeid = 3 and filtergroupid in (727431)
		)
	)
))",Placement Location - In-Feed,499,CORE,FALSE,24968940
611,2025-11-04 14:04:30,373075,Site All Hits,22512556,q4 in (select bannerid from adServerBanners where campaignid=78558 and site=21459) or (Q2 like '%12504327%' or Q2 like '%12593748%' or Q2 like '%12593780%' or Q2 like '%12673999%'),Amazon Tablet (US),5,HISPANIC,FALSE,22512556
17,2025-11-04 14:04:30,374821,Last Delivery,22228245,(Q230=7),I have not used an on-demand delivery app/website,2191,CORE,FALSE,22228245
52,2025-11-04 14:04:30,374821,Past Brand Recency - Grubhub,22228332,(Q235_5 in (3)),I did not use in the past 30 days,2760,CORE,FALSE,22228332
478,2025-11-04 14:04:30,373075,Creative,24878553,"((
 exists (
	select 1 from dbo.bannerexposure with (nolock) where  bannerexposure.respondentid = answers373075.id and bannerexposure.surveyid = 373075 and bannerexposure.bannerid  in 
		(
			select cast(element as int) from surveyfiltergroupelements with(nolock) where typeid = 1 and filtergroupid in (724360)
		)
	)
 or 
 exists (
	select 1 from dbo.creativeexposure with (nolock) where  creativeexposure.respondentid = answers373075.id and creativeexposure.surveyid = 373075 and creativeexposure.creativeid  in 
		(
			select element from surveyfiltergroupelements with(nolock) where typeid = 2 and filtergroupid in (724360)
		)
	)
 or 
 exists (
	select 1 from dbo.placementexposure with (nolock) where  placementexposure.respondentid = answers373075.id and placementexposure.surveyid = 373075 and placementexposure.placementid  in 
		(
			select element from surveyfiltergroupelements with(nolock) where typeid = 3 and filtergroupid in (724360)
		)
	)
))",Theme - Save 5 Lyft Sign up,0,HISPANIC,FALSE,24878553
635,2025-11-04 14:04:30,373075,Site,25000319,(Q4 = '12691498'),Amazon (IN),0,HISPANIC,FALSE,25000319
142,2025-11-04 14:04:30,374821,Creative,24968885,"((
 exists (
	select 1 from dbo.bannerexposure with (nolock) where  bannerexposure.respondentid = answers374821.id and bannerexposure.surveyid = 374821 and bannerexposure.bannerid  in 
		(
			select cast(element as int) from surveyfiltergroupelements with(nolock) where typeid = 1 and filtergroupid in (727343)
		)
	)
 or 
 exists (
	select 1 from dbo.creativeexposure with (nolock) where  creativeexposure.respondentid = answers374821.id and creativeexposure.surveyid = 374821 and creativeexposure.creativeid  in 
		(
			select element from surveyfiltergroupelements with(nolock) where typeid = 2 and filtergroupid in (727343)
		)
	)
 or 
 exists (
	select 1 from dbo.placementexposure with (nolock) where  placementexposure.respondentid = answers374821.id and placementexposure.surveyid = 374821 and placementexposure.placementid  in 
		(
			select element from surveyfiltergroupelements with(nolock) where typeid = 3 and filtergroupid in (727343)
		)
	)
))",Creative Publisher - Acast Podcast (US),257,CORE,FALSE,24968885
393,2025-11-04 14:04:30,373075,Age (Grouped),21588895,(Q164 BETWEEN 18 AND 24),18-24,652,HISPANIC,FALSE,21588895
518,2025-11-04 14:04:30,373075,Ethnicity,21583692,"(substring(Q180,7,1)='2')",Other,38,HISPANIC,FALSE,21583692
105,2025-11-04 14:04:30,374821,DashPass Use,22358551,(Q200_1 in (2)),Heard of it but haven't used it,5041,CORE,FALSE,22358551
49,2025-11-04 14:04:30,374821,Past Brand Recency - Grubhub,22228329,(Q235_5 in (0)),Several times a week,3697,CORE,FALSE,22228329
286,2025-11-04 14:04:30,374821,Creative,24969031,"((
 exists (
	select 1 from dbo.bannerexposure with (nolock) where  bannerexposure.respondentid = answers374821.id and bannerexposure.surveyid = 374821 and bannerexposure.bannerid  in 
		(
			select cast(element as int) from surveyfiltergroupelements with(nolock) where typeid = 1 and filtergroupid in (727364)
		)
	)
 or 
 exists (
	select 1 from dbo.creativeexposure with (nolock) where  creativeexposure.respondentid = answers374821.id and creativeexposure.surveyid = 374821 and creativeexposure.creativeid  in 
		(
			select element from surveyfiltergroupelements with(nolock) where typeid = 2 and filtergroupid in (727364)
		)
	)
 or 
 exists (
	select 1 from dbo.placementexposure with (nolock) where  placementexposure.respondentid = answers374821.id and placementexposure.surveyid = 374821 and placementexposure.placementid  in 
		(
			select element from surveyfiltergroupelements with(nolock) where typeid = 3 and filtergroupid in (727364)
		)
	)
))",Size/Length - :06 - :30s,370,CORE,FALSE,24969031
129,2025-11-04 14:04:30,374821,Site All Hits,24594513,"q4 in (select bannerid from adServerBanners where campaignid=79821 and site=3169) or ID IN (select id from answers374821 cross apply [SQL#].[String_Split4k](Q2, ',', 2) SplitTable cross apply [SQL#].[String_Split4k](SplitTable.SplitVal, '-', 2) bannerid where bannerid.SplitNum = 1 and bannerid.SplitVal in ( select value from dbo.surveyfilterelements WHERE surveyfilterelements.filterid=24594513 and type='in-clause' and surveyfilterelements.question='Q2' ) )",Yelp Non DI (US),26,CORE,FALSE,24594513
510,2025-11-04 14:04:30,373075,Employment Status,21583723,(Q268=3),Student,196,HISPANIC,FALSE,21583723
593,2025-11-04 14:04:30,373075,Site All Hits,22512548,q4 in (select bannerid from adServerBanners where campaignid=78558 and site=17277) or (Q2 like '%12504326%' or Q2 like '%12593746%' or Q2 like '%12593779%' or Q2 like '%12645672%' or Q2 like '%12673998%'),Amazon (US),33,HISPANIC,FALSE,22512548
145,2025-11-04 14:04:30,374821,Creative,24968888,"((
 exists (
	select 1 from dbo.bannerexposure with (nolock) where  bannerexposure.respondentid = answers374821.id and bannerexposure.surveyid = 374821 and bannerexposure.bannerid  in 
		(
			select cast(element as int) from surveyfiltergroupelements with(nolock) where typeid = 1 and filtergroupid in (727357)
		)
	)
 or 
 exists (
	select 1 from dbo.creativeexposure with (nolock) where  creativeexposure.respondentid = answers374821.id and creativeexposure.surveyid = 374821 and creativeexposure.creativeid  in 
		(
			select element from surveyfiltergroupelements with(nolock) where typeid = 2 and filtergroupid in (727357)
		)
	)
 or 
 exists (
	select 1 from dbo.placementexposure with (nolock) where  placementexposure.respondentid = answers374821.id and placementexposure.surveyid = 374821 and placementexposure.placementid  in 
		(
			select element from surveyfiltergroupelements with(nolock) where typeid = 3 and filtergroupid in (727357)
		)
	)
))",Creative Publisher - Amazon CTV (US),49,CORE,FALSE,24968888
41,2025-11-04 14:04:30,374821,Past Brand Recency - Instacart,22228321,(Q235_3 in (0)),Several times a week,4263,CORE,FALSE,22228321
295,2025-11-04 14:04:30,374821,Creative,24969041,"((
 exists (
	select 1 from dbo.bannerexposure with (nolock) where  bannerexposure.respondentid = answers374821.id and bannerexposure.surveyid = 374821 and bannerexposure.bannerid  in 
		(
			select cast(element as int) from surveyfiltergroupelements with(nolock) where typeid = 1 and filtergroupid in (727328)
		)
	)
 or 
 exists (
	select 1 from dbo.creativeexposure with (nolock) where  creativeexposure.respondentid = answers374821.id and creativeexposure.surveyid = 374821 and creativeexposure.creativeid  in 
		(
			select element from surveyfiltergroupelements with(nolock) where typeid = 2 and filtergroupid in (727328)
		)
	)
 or 
 exists (
	select 1 from dbo.placementexposure with (nolock) where  placementexposure.respondentid = answers374821.id and placementexposure.surveyid = 374821 and placementexposure.placementid  in 
		(
			select element from surveyfiltergroupelements with(nolock) where typeid = 3 and filtergroupid in (727328)
		)
	)
))",Size/Length - 120x60,62,CORE,FALSE,24969041
161,2025-11-04 14:04:30,374821,Creative,24968906,"((
 exists (
	select 1 from dbo.bannerexposure with (nolock) where  bannerexposure.respondentid = answers374821.id and bannerexposure.surveyid = 374821 and bannerexposure.bannerid  in 
		(
			select cast(element as int) from surveyfiltergroupelements with(nolock) where typeid = 1 and filtergroupid in (727307)
		)
	)
 or 
 exists (
	select 1 from dbo.creativeexposure with (nolock) where  creativeexposure.respondentid = answers374821.id and creativeexposure.surveyid = 374821 and creativeexposure.creativeid  in 
		(
			select element from surveyfiltergroupelements with(nolock) where typeid = 2 and filtergroupid in (727307)
		)
	)
 or 
 exists (
	select 1 from dbo.placementexposure with (nolock) where  placementexposure.respondentid = answers374821.id and placementexposure.surveyid = 374821 and placementexposure.placementid  in 
		(
			select element from surveyfiltergroupelements with(nolock) where typeid = 3 and filtergroupid in (727307)
		)
	)
))",Creative Publisher - MSGi – MSG NATIONAL PROPRTS,0,CORE,FALSE,24968906
138,2025-11-04 14:04:30,374821,Site All Hits,24879169,q4 in (select bannerid from adServerBanners where campaignid=79821 and site=28967) or (Q2 like '%12688363%' or Q2 like '%12688364%' or Q2 like '%12688365%' or Q2 like '%12688366%' or Q2 like '%12690795%' or Q2 like '%12690796%' or Q2 like '%12690797%'),Exte (US),0,CORE,FALSE,24879169
233,2025-11-04 14:04:30,374821,Creative,24968978,"((
 exists (
	select 1 from dbo.bannerexposure with (nolock) where  bannerexposure.respondentid = answers374821.id and bannerexposure.surveyid = 374821 and bannerexposure.bannerid  in 
		(
			select cast(element as int) from surveyfiltergroupelements with(nolock) where typeid = 1 and filtergroupid in (727297)
		)
	)
 or 
 exists (
	select 1 from dbo.creativeexposure with (nolock) where  creativeexposure.respondentid = answers374821.id and creativeexposure.surveyid = 374821 and creativeexposure.creativeid  in 
		(
			select element from surveyfiltergroupelements with(nolock) where typeid = 2 and filtergroupid in (727297)
		)
	)
 or 
 exists (
	select 1 from dbo.placementexposure with (nolock) where  placementexposure.respondentid = answers374821.id and placementexposure.surveyid = 374821 and placementexposure.placementid  in 
		(
			select element from surveyfiltergroupelements with(nolock) where typeid = 3 and filtergroupid in (727297)
		)
	)
))",Placement Publisher - Netflix DI (US),814,CORE,FALSE,24968978
537,2025-11-04 14:04:30,373075,Frequency,21361302,(Q3= 4),4,153,HISPANIC,FALSE,21361302
134,2025-11-04 14:04:30,374821,TV Network,24629945,(Q686>0) OR (Q253=0),COURTTV,6893,CORE,FALSE,24629945
177,2025-11-04 14:04:30,374821,Creative,24968922,"((
 exists (
	select 1 from dbo.bannerexposure with (nolock) where  bannerexposure.respondentid = answers374821.id and bannerexposure.surveyid = 374821 and bannerexposure.bannerid  in 
		(
			select cast(element as int) from surveyfiltergroupelements with(nolock) where typeid = 1 and filtergroupid in (727310)
		)
	)
 or 
 exists (
	select 1 from dbo.creativeexposure with (nolock) where  creativeexposure.respondentid = answers374821.id and creativeexposure.surveyid = 374821 and creativeexposure.creativeid  in 
		(
			select element from surveyfiltergroupelements with(nolock) where typeid = 2 and filtergroupid in (727310)
		)
	)
 or 
 exists (
	select 1 from dbo.placementexposure with (nolock) where  placementexposure.respondentid = answers374821.id and placementexposure.surveyid = 374821 and placementexposure.placementid  in 
		(
			select element from surveyfiltergroupelements with(nolock) where typeid = 3 and filtergroupid in (727310)
		)
	)
))",Creative Publisher - Samsung,0,CORE,FALSE,24968922
334,2025-11-04 14:04:30,374821,Creative,24969081,"((
 exists (
	select 1 from dbo.bannerexposure with (nolock) where  bannerexposure.respondentid = answers374821.id and bannerexposure.surveyid = 374821 and bannerexposure.bannerid  in 
		(
			select cast(element as int) from surveyfiltergroupelements with(nolock) where typeid = 1 and filtergroupid in (727333)
		)
	)
 or 
 exists (
	select 1 from dbo.creativeexposure with (nolock) where  creativeexposure.respondentid = answers374821.id and creativeexposure.surveyid = 374821 and creativeexposure.creativeid  in 
		(
			select element from surveyfiltergroupelements with(nolock) where typeid = 2 and filtergroupid in (727333)
		)
	)
 or 
 exists (
	select 1 from dbo.placementexposure with (nolock) where  placementexposure.respondentid = answers374821.id and placementexposure.surveyid = 374821 and placementexposure.placementid  in 
		(
			select element from surveyfiltergroupelements with(nolock) where typeid = 3 and filtergroupid in (727333)
		)
	)
))",Theme - Mother´s Day,0,CORE,FALSE,24969081
495,2025-11-04 14:04:30,373075,Delivery Category,21583706,"(substring(Q256,5,1)='2')",None of the above,165,HISPANIC,FALSE,21583706
64,2025-11-04 14:04:30,374821,Ethnicity,22228344,"(substring(Q239,7,1)='2')",Other,164,CORE,FALSE,22228344
374,2025-11-04 14:04:30,374821,Site,25033276,q4 in (select bannerid from adServerBanners where campaignid=79821 and site=26592),Amazon (MX),0,CORE,FALSE,25033276
491,2025-11-04 14:04:30,373075,DashPass Use,21594963,(Q194_1 in (0)),Use it now,1446,HISPANIC,TRUE,21594963
130,2025-11-04 14:04:30,374821,TV Network,24629941,(Q690>0) OR (Q253=0),Pop,6893,CORE,FALSE,24629941
302,2025-11-04 14:04:30,374821,Creative,24969048,"((
 exists (
	select 1 from dbo.bannerexposure with (nolock) where  bannerexposure.respondentid = answers374821.id and bannerexposure.surveyid = 374821 and bannerexposure.bannerid  in 
		(
			select cast(element as int) from surveyfiltergroupelements with(nolock) where typeid = 1 and filtergroupid in (727215)
		)
	)
 or 
 exists (
	select 1 from dbo.creativeexposure with (nolock) where  creativeexposure.respondentid = answers374821.id and creativeexposure.surveyid = 374821 and creativeexposure.creativeid  in 
		(
			select element from surveyfiltergroupelements with(nolock) where typeid = 2 and filtergroupid in (727215)
		)
	)
 or 
 exists (
	select 1 from dbo.placementexposure with (nolock) where  placementexposure.respondentid = answers374821.id and placementexposure.surveyid = 374821 and placementexposure.placementid  in 
		(
			select element from surveyfiltergroupelements with(nolock) where typeid = 3 and filtergroupid in (727215)
		)
	)
))",Size/Length - 300x250,845,CORE,FALSE,24969048
193,2025-11-04 14:04:30,374821,Creative,24968938,"((
 exists (
	select 1 from dbo.bannerexposure with (nolock) where  bannerexposure.respondentid = answers374821.id and bannerexposure.surveyid = 374821 and bannerexposure.bannerid  in 
		(
			select cast(element as int) from surveyfiltergroupelements with(nolock) where typeid = 1 and filtergroupid in (727438)
		)
	)
 or 
 exists (
	select 1 from dbo.creativeexposure with (nolock) where  creativeexposure.respondentid = answers374821.id and creativeexposure.surveyid = 374821 and creativeexposure.creativeid  in 
		(
			select element from surveyfiltergroupelements with(nolock) where typeid = 2 and filtergroupid in (727438)
		)
	)
 or 
 exists (
	select 1 from dbo.placementexposure with (nolock) where  placementexposure.respondentid = answers374821.id and placementexposure.surveyid = 374821 and placementexposure.placementid  in 
		(
			select element from surveyfiltergroupelements with(nolock) where typeid = 3 and filtergroupid in (727438)
		)
	)
))",Placement Location - Audience Network,250,CORE,FALSE,24968938
533,2025-11-04 14:04:30,373075,Frequency,21361298,(Q3= 1),1,378,HISPANIC,FALSE,21361298
299,2025-11-04 14:04:30,374821,Creative,24969045,"((
 exists (
	select 1 from dbo.bannerexposure with (nolock) where  bannerexposure.respondentid = answers374821.id and bannerexposure.surveyid = 374821 and bannerexposure.bannerid  in 
		(
			select cast(element as int) from surveyfiltergroupelements with(nolock) where typeid = 1 and filtergroupid in (727214)
		)
	)
 or 
 exists (
	select 1 from dbo.creativeexposure with (nolock) where  creativeexposure.respondentid = answers374821.id and creativeexposure.surveyid = 374821 and creativeexposure.creativeid  in 
		(
			select element from surveyfiltergroupelements with(nolock) where typeid = 2 and filtergroupid in (727214)
		)
	)
 or 
 exists (
	select 1 from dbo.placementexposure with (nolock) where  placementexposure.respondentid = answers374821.id and placementexposure.surveyid = 374821 and placementexposure.placementid  in 
		(
			select element from surveyfiltergroupelements with(nolock) where typeid = 3 and filtergroupid in (727214)
		)
	)
))",Size/Length - 1680x900,43,CORE,FALSE,24969045
60,2025-11-04 14:04:30,374821,Ethnicity,22228340,"(substring(Q239,3,1)='2')",Asian,1225,CORE,FALSE,22228340
646,2025-11-04 14:04:30,373075,Site,25000299,(Q4 = '12594079'),Amazon CTV (IT),0,HISPANIC,FALSE,25000299
249,2025-11-04 14:04:30,374821,Creative,24968994,"((
 exists (
	select 1 from dbo.bannerexposure with (nolock) where  bannerexposure.respondentid = answers374821.id and bannerexposure.surveyid = 374821 and bannerexposure.bannerid  in 
		(
			select cast(element as int) from surveyfiltergroupelements with(nolock) where typeid = 1 and filtergroupid in (727388)
		)
	)
 or 
 exists (
	select 1 from dbo.creativeexposure with (nolock) where  creativeexposure.respondentid = answers374821.id and creativeexposure.surveyid = 374821 and creativeexposure.creativeid  in 
		(
			select element from surveyfiltergroupelements with(nolock) where typeid = 2 and filtergroupid in (727388)
		)
	)
 or 
 exists (
	select 1 from dbo.placementexposure with (nolock) where  placementexposure.respondentid = answers374821.id and placementexposure.surveyid = 374821 and placementexposure.placementid  in 
		(
			select element from surveyfiltergroupelements with(nolock) where typeid = 3 and filtergroupid in (727388)
		)
	)
))",Placement Publisher - Spotify,1736,CORE,FALSE,24968994
291,2025-11-04 14:04:30,374821,Creative,24969037,"((
 exists (
	select 1 from dbo.bannerexposure with (nolock) where  bannerexposure.respondentid = answers374821.id and bannerexposure.surveyid = 374821 and bannerexposure.bannerid  in 
		(
			select cast(element as int) from surveyfiltergroupelements with(nolock) where typeid = 1 and filtergroupid in (727298)
		)
	)
 or 
 exists (
	select 1 from dbo.creativeexposure with (nolock) where  creativeexposure.respondentid = answers374821.id and creativeexposure.surveyid = 374821 and creativeexposure.creativeid  in 
		(
			select element from surveyfiltergroupelements with(nolock) where typeid = 2 and filtergroupid in (727298)
		)
	)
 or 
 exists (
	select 1 from dbo.placementexposure with (nolock) where  placementexposure.respondentid = answers374821.id and placementexposure.surveyid = 374821 and placementexposure.placementid  in 
		(
			select element from surveyfiltergroupelements with(nolock) where typeid = 3 and filtergroupid in (727298)
		)
	)
))",Size/Length - 1200x100,1,CORE,FALSE,24969037
209,2025-11-04 14:04:30,374821,Creative,24968954,"((
 exists (
	select 1 from dbo.bannerexposure with (nolock) where  bannerexposure.respondentid = answers374821.id and bannerexposure.surveyid = 374821 and bannerexposure.bannerid  in 
		(
			select cast(element as int) from surveyfiltergroupelements with(nolock) where typeid = 1 and filtergroupid in (727382)
		)
	)
 or 
 exists (
	select 1 from dbo.creativeexposure with (nolock) where  creativeexposure.respondentid = answers374821.id and creativeexposure.surveyid = 374821 and creativeexposure.creativeid  in 
		(
			select element from surveyfiltergroupelements with(nolock) where typeid = 2 and filtergroupid in (727382)
		)
	)
 or 
 exists (
	select 1 from dbo.placementexposure with (nolock) where  placementexposure.respondentid = answers374821.id and placementexposure.surveyid = 374821 and placementexposure.placementid  in 
		(
			select element from surveyfiltergroupelements with(nolock) where typeid = 3 and filtergroupid in (727382)
		)
	)
))",Placement Publisher - Draft Kings,1056,CORE,FALSE,24968954
56,2025-11-04 14:04:30,374821,Gender,22228336,(Q238=3),I prefer to self identify,47,CORE,FALSE,22228336
601,2025-11-04 14:04:30,373075,Site All Hits,25000300,(Q4 = '12594079') or (Q2 like '%12594079%'),Amazon CTV (IT),0,HISPANIC,FALSE,25000300
358,2025-11-04 14:04:30,374821,Site All Hits,25033355,(Q4 = '12594676') or (Q2 like '%12594676%'),Amazon CTV (IN),0,CORE,FALSE,25033355
541,2025-11-04 14:04:30,373075,Frequency,21361306,(Q3= 8),8,79,HISPANIC,FALSE,21361306
428,2025-11-04 14:04:30,373075,Creative,24878458,"(((
 exists (
	select 1 from dbo.bannerexposure with (nolock) where  bannerexposure.respondentid = answers373075.id and bannerexposure.surveyid = 373075 and bannerexposure.bannerid  in 
		(
			select cast(element as int) from surveyfiltergroupelements with(nolock) where typeid = 1 and filtergroupid in (642359)
		)
	)
 or 
 exists (
	select 1 from dbo.creativeexposure with (nolock) where  creativeexposure.respondentid = answers373075.id and creativeexposure.surveyid = 373075 and creativeexposure.creativeid  in 
		(
			select element from surveyfiltergroupelements with(nolock) where typeid = 2 and filtergroupid in (642359)
		)
	)
 or 
 exists (
	select 1 from dbo.placementexposure with (nolock) where  placementexposure.respondentid = answers373075.id and placementexposure.surveyid = 373075 and placementexposure.placementid  in 
		(
			select element from surveyfiltergroupelements with(nolock) where typeid = 3 and filtergroupid in (642359)
		)
	)
)) or ((Q4 in (select value from surveyfilterelements with(nolock) where filterid=24878458 and type='mapctrlbanner'))))",New Filter Creative Size/Length - 15s,2456,HISPANIC,TRUE,24878458
124,2025-11-04 14:04:30,374821,Site All Hits,24090270,"q4 in (select bannerid from adServerBanners where campaignid=79821 and site=22109) or ID IN (select id from answers374821 cross apply [SQL#].[String_Split4k](Q2, ',', 2) SplitTable cross apply [SQL#].[String_Split4k](SplitTable.SplitVal, '-', 2) bannerid where bannerid.SplitNum = 1 and bannerid.SplitVal in ( select value from dbo.surveyfilterelements WHERE surveyfilterelements.filterid=24090270 and type='in-clause' and surveyfilterelements.question='Q2' ) )",Learfield  (US),194,CORE,FALSE,24090270
318,2025-11-04 14:04:30,374821,Creative,24969064,"((
 exists (
	select 1 from dbo.bannerexposure with (nolock) where  bannerexposure.respondentid = answers374821.id and bannerexposure.surveyid = 374821 and bannerexposure.bannerid  in 
		(
			select cast(element as int) from surveyfiltergroupelements with(nolock) where typeid = 1 and filtergroupid in (727217)
		)
	)
 or 
 exists (
	select 1 from dbo.creativeexposure with (nolock) where  creativeexposure.respondentid = answers374821.id and creativeexposure.surveyid = 374821 and creativeexposure.creativeid  in 
		(
			select element from surveyfiltergroupelements with(nolock) where typeid = 2 and filtergroupid in (727217)
		)
	)
 or 
 exists (
	select 1 from dbo.placementexposure with (nolock) where  placementexposure.respondentid = answers374821.id and placementexposure.surveyid = 374821 and placementexposure.placementid  in 
		(
			select element from surveyfiltergroupelements with(nolock) where typeid = 3 and filtergroupid in (727217)
		)
	)
))",Size/Length - 970x90,38,CORE,FALSE,24969064
384,2025-11-04 14:04:30,374821,Site,25033266,q4 in (select bannerid from adServerBanners where campaignid=79821 and site=19514),Amazon Mobile (CA),0,CORE,FALSE,25033266
9,2025-11-04 14:04:30,374821,Site All Hits,22220574,"q4 in (select bannerid from adServerBanners where campaignid=79821 and site=14881) or ID IN (select id from answers374821 cross apply [SQL#].[String_Split4k](Q2, ',', 2) SplitTable cross apply [SQL#].[String_Split4k](SplitTable.SplitVal, '-', 2) bannerid where bannerid.SplitNum = 1 and bannerid.SplitVal in ( select value from dbo.surveyfilterelements WHERE surveyfilterelements.filterid=22220574 and type='in-clause' and surveyfilterelements.question='Q2' ) )",MIQ Logistics (US),2949,CORE,FALSE,22220574
108,2025-11-04 14:04:30,374821,Site All Hits,22379507,q4 in (select bannerid from adServerBanners where campaignid=79821 and site=28362) or (Q2 like '%12462653%' or Q2 like '%12462665%'),Meta Audience Network Consented (Meta DI) (US),371,CORE,FALSE,22379507
499,2025-11-04 14:04:30,373075,Delivery Item,21583712,"(substring(Q257,6,1)='2')","Baby Supplies (e.g., diapers, baby food, baby clothes, etc.)",1438,HISPANIC,FALSE,21583712
185,2025-11-04 14:04:30,374821,Creative,24968930,"((
 exists (
	select 1 from dbo.bannerexposure with (nolock) where  bannerexposure.respondentid = answers374821.id and bannerexposure.surveyid = 374821 and bannerexposure.bannerid  in 
		(
			select cast(element as int) from surveyfiltergroupelements with(nolock) where typeid = 1 and filtergroupid in (727221)
		)
	)
 or 
 exists (
	select 1 from dbo.creativeexposure with (nolock) where  creativeexposure.respondentid = answers374821.id and creativeexposure.surveyid = 374821 and creativeexposure.creativeid  in 
		(
			select element from surveyfiltergroupelements with(nolock) where typeid = 2 and filtergroupid in (727221)
		)
	)
 or 
 exists (
	select 1 from dbo.placementexposure with (nolock) where  placementexposure.respondentid = answers374821.id and placementexposure.surveyid = 374821 and placementexposure.placementid  in 
		(
			select element from surveyfiltergroupelements with(nolock) where typeid = 3 and filtergroupid in (727221)
		)
	)
))",Format - AUD,3362,CORE,FALSE,24968930
120,2025-11-04 14:04:30,374821,Site All Hits,23589751,q4 in (select bannerid from adServerBanners where campaignid=79821 and site=21377) or (Q2 like '%12571548%' or Q2 like '%12571549%' or Q2 like '%12571550%' or Q2 like '%12571551%' or Q2 like '%12571552%' or Q2 like '%12571553%' or Q2 like '%12571554%' or Q2 like '%12571555%' or Q2 like '%12571556%'),Acast Podcast (US),314,CORE,FALSE,23589751
382,2025-11-04 14:04:30,374821,Site,25033354,(Q4 = '12594676'),Amazon CTV (IN),0,CORE,FALSE,25033354
545,2025-11-04 14:04:30,373075,Gender,21583715,(Q267=0),Male,2183,HISPANIC,FALSE,21583715
326,2025-11-04 14:04:30,374821,Creative,24969072,"((
 exists (
	select 1 from dbo.bannerexposure with (nolock) where  bannerexposure.respondentid = answers374821.id and bannerexposure.surveyid = 374821 and bannerexposure.bannerid  in 
		(
			select cast(element as int) from surveyfiltergroupelements with(nolock) where typeid = 1 and filtergroupid in (727372)
		)
	)
 or 
 exists (
	select 1 from dbo.creativeexposure with (nolock) where  creativeexposure.respondentid = answers374821.id and creativeexposure.surveyid = 374821 and creativeexposure.creativeid  in 
		(
			select element from surveyfiltergroupelements with(nolock) where typeid = 2 and filtergroupid in (727372)
		)
	)
 or 
 exists (
	select 1 from dbo.placementexposure with (nolock) where  placementexposure.respondentid = answers374821.id and placementexposure.surveyid = 374821 and placementexposure.placementid  in 
		(
			select element from surveyfiltergroupelements with(nolock) where typeid = 3 and filtergroupid in (727372)
		)
	)
))",Theme - Easter,10,CORE,FALSE,24969072
201,2025-11-04 14:04:30,374821,Creative,24968946,"((
 exists (
	select 1 from dbo.bannerexposure with (nolock) where  bannerexposure.respondentid = answers374821.id and bannerexposure.surveyid = 374821 and bannerexposure.bannerid  in 
		(
			select cast(element as int) from surveyfiltergroupelements with(nolock) where typeid = 1 and filtergroupid in (727268)
		)
	)
 or 
 exists (
	select 1 from dbo.creativeexposure with (nolock) where  creativeexposure.respondentid = answers374821.id and creativeexposure.surveyid = 374821 and creativeexposure.creativeid  in 
		(
			select element from surveyfiltergroupelements with(nolock) where typeid = 2 and filtergroupid in (727268)
		)
	)
 or 
 exists (
	select 1 from dbo.placementexposure with (nolock) where  placementexposure.respondentid = answers374821.id and placementexposure.surveyid = 374821 and placementexposure.placementid  in 
		(
			select element from surveyfiltergroupelements with(nolock) where typeid = 3 and filtergroupid in (727268)
		)
	)
))",Placement Publisher - Activision Blizzard/King (US),787,CORE,FALSE,24968946
424,2025-11-04 14:04:30,373075,Creative,24878454,"(((
 exists (
	select 1 from dbo.bannerexposure with (nolock) where  bannerexposure.respondentid = answers373075.id and bannerexposure.surveyid = 373075 and bannerexposure.bannerid  in 
		(
			select cast(element as int) from surveyfiltergroupelements with(nolock) where typeid = 1 and filtergroupid in (724302)
		)
	)
 or 
 exists (
	select 1 from dbo.creativeexposure with (nolock) where  creativeexposure.respondentid = answers373075.id and creativeexposure.surveyid = 373075 and creativeexposure.creativeid  in 
		(
			select element from surveyfiltergroupelements with(nolock) where typeid = 2 and filtergroupid in (724302)
		)
	)
 or 
 exists (
	select 1 from dbo.placementexposure with (nolock) where  placementexposure.respondentid = answers373075.id and placementexposure.surveyid = 373075 and placementexposure.placementid  in 
		(
			select element from surveyfiltergroupelements with(nolock) where typeid = 3 and filtergroupid in (724302)
		)
	)
)) or ((Q4 in (select value from surveyfilterelements with(nolock) where filterid=24878454 and type='mapctrlbanner'))))",Format - DIS,1507,HISPANIC,TRUE,24878454
529,2025-11-04 14:04:30,373075,"Frequency (1, 2-3, 4-9, 10-19, 20+)",21361294,(Q3 between 10 and 19),10-19,380,HISPANIC,FALSE,21361294
28,2025-11-04 14:04:30,374821,Delivery Item,22228256,"(substring(Q232,6,1)='2')","Baby Supplies (e.g., diapers, baby food, baby clothes, etc.)",6458,CORE,FALSE,22228256
350,2025-11-04 14:04:30,374821,Site All Hits,25033278,q4 in (select bannerid from adServerBanners where campaignid=79821 and site=26592) or (Q2 like '%12441852%' or Q2 like '%12454000%' or Q2 like '%12493365%' or Q2 like '%12593759%' or Q2 like '%12593793%' or Q2 like '%12687822%' or Q2 like '%12687893%'),Amazon (MX),0,CORE,FALSE,25033278
112,2025-11-04 14:04:30,374821,Segment,22433050,"(Q188_1 in (0, 1))",Consideration (Top 2 Box),17250,CORE,FALSE,22433050
525,2025-11-04 14:04:30,373075,"Frequency (1, 2-3, 4-9, 10+)",21361290,Q3>=10,10+,1010,HISPANIC,FALSE,21361290
167,2025-11-04 14:04:30,374821,Creative,24968912,"((
 exists (
	select 1 from dbo.bannerexposure with (nolock) where  bannerexposure.respondentid = answers374821.id and bannerexposure.surveyid = 374821 and bannerexposure.bannerid  in 
		(
			select cast(element as int) from surveyfiltergroupelements with(nolock) where typeid = 1 and filtergroupid in (727321)
		)
	)
 or 
 exists (
	select 1 from dbo.creativeexposure with (nolock) where  creativeexposure.respondentid = answers374821.id and creativeexposure.surveyid = 374821 and creativeexposure.creativeid  in 
		(
			select element from surveyfiltergroupelements with(nolock) where typeid = 2 and filtergroupid in (727321)
		)
	)
 or 
 exists (
	select 1 from dbo.placementexposure with (nolock) where  placementexposure.respondentid = answers374821.id and placementexposure.surveyid = 374821 and placementexposure.placementid  in 
		(
			select element from surveyfiltergroupelements with(nolock) where typeid = 3 and filtergroupid in (727321)
		)
	)
))",Creative Publisher - Pandora Mobile (US),83,CORE,FALSE,24968912
217,2025-11-04 14:04:30,374821,Creative,24968962,"((
 exists (
	select 1 from dbo.bannerexposure with (nolock) where  bannerexposure.respondentid = answers374821.id and bannerexposure.surveyid = 374821 and bannerexposure.bannerid  in 
		(
			select cast(element as int) from surveyfiltergroupelements with(nolock) where typeid = 1 and filtergroupid in (727426)
		)
	)
 or 
 exists (
	select 1 from dbo.creativeexposure with (nolock) where  creativeexposure.respondentid = answers374821.id and creativeexposure.surveyid = 374821 and creativeexposure.creativeid  in 
		(
			select element from surveyfiltergroupelements with(nolock) where typeid = 2 and filtergroupid in (727426)
		)
	)
 or 
 exists (
	select 1 from dbo.placementexposure with (nolock) where  placementexposure.respondentid = answers374821.id and placementexposure.surveyid = 374821 and placementexposure.placementid  in 
		(
			select element from surveyfiltergroupelements with(nolock) where typeid = 3 and filtergroupid in (727426)
		)
	)
))",Placement Publisher - GoodKarmaBrands,0,CORE,FALSE,24968962
444,2025-11-04 14:04:30,373075,Creative,24878501,"(((
 exists (
	select 1 from dbo.bannerexposure with (nolock) where  bannerexposure.respondentid = answers373075.id and bannerexposure.surveyid = 373075 and bannerexposure.bannerid  in 
		(
			select cast(element as int) from surveyfiltergroupelements with(nolock) where typeid = 1 and filtergroupid in (724311)
		)
	)
 or 
 exists (
	select 1 from dbo.creativeexposure with (nolock) where  creativeexposure.respondentid = answers373075.id and creativeexposure.surveyid = 373075 and creativeexposure.creativeid  in 
		(
			select element from surveyfiltergroupelements with(nolock) where typeid = 2 and filtergroupid in (724311)
		)
	)
 or 
 exists (
	select 1 from dbo.placementexposure with (nolock) where  placementexposure.respondentid = answers373075.id and placementexposure.surveyid = 373075 and placementexposure.placementid  in 
		(
			select element from surveyfiltergroupelements with(nolock) where typeid = 3 and filtergroupid in (724311)
		)
	)
)) or ((Q4 in (select value from surveyfilterelements with(nolock) where filterid=24878501 and type='mapctrlbanner'))))",Placement Targeting Tactic - 3P Behavioral,1765,HISPANIC,TRUE,24878501
487,2025-11-04 14:04:30,373075,Creative,24878562,"((
 exists (
	select 1 from dbo.bannerexposure with (nolock) where  bannerexposure.respondentid = answers373075.id and bannerexposure.surveyid = 373075 and bannerexposure.bannerid  in 
		(
			select cast(element as int) from surveyfiltergroupelements with(nolock) where typeid = 1 and filtergroupid in (724338)
		)
	)
 or 
 exists (
	select 1 from dbo.creativeexposure with (nolock) where  creativeexposure.respondentid = answers373075.id and creativeexposure.surveyid = 373075 and creativeexposure.creativeid  in 
		(
			select element from surveyfiltergroupelements with(nolock) where typeid = 2 and filtergroupid in (724338)
		)
	)
 or 
 exists (
	select 1 from dbo.placementexposure with (nolock) where  placementexposure.respondentid = answers373075.id and placementexposure.surveyid = 373075 and placementexposure.placementid  in 
		(
			select element from surveyfiltergroupelements with(nolock) where typeid = 3 and filtergroupid in (724338)
		)
	)
))",Theme - Wingstop 50 Point Promo,0,HISPANIC,FALSE,24878562
166,2025-11-04 14:04:30,374821,Creative,24968911,"((
 exists (
	select 1 from dbo.bannerexposure with (nolock) where  bannerexposure.respondentid = answers374821.id and bannerexposure.surveyid = 374821 and bannerexposure.bannerid  in 
		(
			select cast(element as int) from surveyfiltergroupelements with(nolock) where typeid = 1 and filtergroupid in (727320)
		)
	)
 or 
 exists (
	select 1 from dbo.creativeexposure with (nolock) where  creativeexposure.respondentid = answers374821.id and creativeexposure.surveyid = 374821 and creativeexposure.creativeid  in 
		(
			select element from surveyfiltergroupelements with(nolock) where typeid = 2 and filtergroupid in (727320)
		)
	)
 or 
 exists (
	select 1 from dbo.placementexposure with (nolock) where  placementexposure.respondentid = answers374821.id and placementexposure.surveyid = 374821 and placementexposure.placementid  in 
		(
			select element from surveyfiltergroupelements with(nolock) where typeid = 3 and filtergroupid in (727320)
		)
	)
))",Creative Publisher - Pandora Connected Home (US),5,CORE,FALSE,24968911
366,2025-11-04 14:04:30,374821,Site All Hits,25033379,(Q4 = '12642433') or (Q2 like '%12642433%'),Amazon Tablet (UK),0,CORE,FALSE,25033379
440,2025-11-04 14:04:30,373075,Creative,24878497,"(((
 exists (
	select 1 from dbo.bannerexposure with (nolock) where  bannerexposure.respondentid = answers373075.id and bannerexposure.surveyid = 373075 and bannerexposure.bannerid  in 
		(
			select cast(element as int) from surveyfiltergroupelements with(nolock) where typeid = 1 and filtergroupid in (724322)
		)
	)
 or 
 exists (
	select 1 from dbo.creativeexposure with (nolock) where  creativeexposure.respondentid = answers373075.id and creativeexposure.surveyid = 373075 and creativeexposure.creativeid  in 
		(
			select element from surveyfiltergroupelements with(nolock) where typeid = 2 and filtergroupid in (724322)
		)
	)
 or 
 exists (
	select 1 from dbo.placementexposure with (nolock) where  placementexposure.respondentid = answers373075.id and placementexposure.surveyid = 373075 and placementexposure.placementid  in 
		(
			select element from surveyfiltergroupelements with(nolock) where typeid = 3 and filtergroupid in (724322)
		)
	)
)) or ((Q4 in (select value from surveyfilterelements with(nolock) where filterid=24878497 and type='mapctrlbanner'))))",Placement Quarter - Q4'25,737,HISPANIC,TRUE,24878497
483,2025-11-04 14:04:30,373075,Creative,24878558,"((
 exists (
	select 1 from dbo.bannerexposure with (nolock) where  bannerexposure.respondentid = answers373075.id and bannerexposure.surveyid = 373075 and bannerexposure.bannerid  in 
		(
			select cast(element as int) from surveyfiltergroupelements with(nolock) where typeid = 1 and filtergroupid in (724342)
		)
	)
 or 
 exists (
	select 1 from dbo.creativeexposure with (nolock) where  creativeexposure.respondentid = answers373075.id and creativeexposure.surveyid = 373075 and creativeexposure.creativeid  in 
		(
			select element from surveyfiltergroupelements with(nolock) where typeid = 2 and filtergroupid in (724342)
		)
	)
 or 
 exists (
	select 1 from dbo.placementexposure with (nolock) where  placementexposure.respondentid = answers373075.id and placementexposure.surveyid = 373075 and placementexposure.placementid  in 
		(
			select element from surveyfiltergroupelements with(nolock) where typeid = 3 and filtergroupid in (724342)
		)
	)
))",Theme - Surveillance / Steam,0,HISPANIC,FALSE,24878558
465,2025-11-04 14:04:30,373075,Creative,24878540,"(((
 exists (
	select 1 from dbo.bannerexposure with (nolock) where  bannerexposure.respondentid = answers373075.id and bannerexposure.surveyid = 373075 and bannerexposure.bannerid  in 
		(
			select cast(element as int) from surveyfiltergroupelements with(nolock) where typeid = 1 and filtergroupid in (724292)
		)
	)
 or 
 exists (
	select 1 from dbo.creativeexposure with (nolock) where  creativeexposure.respondentid = answers373075.id and creativeexposure.surveyid = 373075 and creativeexposure.creativeid  in 
		(
			select element from surveyfiltergroupelements with(nolock) where typeid = 2 and filtergroupid in (724292)
		)
	)
 or 
 exists (
	select 1 from dbo.placementexposure with (nolock) where  placementexposure.respondentid = answers373075.id and placementexposure.surveyid = 373075 and placementexposure.placementid  in 
		(
			select element from surveyfiltergroupelements with(nolock) where typeid = 3 and filtergroupid in (724292)
		)
	)
)) or ((Q4 in (select value from surveyfilterelements with(nolock) where filterid=24878540 and type='mapctrlbanner'))))",Theme - Comida En La Casa,2774,HISPANIC,TRUE,24878540
448,2025-11-04 14:04:30,373075,Creative,24878514,"(((
 exists (
	select 1 from dbo.bannerexposure with (nolock) where  bannerexposure.respondentid = answers373075.id and bannerexposure.surveyid = 373075 and bannerexposure.bannerid  in 
		(
			select cast(element as int) from surveyfiltergroupelements with(nolock) where typeid = 1 and filtergroupid in (724373)
		)
	)
 or 
 exists (
	select 1 from dbo.creativeexposure with (nolock) where  creativeexposure.respondentid = answers373075.id and creativeexposure.surveyid = 373075 and creativeexposure.creativeid  in 
		(
			select element from surveyfiltergroupelements with(nolock) where typeid = 2 and filtergroupid in (724373)
		)
	)
 or 
 exists (
	select 1 from dbo.placementexposure with (nolock) where  placementexposure.respondentid = answers373075.id and placementexposure.surveyid = 373075 and placementexposure.placementid  in 
		(
			select element from surveyfiltergroupelements with(nolock) where typeid = 3 and filtergroupid in (724373)
		)
	)
)) or ((Q4 in (select value from surveyfilterelements with(nolock) where filterid=24878514 and type='mapctrlbanner'))))",Placement Targeting Tactic - Contextual,1393,HISPANIC,TRUE,24878514
27,2025-11-04 14:04:30,374821,Delivery Item,22228255,"(substring(Q232,5,1)='2')","Flowers (e.g., bouquets, flowers, potted plants, etc.)",6576,CORE,FALSE,22228255
605,2025-11-04 14:04:30,373075,Site All Hits,25000304,q4 in (select bannerid from adServerBanners where campaignid=78558 and site=24254) or (Q2 like '%12594105%' or Q2 like '%12693134%'),Amazon Mobile (MX),0,HISPANIC,FALSE,25000304
644,2025-11-04 14:04:30,373075,Site,25000293,(Q4 = '12593784'),Amazon CTV (FR),0,HISPANIC,FALSE,25000293
597,2025-11-04 14:04:30,373075,Site All Hits,25000306,(Q4 = '12594106') or (Q2 like '%12594106%'),Amazon CTV (AU),0,HISPANIC,FALSE,25000306
625,2025-11-04 14:04:30,373075,Site All Hits,21280998,"q4 in (select bannerid from adServerBanners where campaignid=78558 and site=2432) or ID IN (select id from answers373075 cross apply [SQL#].[String_Split4k](Q2, ',', 2) SplitTable cross apply [SQL#].[String_Split4k](SplitTable.SplitVal, '-', 2) bannerid where bannerid.SplitNum = 1 and bannerid.SplitVal in ( select value from dbo.surveyfilterelements WHERE surveyfilterelements.filterid=21280998 and type='in-clause' and surveyfilterelements.question='Q2' ) )",Pandora Mobile (US),30,HISPANIC,FALSE,21280998
324,2025-11-04 14:04:30,374821,Creative,24969070,"((
 exists (
	select 1 from dbo.bannerexposure with (nolock) where  bannerexposure.respondentid = answers374821.id and bannerexposure.surveyid = 374821 and bannerexposure.bannerid  in 
		(
			select cast(element as int) from surveyfiltergroupelements with(nolock) where typeid = 1 and filtergroupid in (727331)
		)
	)
 or 
 exists (
	select 1 from dbo.creativeexposure with (nolock) where  creativeexposure.respondentid = answers374821.id and creativeexposure.surveyid = 374821 and creativeexposure.creativeid  in 
		(
			select element from surveyfiltergroupelements with(nolock) where typeid = 2 and filtergroupid in (727331)
		)
	)
 or 
 exists (
	select 1 from dbo.placementexposure with (nolock) where  placementexposure.respondentid = answers374821.id and placementexposure.surveyid = 374821 and placementexposure.placementid  in 
		(
			select element from surveyfiltergroupelements with(nolock) where typeid = 3 and filtergroupid in (727331)
		)
	)
))",Theme - DashPass Evergreen,2738,CORE,FALSE,24969070
624,2025-11-04 14:04:30,373075,Site All Hits,21505945,q4 in (select bannerid from adServerBanners where campaignid=78558 and site=18574) or (Q2 like '%12376380%' or Q2 like '%12376381%' or Q2 like '%12393809%' or Q2 like '%12439767%' or Q2 like '%12439769%'),Pandora Connected Home (US),4,HISPANIC,FALSE,21505945
432,2025-11-04 14:04:30,373075,Creative,24878474,"(((
 exists (
	select 1 from dbo.bannerexposure with (nolock) where  bannerexposure.respondentid = answers373075.id and bannerexposure.surveyid = 373075 and bannerexposure.bannerid  in 
		(
			select cast(element as int) from surveyfiltergroupelements with(nolock) where typeid = 1 and filtergroupid in (684256)
		)
	)
 or 
 exists (
	select 1 from dbo.creativeexposure with (nolock) where  creativeexposure.respondentid = answers373075.id and creativeexposure.surveyid = 373075 and creativeexposure.creativeid  in 
		(
			select element from surveyfiltergroupelements with(nolock) where typeid = 2 and filtergroupid in (684256)
		)
	)
 or 
 exists (
	select 1 from dbo.placementexposure with (nolock) where  placementexposure.respondentid = answers373075.id and placementexposure.surveyid = 373075 and placementexposure.placementid  in 
		(
			select element from surveyfiltergroupelements with(nolock) where typeid = 3 and filtergroupid in (684256)
		)
	)
)) or ((Q4 in (select value from surveyfilterelements with(nolock) where filterid=24878474 and type='mapctrlbanner'))))",Patrice Size/Length - 15s,2894,HISPANIC,TRUE,24878474
585,2025-11-04 14:04:30,373075,Site All Hits,25000316,q4 in (select bannerid from adServerBanners where campaignid=78558 and site=25485) or (Q2 like '%12616080%' or Q2 like '%12690014%'),Amazon (AU),0,HISPANIC,FALSE,25000316
30,2025-11-04 14:04:30,374821,Delivery Item,22228258,"(substring(Q232,8,1)='2')",None of the above,1228,CORE,FALSE,22228258
436,2025-11-04 14:04:30,373075,Creative,24878484,"(((
 exists (
	select 1 from dbo.bannerexposure with (nolock) where  bannerexposure.respondentid = answers373075.id and bannerexposure.surveyid = 373075 and bannerexposure.bannerid  in 
		(
			select cast(element as int) from surveyfiltergroupelements with(nolock) where typeid = 1 and filtergroupid in (724305)
		)
	)
 or 
 exists (
	select 1 from dbo.creativeexposure with (nolock) where  creativeexposure.respondentid = answers373075.id and creativeexposure.surveyid = 373075 and creativeexposure.creativeid  in 
		(
			select element from surveyfiltergroupelements with(nolock) where typeid = 2 and filtergroupid in (724305)
		)
	)
 or 
 exists (
	select 1 from dbo.placementexposure with (nolock) where  placementexposure.respondentid = answers373075.id and placementexposure.surveyid = 373075 and placementexposure.placementid  in 
		(
			select element from surveyfiltergroupelements with(nolock) where typeid = 3 and filtergroupid in (724305)
		)
	)
)) or ((Q4 in (select value from surveyfilterelements with(nolock) where filterid=24878484 and type='mapctrlbanner'))))",Placement Device - DSK,1058,HISPANIC,TRUE,24878484
33,2025-11-04 14:04:30,374821,Past Brand Recency - DoorDash,22228313,(Q235_1 in (0)),Several times a week,6148,CORE,FALSE,22228313
589,2025-11-04 14:04:30,373075,Site All Hits,25000320,(Q4 = '12691498') or (Q2 like '%12691498%'),Amazon (IN),0,HISPANIC,FALSE,25000320
164,2025-11-04 14:04:30,374821,Creative,24968909,"((
 exists (
	select 1 from dbo.bannerexposure with (nolock) where  bannerexposure.respondentid = answers374821.id and bannerexposure.surveyid = 374821 and bannerexposure.bannerid  in 
		(
			select cast(element as int) from surveyfiltergroupelements with(nolock) where typeid = 1 and filtergroupid in (727349)
		)
	)
 or 
 exists (
	select 1 from dbo.creativeexposure with (nolock) where  creativeexposure.respondentid = answers374821.id and creativeexposure.surveyid = 374821 and creativeexposure.creativeid  in 
		(
			select element from surveyfiltergroupelements with(nolock) where typeid = 2 and filtergroupid in (727349)
		)
	)
 or 
 exists (
	select 1 from dbo.placementexposure with (nolock) where  placementexposure.respondentid = answers374821.id and placementexposure.surveyid = 374821 and placementexposure.placementid  in 
		(
			select element from surveyfiltergroupelements with(nolock) where typeid = 3 and filtergroupid in (727349)
		)
	)
))",Creative Publisher - Olyzon.TV,0,CORE,FALSE,24968909
211,2025-11-04 14:04:30,374821,Creative,24968956,"((
 exists (
	select 1 from dbo.bannerexposure with (nolock) where  bannerexposure.respondentid = answers374821.id and bannerexposure.surveyid = 374821 and bannerexposure.bannerid  in 
		(
			select cast(element as int) from surveyfiltergroupelements with(nolock) where typeid = 1 and filtergroupid in (727419)
		)
	)
 or 
 exists (
	select 1 from dbo.creativeexposure with (nolock) where  creativeexposure.respondentid = answers374821.id and creativeexposure.surveyid = 374821 and creativeexposure.creativeid  in 
		(
			select element from surveyfiltergroupelements with(nolock) where typeid = 2 and filtergroupid in (727419)
		)
	)
 or 
 exists (
	select 1 from dbo.placementexposure with (nolock) where  placementexposure.respondentid = answers374821.id and placementexposure.surveyid = 374821 and placementexposure.placementid  in 
		(
			select element from surveyfiltergroupelements with(nolock) where typeid = 3 and filtergroupid in (727419)
		)
	)
))",Placement Publisher - DV360,467,CORE,FALSE,24968956
513,2025-11-04 14:04:30,373075,Ethnicity,21583688,"(substring(Q180,3,1)='2')",Asian,121,HISPANIC,FALSE,21583688
581,2025-11-04 14:04:30,373075,Past Brand Usage - Have Tried,21587522,(Q261_1 in (1)),DoorDash,3010,HISPANIC,FALSE,21587522
323,2025-11-04 14:04:30,374821,Creative,24969069,"((
 exists (
	select 1 from dbo.bannerexposure with (nolock) where  bannerexposure.respondentid = answers374821.id and bannerexposure.surveyid = 374821 and bannerexposure.bannerid  in 
		(
			select cast(element as int) from surveyfiltergroupelements with(nolock) where typeid = 1 and filtergroupid in (727365)
		)
	)
 or 
 exists (
	select 1 from dbo.creativeexposure with (nolock) where  creativeexposure.respondentid = answers374821.id and creativeexposure.surveyid = 374821 and creativeexposure.creativeid  in 
		(
			select element from surveyfiltergroupelements with(nolock) where typeid = 2 and filtergroupid in (727365)
		)
	)
 or 
 exists (
	select 1 from dbo.placementexposure with (nolock) where  placementexposure.respondentid = answers374821.id and placementexposure.surveyid = 374821 and placementexposure.placementid  in 
		(
			select element from surveyfiltergroupelements with(nolock) where typeid = 3 and filtergroupid in (727365)
		)
	)
))",Theme - DashPass / Super Bowl,370,CORE,FALSE,24969069
239,2025-11-04 14:04:30,374821,Creative,24968984,"((
 exists (
	select 1 from dbo.bannerexposure with (nolock) where  bannerexposure.respondentid = answers374821.id and bannerexposure.surveyid = 374821 and bannerexposure.bannerid  in 
		(
			select cast(element as int) from surveyfiltergroupelements with(nolock) where typeid = 1 and filtergroupid in (727393)
		)
	)
 or 
 exists (
	select 1 from dbo.creativeexposure with (nolock) where  creativeexposure.respondentid = answers374821.id and creativeexposure.surveyid = 374821 and creativeexposure.creativeid  in 
		(
			select element from surveyfiltergroupelements with(nolock) where typeid = 2 and filtergroupid in (727393)
		)
	)
 or 
 exists (
	select 1 from dbo.placementexposure with (nolock) where  placementexposure.respondentid = answers374821.id and placementexposure.surveyid = 374821 and placementexposure.placementid  in 
		(
			select element from surveyfiltergroupelements with(nolock) where typeid = 3 and filtergroupid in (727393)
		)
	)
))",Placement Publisher - Peacock,3782,CORE,FALSE,24968984
609,2025-11-04 14:04:30,373075,Site All Hits,25000298,(Q4 = '12594078') or (Q2 like '%12594078%'),Amazon Tablet (IT),0,HISPANIC,FALSE,25000298
512,2025-11-04 14:04:30,373075,Employment Status,21583721,(Q268=1),Work at a part time job (less than 30 hours a week),600,HISPANIC,FALSE,21583721
169,2025-11-04 14:04:30,374821,Creative,24968914,"((
 exists (
	select 1 from dbo.bannerexposure with (nolock) where  bannerexposure.respondentid = answers374821.id and bannerexposure.surveyid = 374821 and bannerexposure.bannerid  in 
		(
			select cast(element as int) from surveyfiltergroupelements with(nolock) where typeid = 1 and filtergroupid in (727316)
		)
	)
 or 
 exists (
	select 1 from dbo.creativeexposure with (nolock) where  creativeexposure.respondentid = answers374821.id and creativeexposure.surveyid = 374821 and creativeexposure.creativeid  in 
		(
			select element from surveyfiltergroupelements with(nolock) where typeid = 2 and filtergroupid in (727316)
		)
	)
 or 
 exists (
	select 1 from dbo.placementexposure with (nolock) where  placementexposure.respondentid = answers374821.id and placementexposure.surveyid = 374821 and placementexposure.placementid  in 
		(
			select element from surveyfiltergroupelements with(nolock) where typeid = 3 and filtergroupid in (727316)
		)
	)
))",Creative Publisher - Peacock,4269,CORE,FALSE,24968914
183,2025-11-04 14:04:30,374821,Creative,24968928,"((
 exists (
	select 1 from dbo.bannerexposure with (nolock) where  bannerexposure.respondentid = answers374821.id and bannerexposure.surveyid = 374821 and bannerexposure.bannerid  in 
		(
			select cast(element as int) from surveyfiltergroupelements with(nolock) where typeid = 1 and filtergroupid in (727334)
		)
	)
 or 
 exists (
	select 1 from dbo.creativeexposure with (nolock) where  creativeexposure.respondentid = answers374821.id and creativeexposure.surveyid = 374821 and creativeexposure.creativeid  in 
		(
			select element from surveyfiltergroupelements with(nolock) where typeid = 2 and filtergroupid in (727334)
		)
	)
 or 
 exists (
	select 1 from dbo.placementexposure with (nolock) where  placementexposure.respondentid = answers374821.id and placementexposure.surveyid = 374821 and placementexposure.placementid  in 
		(
			select element from surveyfiltergroupelements with(nolock) where typeid = 3 and filtergroupid in (727334)
		)
	)
))",Creative Publisher - VEVO,0,CORE,FALSE,24968928
614,2025-11-04 14:04:30,373075,Site All Hits,23720512,q4 in (select bannerid from adServerBanners where campaignid=78558 and site=1587) or (Q2 like '%12590714%' or Q2 like '%12622567%' or Q2 like '%12652610%' or Q2 like '%12652611%' or Q2 like '%12652612%' or Q2 like '%12652613%' or Q2 like '%12652614%'),Disney+ (US),314,HISPANIC,FALSE,23720512
340,2025-11-04 14:04:30,374821,Creative,24969086,"((
 exists (
	select 1 from dbo.bannerexposure with (nolock) where  bannerexposure.respondentid = answers374821.id and bannerexposure.surveyid = 374821 and bannerexposure.bannerid  in 
		(
			select cast(element as int) from surveyfiltergroupelements with(nolock) where typeid = 1 and filtergroupid in (727225)
		)
	)
 or 
 exists (
	select 1 from dbo.creativeexposure with (nolock) where  creativeexposure.respondentid = answers374821.id and creativeexposure.surveyid = 374821 and creativeexposure.creativeid  in 
		(
			select element from surveyfiltergroupelements with(nolock) where typeid = 2 and filtergroupid in (727225)
		)
	)
 or 
 exists (
	select 1 from dbo.placementexposure with (nolock) where  placementexposure.respondentid = answers374821.id and placementexposure.surveyid = 374821 and placementexposure.placementid  in 
		(
			select element from surveyfiltergroupelements with(nolock) where typeid = 3 and filtergroupid in (727225)
		)
	)
))",Theme - Resurrection,3551,CORE,FALSE,24969086
622,2025-11-04 14:04:30,373075,Site All Hits,23946877,q4 in (select bannerid from adServerBanners where campaignid=78558 and site=29142) or (Q2 like '%12607824%' or Q2 like '%12607825%' or Q2 like '%12612626%' or Q2 like '%12612628%' or Q2 like '%12612630%' or Q2 like '%12677756%' or Q2 like '%12677757%' or Q2 like '%12677758%'),Netflix DI (US),251,HISPANIC,FALSE,23946877
15,2025-11-04 14:04:30,374821,Last Delivery,22228243,(Q230=5),Within the past 6-12 months,528,CORE,FALSE,22228243
348,2025-11-04 14:04:30,374821,Site All Hits,25033385,(Q4 = '12691499') or (Q2 like '%12691499%'),Amazon (IN),0,CORE,FALSE,25033385
470,2025-11-04 14:04:30,373075,Creative,24878545,"((
 exists (
	select 1 from dbo.bannerexposure with (nolock) where  bannerexposure.respondentid = answers373075.id and bannerexposure.surveyid = 373075 and bannerexposure.bannerid  in 
		(
			select cast(element as int) from surveyfiltergroupelements with(nolock) where typeid = 1 and filtergroupid in (724346)
		)
	)
 or 
 exists (
	select 1 from dbo.creativeexposure with (nolock) where  creativeexposure.respondentid = answers373075.id and creativeexposure.surveyid = 373075 and creativeexposure.creativeid  in 
		(
			select element from surveyfiltergroupelements with(nolock) where typeid = 2 and filtergroupid in (724346)
		)
	)
 or 
 exists (
	select 1 from dbo.placementexposure with (nolock) where  placementexposure.respondentid = answers373075.id and placementexposure.surveyid = 373075 and placementexposure.placementid  in 
		(
			select element from surveyfiltergroupelements with(nolock) where typeid = 3 and filtergroupid in (724346)
		)
	)
))",Theme - High Five,0,HISPANIC,FALSE,24878545
627,2025-11-04 14:04:30,373075,Site All Hits,22475079,q4 in (select bannerid from adServerBanners where campaignid=78558 and site=29217) or (Q2 like '%12487225%' or Q2 like '%12487226%' or Q2 like '%12487227%' or Q2 like '%12487228%' or Q2 like '%12487229%' or Q2 like '%12487230%'),RTS (US),89,HISPANIC,FALSE,22475079
332,2025-11-04 14:04:30,374821,Creative,24969078,"((
 exists (
	select 1 from dbo.bannerexposure with (nolock) where  bannerexposure.respondentid = answers374821.id and bannerexposure.surveyid = 374821 and bannerexposure.bannerid  in 
		(
			select cast(element as int) from surveyfiltergroupelements with(nolock) where typeid = 1 and filtergroupid in (727295)
		)
	)
 or 
 exists (
	select 1 from dbo.creativeexposure with (nolock) where  creativeexposure.respondentid = answers374821.id and creativeexposure.surveyid = 374821 and creativeexposure.creativeid  in 
		(
			select element from surveyfiltergroupelements with(nolock) where typeid = 2 and filtergroupid in (727295)
		)
	)
 or 
 exists (
	select 1 from dbo.placementexposure with (nolock) where  placementexposure.respondentid = answers374821.id and placementexposure.surveyid = 374821 and placementexposure.placementid  in 
		(
			select element from surveyfiltergroupelements with(nolock) where typeid = 3 and filtergroupid in (727295)
		)
	)
))",Theme - Marketplace,1627,CORE,FALSE,24969078
25,2025-11-04 14:04:30,374821,Delivery Item,22228253,"(substring(Q232,3,1)='2')","Packaged Food & Non-Alcoholic Beverages (e.g., chips, candy, soda, water, etc.)",15249,CORE,FALSE,22228253
179,2025-11-04 14:04:30,374821,Creative,24968924,"((
 exists (
	select 1 from dbo.bannerexposure with (nolock) where  bannerexposure.respondentid = answers374821.id and bannerexposure.surveyid = 374821 and bannerexposure.bannerid  in 
		(
			select cast(element as int) from surveyfiltergroupelements with(nolock) where typeid = 1 and filtergroupid in (727311)
		)
	)
 or 
 exists (
	select 1 from dbo.creativeexposure with (nolock) where  creativeexposure.respondentid = answers374821.id and creativeexposure.surveyid = 374821 and creativeexposure.creativeid  in 
		(
			select element from surveyfiltergroupelements with(nolock) where typeid = 2 and filtergroupid in (727311)
		)
	)
 or 
 exists (
	select 1 from dbo.placementexposure with (nolock) where  placementexposure.respondentid = answers374821.id and placementexposure.surveyid = 374821 and placementexposure.placementid  in 
		(
			select element from surveyfiltergroupelements with(nolock) where typeid = 3 and filtergroupid in (727311)
		)
	)
))",Creative Publisher - Spotify,0,CORE,FALSE,24968924
648,2025-11-04 14:04:30,373075,Site,25000309,(Q4 = '12600804'),Amazon Mobile (DE),0,HISPANIC,FALSE,25000309
616,2025-11-04 14:04:30,373075,Site All Hits,23784080,q4 in (select bannerid from adServerBanners where campaignid=78558 and site=28361) or (Q2 like '%12594449%' or Q2 like '%12594450%' or Q2 like '%12594455%' or Q2 like '%12594456%' or Q2 like '%12596301%' or Q2 like '%12662011%'),Facebook Consented (Meta DI) (US),11,HISPANIC,FALSE,23784080
11,2025-11-04 14:04:30,374821,Last Delivery,22228239,(Q230=1),Within the past 1-2 weeks,5352,CORE,FALSE,22228239
630,2025-11-04 14:04:30,373075,Site All Hits,24594487,"q4 in (select bannerid from adServerBanners where campaignid=78558 and site=3169) or ID IN (select id from answers373075 cross apply [SQL#].[String_Split4k](Q2, ',', 2) SplitTable cross apply [SQL#].[String_Split4k](SplitTable.SplitVal, '-', 2) bannerid where bannerid.SplitNum = 1 and bannerid.SplitVal in ( select value from dbo.surveyfilterelements WHERE surveyfilterelements.filterid=24594487 and type='in-clause' and surveyfilterelements.question='Q2' ) )",Yelp Non DI (US),4,HISPANIC,FALSE,24594487
457,2025-11-04 14:04:30,373075,Creative,24878532,"(((
 exists (
	select 1 from dbo.bannerexposure with (nolock) where  bannerexposure.respondentid = answers373075.id and bannerexposure.surveyid = 373075 and bannerexposure.bannerid  in 
		(
			select cast(element as int) from surveyfiltergroupelements with(nolock) where typeid = 1 and filtergroupid in (724313)
		)
	)
 or 
 exists (
	select 1 from dbo.creativeexposure with (nolock) where  creativeexposure.respondentid = answers373075.id and creativeexposure.surveyid = 373075 and creativeexposure.creativeid  in 
		(
			select element from surveyfiltergroupelements with(nolock) where typeid = 2 and filtergroupid in (724313)
		)
	)
 or 
 exists (
	select 1 from dbo.placementexposure with (nolock) where  placementexposure.respondentid = answers373075.id and placementexposure.surveyid = 373075 and placementexposure.placementid  in 
		(
			select element from surveyfiltergroupelements with(nolock) where typeid = 3 and filtergroupid in (724313)
		)
	)
)) or ((Q4 in (select value from surveyfilterelements with(nolock) where filterid=24878532 and type='mapctrlbanner'))))",Size/Length - 6s,1105,HISPANIC,TRUE,24878532
203,2025-11-04 14:04:30,374821,Creative,24968948,"((
 exists (
	select 1 from dbo.bannerexposure with (nolock) where  bannerexposure.respondentid = answers374821.id and bannerexposure.surveyid = 374821 and bannerexposure.bannerid  in 
		(
			select cast(element as int) from surveyfiltergroupelements with(nolock) where typeid = 1 and filtergroupid in (727429)
		)
	)
 or 
 exists (
	select 1 from dbo.creativeexposure with (nolock) where  creativeexposure.respondentid = answers374821.id and creativeexposure.surveyid = 374821 and creativeexposure.creativeid  in 
		(
			select element from surveyfiltergroupelements with(nolock) where typeid = 2 and filtergroupid in (727429)
		)
	)
 or 
 exists (
	select 1 from dbo.placementexposure with (nolock) where  placementexposure.respondentid = answers374821.id and placementexposure.surveyid = 374821 and placementexposure.placementid  in 
		(
			select element from surveyfiltergroupelements with(nolock) where typeid = 3 and filtergroupid in (727429)
		)
	)
))",Placement Publisher - Amazon CTV (US),49,CORE,FALSE,24968948
344,2025-11-04 14:04:30,374821,Site All Hits,25033369,q4 in (select bannerid from adServerBanners where campaignid=79821 and site=25485) or (Q2 like '%12616081%' or Q2 like '%12690015%'),Amazon (AU),0,CORE,FALSE,25033369
619,2025-11-04 14:04:30,373075,Site All Hits,23784084,q4 in (select bannerid from adServerBanners where campaignid=78558 and site=28362) or (Q2 like '%12594457%'),Meta Audience Network Consented (Meta DI) (US),10,HISPANIC,FALSE,23784084
247,2025-11-04 14:04:30,374821,Creative,24968992,"((
 exists (
	select 1 from dbo.bannerexposure with (nolock) where  bannerexposure.respondentid = answers374821.id and bannerexposure.surveyid = 374821 and bannerexposure.bannerid  in 
		(
			select cast(element as int) from surveyfiltergroupelements with(nolock) where typeid = 1 and filtergroupid in (727389)
		)
	)
 or 
 exists (
	select 1 from dbo.creativeexposure with (nolock) where  creativeexposure.respondentid = answers374821.id and creativeexposure.surveyid = 374821 and creativeexposure.creativeid  in 
		(
			select element from surveyfiltergroupelements with(nolock) where typeid = 2 and filtergroupid in (727389)
		)
	)
 or 
 exists (
	select 1 from dbo.placementexposure with (nolock) where  placementexposure.respondentid = answers374821.id and placementexposure.surveyid = 374821 and placementexposure.placementid  in 
		(
			select element from surveyfiltergroupelements with(nolock) where typeid = 3 and filtergroupid in (727389)
		)
	)
))",Placement Publisher - siriusxm.com,0,CORE,FALSE,24968992
475,2025-11-04 14:04:30,373075,Creative,24878550,"(((
 exists (
	select 1 from dbo.bannerexposure with (nolock) where  bannerexposure.respondentid = answers373075.id and bannerexposure.surveyid = 373075 and bannerexposure.bannerid  in 
		(
			select cast(element as int) from surveyfiltergroupelements with(nolock) where typeid = 1 and filtergroupid in (724366)
		)
	)
 or 
 exists (
	select 1 from dbo.creativeexposure with (nolock) where  creativeexposure.respondentid = answers373075.id and creativeexposure.surveyid = 373075 and creativeexposure.creativeid  in 
		(
			select element from surveyfiltergroupelements with(nolock) where typeid = 2 and filtergroupid in (724366)
		)
	)
 or 
 exists (
	select 1 from dbo.placementexposure with (nolock) where  placementexposure.respondentid = answers373075.id and placementexposure.surveyid = 373075 and placementexposure.placementid  in 
		(
			select element from surveyfiltergroupelements with(nolock) where typeid = 3 and filtergroupid in (724366)
		)
	)
)) or ((Q4 in (select value from surveyfilterelements with(nolock) where filterid=24878550 and type='mapctrlbanner'))))",Theme - Naptime Hispanic,1098,HISPANIC,TRUE,24878550
352,2025-11-04 14:04:30,374821,Site All Hits,25033285,q4 in (select bannerid from adServerBanners where campaignid=79821 and site=22782) or (Q2 like '%12442064%' or Q2 like '%12453998%' or Q2 like '%12593791%' or Q2 like '%12595491%'),Amazon CTV  (DE),0,CORE,FALSE,25033285
380,2025-11-04 14:04:30,374821,Site,25033273,q4 in (select bannerid from adServerBanners where campaignid=79821 and site=22777),Amazon CTV (CA),0,CORE,FALSE,25033273
19,2025-11-04 14:04:30,374821,Delivery Category,22228247,"(substring(Q231,2,1)='2')","Groceries (e.g., dairy, eggs, produce, meat, bread, snacks, pasta, etc.)",16569,CORE,FALSE,22228247
454,2025-11-04 14:04:30,373075,Creative,24878529,"(((
 exists (
	select 1 from dbo.bannerexposure with (nolock) where  bannerexposure.respondentid = answers373075.id and bannerexposure.surveyid = 373075 and bannerexposure.bannerid  in 
		(
			select cast(element as int) from surveyfiltergroupelements with(nolock) where typeid = 1 and filtergroupid in (724298)
		)
	)
 or 
 exists (
	select 1 from dbo.creativeexposure with (nolock) where  creativeexposure.respondentid = answers373075.id and creativeexposure.surveyid = 373075 and creativeexposure.creativeid  in 
		(
			select element from surveyfiltergroupelements with(nolock) where typeid = 2 and filtergroupid in (724298)
		)
	)
 or 
 exists (
	select 1 from dbo.placementexposure with (nolock) where  placementexposure.respondentid = answers373075.id and placementexposure.surveyid = 373075 and placementexposure.placementid  in 
		(
			select element from surveyfiltergroupelements with(nolock) where typeid = 3 and filtergroupid in (724298)
		)
	)
)) or ((Q4 in (select value from surveyfilterelements with(nolock) where filterid=24878529 and type='mapctrlbanner'))))",Size/Length - 30s,2803,HISPANIC,TRUE,24878529
187,2025-11-04 14:04:30,374821,Creative,24968932,"((
 exists (
	select 1 from dbo.bannerexposure with (nolock) where  bannerexposure.respondentid = answers374821.id and bannerexposure.surveyid = 374821 and bannerexposure.bannerid  in 
		(
			select cast(element as int) from surveyfiltergroupelements with(nolock) where typeid = 1 and filtergroupid in (727209)
		)
	)
 or 
 exists (
	select 1 from dbo.creativeexposure with (nolock) where  creativeexposure.respondentid = answers374821.id and creativeexposure.surveyid = 374821 and creativeexposure.creativeid  in 
		(
			select element from surveyfiltergroupelements with(nolock) where typeid = 2 and filtergroupid in (727209)
		)
	)
 or 
 exists (
	select 1 from dbo.placementexposure with (nolock) where  placementexposure.respondentid = answers374821.id and placementexposure.surveyid = 374821 and placementexposure.placementid  in 
		(
			select element from surveyfiltergroupelements with(nolock) where typeid = 3 and filtergroupid in (727209)
		)
	)
))",Format - DIS,5972,CORE,FALSE,24968932
336,2025-11-04 14:04:30,374821,Creative,24969082,"((
 exists (
	select 1 from dbo.bannerexposure with (nolock) where  bannerexposure.respondentid = answers374821.id and bannerexposure.surveyid = 374821 and bannerexposure.bannerid  in 
		(
			select cast(element as int) from surveyfiltergroupelements with(nolock) where typeid = 1 and filtergroupid in (727234)
		)
	)
 or 
 exists (
	select 1 from dbo.creativeexposure with (nolock) where  creativeexposure.respondentid = answers374821.id and creativeexposure.surveyid = 374821 and creativeexposure.creativeid  in 
		(
			select element from surveyfiltergroupelements with(nolock) where typeid = 2 and filtergroupid in (727234)
		)
	)
 or 
 exists (
	select 1 from dbo.placementexposure with (nolock) where  placementexposure.respondentid = answers374821.id and placementexposure.surveyid = 374821 and placementexposure.placementid  in 
		(
			select element from surveyfiltergroupelements with(nolock) where typeid = 3 and filtergroupid in (727234)
		)
	)
))",Theme - New Cx,3393,CORE,FALSE,24969082
460,2025-11-04 14:04:30,373075,Creative,24878535,"(((
 exists (
	select 1 from dbo.bannerexposure with (nolock) where  bannerexposure.respondentid = answers373075.id and bannerexposure.surveyid = 373075 and bannerexposure.bannerid  in 
		(
			select cast(element as int) from surveyfiltergroupelements with(nolock) where typeid = 1 and filtergroupid in (724300)
		)
	)
 or 
 exists (
	select 1 from dbo.creativeexposure with (nolock) where  creativeexposure.respondentid = answers373075.id and creativeexposure.surveyid = 373075 and creativeexposure.creativeid  in 
		(
			select element from surveyfiltergroupelements with(nolock) where typeid = 2 and filtergroupid in (724300)
		)
	)
 or 
 exists (
	select 1 from dbo.placementexposure with (nolock) where  placementexposure.respondentid = answers373075.id and placementexposure.surveyid = 373075 and placementexposure.placementid  in 
		(
			select element from surveyfiltergroupelements with(nolock) where typeid = 3 and filtergroupid in (724300)
		)
	)
)) or ((Q4 in (select value from surveyfilterelements with(nolock) where filterid=24878535 and type='mapctrlbanner'))))",Size/Length - Custom,1275,HISPANIC,TRUE,24878535
23,2025-11-04 14:04:30,374821,Delivery Item,22228251,"(substring(Q232,1,1)='2')","Fresh Food & Produce  (e.g., meat, dairy, breads, fruit, etc.)",15994,CORE,FALSE,22228251
372,2025-11-04 14:04:30,374821,Site,25033384,(Q4 = '12691499'),Amazon (IN),0,CORE,FALSE,25033384
459,2025-11-04 14:04:30,373075,Creative,24878534,"(((
 exists (
	select 1 from dbo.bannerexposure with (nolock) where  bannerexposure.respondentid = answers373075.id and bannerexposure.surveyid = 373075 and bannerexposure.bannerid  in 
		(
			select cast(element as int) from surveyfiltergroupelements with(nolock) where typeid = 1 and filtergroupid in (724310)
		)
	)
 or 
 exists (
	select 1 from dbo.creativeexposure with (nolock) where  creativeexposure.respondentid = answers373075.id and creativeexposure.surveyid = 373075 and creativeexposure.creativeid  in 
		(
			select element from surveyfiltergroupelements with(nolock) where typeid = 2 and filtergroupid in (724310)
		)
	)
 or 
 exists (
	select 1 from dbo.placementexposure with (nolock) where  placementexposure.respondentid = answers373075.id and placementexposure.surveyid = 373075 and placementexposure.placementid  in 
		(
			select element from surveyfiltergroupelements with(nolock) where typeid = 3 and filtergroupid in (724310)
		)
	)
)) or ((Q4 in (select value from surveyfilterelements with(nolock) where filterid=24878534 and type='mapctrlbanner'))))",Size/Length - 970x250,857,HISPANIC,TRUE,24878534
368,2025-11-04 14:04:30,374821,Site,25033368,q4 in (select bannerid from adServerBanners where campaignid=79821 and site=25485),Amazon (AU),0,CORE,FALSE,25033368
515,2025-11-04 14:04:30,373075,Ethnicity,21583691,"(substring(Q180,6,1)='2')",Hispanic,5268,HISPANIC,FALSE,21583691
376,2025-11-04 14:04:30,374821,Site,25033284,q4 in (select bannerid from adServerBanners where campaignid=79821 and site=22782),Amazon CTV  (DE),0,CORE,FALSE,25033284
171,2025-11-04 14:04:30,374821,Creative,24968916,"((
 exists (
	select 1 from dbo.bannerexposure with (nolock) where  bannerexposure.respondentid = answers374821.id and bannerexposure.surveyid = 374821 and bannerexposure.bannerid  in 
		(
			select cast(element as int) from surveyfiltergroupelements with(nolock) where typeid = 1 and filtergroupid in (727356)
		)
	)
 or 
 exists (
	select 1 from dbo.creativeexposure with (nolock) where  creativeexposure.respondentid = answers374821.id and creativeexposure.surveyid = 374821 and creativeexposure.creativeid  in 
		(
			select element from surveyfiltergroupelements with(nolock) where typeid = 2 and filtergroupid in (727356)
		)
	)
 or 
 exists (
	select 1 from dbo.placementexposure with (nolock) where  placementexposure.respondentid = answers374821.id and placementexposure.surveyid = 374821 and placementexposure.placementid  in 
		(
			select element from surveyfiltergroupelements with(nolock) where typeid = 3 and filtergroupid in (727356)
		)
	)
))","Creative Publisher - Peacock, EyeQ",0,CORE,FALSE,24968916
633,2025-11-04 14:04:30,373075,Site,25000285,q4 in (select bannerid from adServerBanners where campaignid=78558 and site=5068),Amazon (CA),0,HISPANIC,FALSE,25000285
360,2025-11-04 14:04:30,374821,Site All Hits,25033268,q4 in (select bannerid from adServerBanners where campaignid=79821 and site=19514) or (Q2 like '%12441847%' or Q2 like '%12453993%' or Q2 like '%12504834%' or Q2 like '%12593755%' or Q2 like '%12593936%' or Q2 like '%12687819%' or Q2 like '%12687891%'),Amazon Mobile (CA),0,CORE,FALSE,25033268
449,2025-11-04 14:04:30,373075,Creative,24878515,"((
 exists (
	select 1 from dbo.bannerexposure with (nolock) where  bannerexposure.respondentid = answers373075.id and bannerexposure.surveyid = 373075 and bannerexposure.bannerid  in 
		(
			select cast(element as int) from surveyfiltergroupelements with(nolock) where typeid = 1 and filtergroupid in (724371)
		)
	)
 or 
 exists (
	select 1 from dbo.creativeexposure with (nolock) where  creativeexposure.respondentid = answers373075.id and creativeexposure.surveyid = 373075 and creativeexposure.creativeid  in 
		(
			select element from surveyfiltergroupelements with(nolock) where typeid = 2 and filtergroupid in (724371)
		)
	)
 or 
 exists (
	select 1 from dbo.placementexposure with (nolock) where  placementexposure.respondentid = answers373075.id and placementexposure.surveyid = 373075 and placementexposure.placementid  in 
		(
			select element from surveyfiltergroupelements with(nolock) where typeid = 3 and filtergroupid in (724371)
		)
	)
))",Placement Targeting Tactic - Retargeting,0,HISPANIC,FALSE,24878515
7,2025-11-04 14:04:30,374821,Site All Hits,22175117,"q4 in (select bannerid from adServerBanners where campaignid=79821 and site=2432) or ID IN (select id from answers374821 cross apply [SQL#].[String_Split4k](Q2, ',', 2) SplitTable cross apply [SQL#].[String_Split4k](SplitTable.SplitVal, '-', 2) bannerid where bannerid.SplitNum = 1 and bannerid.SplitVal in ( select value from dbo.surveyfilterelements WHERE surveyfilterelements.filterid=22175117 and type='in-clause' and surveyfilterelements.question='Q2' ) )",Pandora Mobile (US),75,CORE,FALSE,22175117
473,2025-11-04 14:04:30,373075,Creative,24878548,"((
 exists (
	select 1 from dbo.bannerexposure with (nolock) where  bannerexposure.respondentid = answers373075.id and bannerexposure.surveyid = 373075 and bannerexposure.bannerid  in 
		(
			select cast(element as int) from surveyfiltergroupelements with(nolock) where typeid = 1 and filtergroupid in (724359)
		)
	)
 or 
 exists (
	select 1 from dbo.creativeexposure with (nolock) where  creativeexposure.respondentid = answers373075.id and creativeexposure.surveyid = 373075 and creativeexposure.creativeid  in 
		(
			select element from surveyfiltergroupelements with(nolock) where typeid = 2 and filtergroupid in (724359)
		)
	)
 or 
 exists (
	select 1 from dbo.placementexposure with (nolock) where  placementexposure.respondentid = answers373075.id and placementexposure.surveyid = 373075 and placementexposure.placementid  in 
		(
			select element from surveyfiltergroupelements with(nolock) where typeid = 3 and filtergroupid in (724359)
		)
	)
))",Theme - Max The last of us,0,HISPANIC,FALSE,24878548
356,2025-11-04 14:04:30,374821,Site All Hits,25033275,q4 in (select bannerid from adServerBanners where campaignid=79821 and site=22777) or (Q2 like '%12441850%' or Q2 like '%12453996%' or Q2 like '%12493789%' or Q2 like '%12593758%' or Q2 like '%12593790%' or Q2 like '%12687820%' or Q2 like '%12687892%'),Amazon CTV (CA),0,CORE,FALSE,25033275
608,2025-11-04 14:04:30,373075,Site All Hits,25000290,q4 in (select bannerid from adServerBanners where campaignid=78558 and site=22778) or (Q2 like '%12509818%' or Q2 like '%12593930%' or Q2 like '%12594365%' or Q2 like '%12687815%' or Q2 like '%12688156%'),Amazon Tablet (CA),0,HISPANIC,FALSE,25000290
175,2025-11-04 14:04:30,374821,Creative,24968920,"((
 exists (
	select 1 from dbo.bannerexposure with (nolock) where  bannerexposure.respondentid = answers374821.id and bannerexposure.surveyid = 374821 and bannerexposure.bannerid  in 
		(
			select cast(element as int) from surveyfiltergroupelements with(nolock) where typeid = 1 and filtergroupid in (727330)
		)
	)
 or 
 exists (
	select 1 from dbo.creativeexposure with (nolock) where  creativeexposure.respondentid = answers374821.id and creativeexposure.surveyid = 374821 and creativeexposure.creativeid  in 
		(
			select element from surveyfiltergroupelements with(nolock) where typeid = 2 and filtergroupid in (727330)
		)
	)
 or 
 exists (
	select 1 from dbo.placementexposure with (nolock) where  placementexposure.respondentid = answers374821.id and placementexposure.surveyid = 374821 and placementexposure.placementid  in 
		(
			select element from surveyfiltergroupelements with(nolock) where typeid = 3 and filtergroupid in (727330)
		)
	)
))",Creative Publisher - Roku,2646,CORE,FALSE,24968920
632,2025-11-04 14:04:30,373075,Site,25000279,q4 in (select bannerid from adServerBanners where campaignid=78558 and site=27103),Amazon (BR),0,HISPANIC,FALSE,25000279
652,2025-11-04 14:04:30,373075,Site,25000317,(Q4 = '12642432'),Amazon Tablet (UK),0,HISPANIC,FALSE,25000317
523,2025-11-04 14:04:30,373075,"Frequency (1, 2-3, 4+)",21361288,Q3>=4,4+,1620,HISPANIC,FALSE,21361288
251,2025-11-04 14:04:30,374821,Creative,24968996,"((
 exists (
	select 1 from dbo.bannerexposure with (nolock) where  bannerexposure.respondentid = answers374821.id and bannerexposure.surveyid = 374821 and bannerexposure.bannerid  in 
		(
			select cast(element as int) from surveyfiltergroupelements with(nolock) where typeid = 1 and filtergroupid in (727279)
		)
	)
 or 
 exists (
	select 1 from dbo.creativeexposure with (nolock) where  creativeexposure.respondentid = answers374821.id and creativeexposure.surveyid = 374821 and creativeexposure.creativeid  in 
		(
			select element from surveyfiltergroupelements with(nolock) where typeid = 2 and filtergroupid in (727279)
		)
	)
 or 
 exists (
	select 1 from dbo.placementexposure with (nolock) where  placementexposure.respondentid = answers374821.id and placementexposure.surveyid = 374821 and placementexposure.placementid  in 
		(
			select element from surveyfiltergroupelements with(nolock) where typeid = 3 and filtergroupid in (727279)
		)
	)
))",Placement Publisher - Starglow Media Podcast (US),83,CORE,FALSE,24968996
182,2025-11-04 14:04:30,374821,Creative,24968927,"((
 exists (
	select 1 from dbo.bannerexposure with (nolock) where  bannerexposure.respondentid = answers374821.id and bannerexposure.surveyid = 374821 and bannerexposure.bannerid  in 
		(
			select cast(element as int) from surveyfiltergroupelements with(nolock) where typeid = 1 and filtergroupid in (727322)
		)
	)
 or 
 exists (
	select 1 from dbo.creativeexposure with (nolock) where  creativeexposure.respondentid = answers374821.id and creativeexposure.surveyid = 374821 and creativeexposure.creativeid  in 
		(
			select element from surveyfiltergroupelements with(nolock) where typeid = 2 and filtergroupid in (727322)
		)
	)
 or 
 exists (
	select 1 from dbo.placementexposure with (nolock) where  placementexposure.respondentid = answers374821.id and placementexposure.surveyid = 374821 and placementexposure.placementid  in 
		(
			select element from surveyfiltergroupelements with(nolock) where typeid = 3 and filtergroupid in (727322)
		)
	)
))",Creative Publisher - Twitch (US),356,CORE,FALSE,24968927
617,2025-11-04 14:04:30,373075,Site All Hits,21280990,q4 in (select bannerid from adServerBanners where campaignid=78558 and site=25224) or (Q2 like '%12358574%' or Q2 like '%12358575%'),Fubo.TV CTV (US),385,HISPANIC,FALSE,21280990
207,2025-11-04 14:04:30,374821,Creative,24968952,"((
 exists (
	select 1 from dbo.bannerexposure with (nolock) where  bannerexposure.respondentid = answers374821.id and bannerexposure.surveyid = 374821 and bannerexposure.bannerid  in 
		(
			select cast(element as int) from surveyfiltergroupelements with(nolock) where typeid = 1 and filtergroupid in (727412)
		)
	)
 or 
 exists (
	select 1 from dbo.creativeexposure with (nolock) where  creativeexposure.respondentid = answers374821.id and creativeexposure.surveyid = 374821 and creativeexposure.creativeid  in 
		(
			select element from surveyfiltergroupelements with(nolock) where typeid = 2 and filtergroupid in (727412)
		)
	)
 or 
 exists (
	select 1 from dbo.placementexposure with (nolock) where  placementexposure.respondentid = answers374821.id and placementexposure.surveyid = 374821 and placementexposure.placementid  in 
		(
			select element from surveyfiltergroupelements with(nolock) where typeid = 3 and filtergroupid in (727412)
		)
	)
))",Placement Publisher - CBS,733,CORE,FALSE,24968952
364,2025-11-04 14:04:30,374821,Site All Hits,25033282,q4 in (select bannerid from adServerBanners where campaignid=79821 and site=22778) or (Q2 like '%12442063%' or Q2 like '%12453997%' or Q2 like '%12509819%' or Q2 like '%12593931%' or Q2 like '%12594366%' or Q2 like '%12687821%' or Q2 like '%12688157%'),Amazon Tablet (CA),0,CORE,FALSE,25033282
481,2025-11-04 14:04:30,373075,Creative,24878556,"((
 exists (
	select 1 from dbo.bannerexposure with (nolock) where  bannerexposure.respondentid = answers373075.id and bannerexposure.surveyid = 373075 and bannerexposure.bannerid  in 
		(
			select cast(element as int) from surveyfiltergroupelements with(nolock) where typeid = 1 and filtergroupid in (724347)
		)
	)
 or 
 exists (
	select 1 from dbo.creativeexposure with (nolock) where  creativeexposure.respondentid = answers373075.id and creativeexposure.surveyid = 373075 and creativeexposure.creativeid  in 
		(
			select element from surveyfiltergroupelements with(nolock) where typeid = 2 and filtergroupid in (724347)
		)
	)
 or 
 exists (
	select 1 from dbo.placementexposure with (nolock) where  placementexposure.respondentid = answers373075.id and placementexposure.surveyid = 373075 and placementexposure.placementid  in 
		(
			select element from surveyfiltergroupelements with(nolock) where typeid = 3 and filtergroupid in (724347)
		)
	)
))",Theme - Steam,0,HISPANIC,FALSE,24878556
468,2025-11-04 14:04:30,373075,Creative,24878543,"((
 exists (
	select 1 from dbo.bannerexposure with (nolock) where  bannerexposure.respondentid = answers373075.id and bannerexposure.surveyid = 373075 and bannerexposure.bannerid  in 
		(
			select cast(element as int) from surveyfiltergroupelements with(nolock) where typeid = 1 and filtergroupid in (724349)
		)
	)
 or 
 exists (
	select 1 from dbo.creativeexposure with (nolock) where  creativeexposure.respondentid = answers373075.id and creativeexposure.surveyid = 373075 and creativeexposure.creativeid  in 
		(
			select element from surveyfiltergroupelements with(nolock) where typeid = 2 and filtergroupid in (724349)
		)
	)
 or 
 exists (
	select 1 from dbo.placementexposure with (nolock) where  placementexposure.respondentid = answers373075.id and placementexposure.surveyid = 373075 and placementexposure.placementid  in 
		(
			select element from surveyfiltergroupelements with(nolock) where typeid = 3 and filtergroupid in (724349)
		)
	)
))",Theme - Give Yourself A Pass,0,HISPANIC,FALSE,24878543
3,2025-11-04 14:04:30,374821,Site All Hits,21968365,q4 in (select bannerid from adServerBanners where campaignid=79821 and site=27596) or (Q2 like '%12430986%'),EyeQ (US),3917,CORE,FALSE,21968365
12,2025-11-04 14:04:30,374821,Last Delivery,22228240,(Q230=2),Within the past 2-4 weeks,3228,CORE,FALSE,22228240
191,2025-11-04 14:04:30,374821,Creative,24968936,"((
 exists (
	select 1 from dbo.bannerexposure with (nolock) where  bannerexposure.respondentid = answers374821.id and bannerexposure.surveyid = 374821 and bannerexposure.bannerid  in 
		(
			select cast(element as int) from surveyfiltergroupelements with(nolock) where typeid = 1 and filtergroupid in (727219)
		)
	)
 or 
 exists (
	select 1 from dbo.creativeexposure with (nolock) where  creativeexposure.respondentid = answers374821.id and creativeexposure.surveyid = 374821 and creativeexposure.creativeid  in 
		(
			select element from surveyfiltergroupelements with(nolock) where typeid = 2 and filtergroupid in (727219)
		)
	)
 or 
 exists (
	select 1 from dbo.placementexposure with (nolock) where  placementexposure.respondentid = answers374821.id and placementexposure.surveyid = 374821 and placementexposure.placementid  in 
		(
			select element from surveyfiltergroupelements with(nolock) where typeid = 3 and filtergroupid in (727219)
		)
	)
))",Format - VID,9584,CORE,FALSE,24968936
467,2025-11-04 14:04:30,373075,Creative,24878542,"((
 exists (
	select 1 from dbo.bannerexposure with (nolock) where  bannerexposure.respondentid = answers373075.id and bannerexposure.surveyid = 373075 and bannerexposure.bannerid  in 
		(
			select cast(element as int) from surveyfiltergroupelements with(nolock) where typeid = 1 and filtergroupid in (724341)
		)
	)
 or 
 exists (
	select 1 from dbo.creativeexposure with (nolock) where  creativeexposure.respondentid = answers373075.id and creativeexposure.surveyid = 373075 and creativeexposure.creativeid  in 
		(
			select element from surveyfiltergroupelements with(nolock) where typeid = 2 and filtergroupid in (724341)
		)
	)
 or 
 exists (
	select 1 from dbo.placementexposure with (nolock) where  placementexposure.respondentid = answers373075.id and placementexposure.surveyid = 373075 and placementexposure.placementid  in 
		(
			select element from surveyfiltergroupelements with(nolock) where typeid = 3 and filtergroupid in (724341)
		)
	)
))",Theme - DashPass Math,0,HISPANIC,FALSE,24878542
38,2025-11-04 14:04:30,374821,Past Brand Recency - Uber Eats,22228318,(Q235_2 in (1)),Once a week,4918,CORE,FALSE,22228318
464,2025-11-04 14:04:30,373075,Creative,24878539,"((
 exists (
	select 1 from dbo.bannerexposure with (nolock) where  bannerexposure.respondentid = answers373075.id and bannerexposure.surveyid = 373075 and bannerexposure.bannerid  in 
		(
			select cast(element as int) from surveyfiltergroupelements with(nolock) where typeid = 1 and filtergroupid in (724328)
		)
	)
 or 
 exists (
	select 1 from dbo.creativeexposure with (nolock) where  creativeexposure.respondentid = answers373075.id and creativeexposure.surveyid = 373075 and creativeexposure.creativeid  in 
		(
			select element from surveyfiltergroupelements with(nolock) where typeid = 2 and filtergroupid in (724328)
		)
	)
 or 
 exists (
	select 1 from dbo.placementexposure with (nolock) where  placementexposure.respondentid = answers373075.id and placementexposure.surveyid = 373075 and placementexposure.placementid  in 
		(
			select element from surveyfiltergroupelements with(nolock) where typeid = 3 and filtergroupid in (724328)
		)
	)
))",Theme - College GameDay,0,HISPANIC,FALSE,24878539
243,2025-11-04 14:04:30,374821,Creative,24968988,"((
 exists (
	select 1 from dbo.bannerexposure with (nolock) where  bannerexposure.respondentid = answers374821.id and bannerexposure.surveyid = 374821 and bannerexposure.bannerid  in 
		(
			select cast(element as int) from surveyfiltergroupelements with(nolock) where typeid = 1 and filtergroupid in (727409)
		)
	)
 or 
 exists (
	select 1 from dbo.creativeexposure with (nolock) where  creativeexposure.respondentid = answers374821.id and creativeexposure.surveyid = 374821 and creativeexposure.creativeid  in 
		(
			select element from surveyfiltergroupelements with(nolock) where typeid = 2 and filtergroupid in (727409)
		)
	)
 or 
 exists (
	select 1 from dbo.placementexposure with (nolock) where  placementexposure.respondentid = answers374821.id and placementexposure.surveyid = 374821 and placementexposure.placementid  in 
		(
			select element from surveyfiltergroupelements with(nolock) where typeid = 3 and filtergroupid in (727409)
		)
	)
))",Placement Publisher - Roku,3971,CORE,FALSE,24968988
452,2025-11-04 14:04:30,373075,Creative,24878527,"(((
 exists (
	select 1 from dbo.bannerexposure with (nolock) where  bannerexposure.respondentid = answers373075.id and bannerexposure.surveyid = 373075 and bannerexposure.bannerid  in 
		(
			select cast(element as int) from surveyfiltergroupelements with(nolock) where typeid = 1 and filtergroupid in (724306)
		)
	)
 or 
 exists (
	select 1 from dbo.creativeexposure with (nolock) where  creativeexposure.respondentid = answers373075.id and creativeexposure.surveyid = 373075 and creativeexposure.creativeid  in 
		(
			select element from surveyfiltergroupelements with(nolock) where typeid = 2 and filtergroupid in (724306)
		)
	)
 or 
 exists (
	select 1 from dbo.placementexposure with (nolock) where  placementexposure.respondentid = answers373075.id and placementexposure.surveyid = 373075 and placementexposure.placementid  in 
		(
			select element from surveyfiltergroupelements with(nolock) where typeid = 3 and filtergroupid in (724306)
		)
	)
)) or ((Q4 in (select value from surveyfilterelements with(nolock) where filterid=24878527 and type='mapctrlbanner'))))",Size/Length - 300x250,1410,HISPANIC,TRUE,24878527
156,2025-11-04 14:04:30,374821,Creative,24968900,"((
 exists (
	select 1 from dbo.bannerexposure with (nolock) where  bannerexposure.respondentid = answers374821.id and bannerexposure.surveyid = 374821 and bannerexposure.bannerid  in 
		(
			select cast(element as int) from surveyfiltergroupelements with(nolock) where typeid = 1 and filtergroupid in (727337)
		)
	)
 or 
 exists (
	select 1 from dbo.creativeexposure with (nolock) where  creativeexposure.respondentid = answers374821.id and creativeexposure.surveyid = 374821 and creativeexposure.creativeid  in 
		(
			select element from surveyfiltergroupelements with(nolock) where typeid = 2 and filtergroupid in (727337)
		)
	)
 or 
 exists (
	select 1 from dbo.placementexposure with (nolock) where  placementexposure.respondentid = answers374821.id and placementexposure.surveyid = 374821 and placementexposure.placementid  in 
		(
			select element from surveyfiltergroupelements with(nolock) where typeid = 3 and filtergroupid in (727337)
		)
	)
))",Creative Publisher - iHeart Radio,0,CORE,FALSE,24968900
462,2025-11-04 14:04:30,373075,Creative,24878537,"((
 exists (
	select 1 from dbo.bannerexposure with (nolock) where  bannerexposure.respondentid = answers373075.id and bannerexposure.surveyid = 373075 and bannerexposure.bannerid  in 
		(
			select cast(element as int) from surveyfiltergroupelements with(nolock) where typeid = 1 and filtergroupid in (724356)
		)
	)
 or 
 exists (
	select 1 from dbo.creativeexposure with (nolock) where  creativeexposure.respondentid = answers373075.id and creativeexposure.surveyid = 373075 and creativeexposure.creativeid  in 
		(
			select element from surveyfiltergroupelements with(nolock) where typeid = 2 and filtergroupid in (724356)
		)
	)
 or 
 exists (
	select 1 from dbo.placementexposure with (nolock) where  placementexposure.respondentid = answers373075.id and placementexposure.surveyid = 373075 and placementexposure.placementid  in 
		(
			select element from surveyfiltergroupelements with(nolock) where typeid = 3 and filtergroupid in (724356)
		)
	)
))",Theme - Bubble Bath,0,HISPANIC,FALSE,24878537
199,2025-11-04 14:04:30,374821,Creative,24968944,"((
 exists (
	select 1 from dbo.bannerexposure with (nolock) where  bannerexposure.respondentid = answers374821.id and bannerexposure.surveyid = 374821 and bannerexposure.bannerid  in 
		(
			select cast(element as int) from surveyfiltergroupelements with(nolock) where typeid = 1 and filtergroupid in (727284)
		)
	)
 or 
 exists (
	select 1 from dbo.creativeexposure with (nolock) where  creativeexposure.respondentid = answers374821.id and creativeexposure.surveyid = 374821 and creativeexposure.creativeid  in 
		(
			select element from surveyfiltergroupelements with(nolock) where typeid = 2 and filtergroupid in (727284)
		)
	)
 or 
 exists (
	select 1 from dbo.placementexposure with (nolock) where  placementexposure.respondentid = answers374821.id and placementexposure.surveyid = 374821 and placementexposure.placementid  in 
		(
			select element from surveyfiltergroupelements with(nolock) where typeid = 3 and filtergroupid in (727284)
		)
	)
))",Placement Publisher - Acast Podcast (US),260,CORE,FALSE,24968944
325,2025-11-04 14:04:30,374821,Creative,24969071,"((
 exists (
	select 1 from dbo.bannerexposure with (nolock) where  bannerexposure.respondentid = answers374821.id and bannerexposure.surveyid = 374821 and bannerexposure.bannerid  in 
		(
			select cast(element as int) from surveyfiltergroupelements with(nolock) where typeid = 1 and filtergroupid in (727271)
		)
	)
 or 
 exists (
	select 1 from dbo.creativeexposure with (nolock) where  creativeexposure.respondentid = answers374821.id and creativeexposure.surveyid = 374821 and creativeexposure.creativeid  in 
		(
			select element from surveyfiltergroupelements with(nolock) where typeid = 2 and filtergroupid in (727271)
		)
	)
 or 
 exists (
	select 1 from dbo.placementexposure with (nolock) where  placementexposure.respondentid = answers374821.id and placementexposure.surveyid = 374821 and placementexposure.placementid  in 
		(
			select element from surveyfiltergroupelements with(nolock) where typeid = 3 and filtergroupid in (727271)
		)
	)
))",Theme - DashPassxChase,774,CORE,FALSE,24969071
150,2025-11-04 14:04:30,374821,Creative,24968894,"((
 exists (
	select 1 from dbo.bannerexposure with (nolock) where  bannerexposure.respondentid = answers374821.id and bannerexposure.surveyid = 374821 and bannerexposure.bannerid  in 
		(
			select cast(element as int) from surveyfiltergroupelements with(nolock) where typeid = 1 and filtergroupid in (727305)
		)
	)
 or 
 exists (
	select 1 from dbo.creativeexposure with (nolock) where  creativeexposure.respondentid = answers374821.id and creativeexposure.surveyid = 374821 and creativeexposure.creativeid  in 
		(
			select element from surveyfiltergroupelements with(nolock) where typeid = 2 and filtergroupid in (727305)
		)
	)
 or 
 exists (
	select 1 from dbo.placementexposure with (nolock) where  placementexposure.respondentid = answers374821.id and placementexposure.surveyid = 374821 and placementexposure.placementid  in 
		(
			select element from surveyfiltergroupelements with(nolock) where typeid = 3 and filtergroupid in (727305)
		)
	)
))",Creative Publisher - Draft Kings,0,CORE,FALSE,24968894
451,2025-11-04 14:04:30,373075,Creative,24878525,"(((
 exists (
	select 1 from dbo.bannerexposure with (nolock) where  bannerexposure.respondentid = answers373075.id and bannerexposure.surveyid = 373075 and bannerexposure.bannerid  in 
		(
			select cast(element as int) from surveyfiltergroupelements with(nolock) where typeid = 1 and filtergroupid in (724308)
		)
	)
 or 
 exists (
	select 1 from dbo.creativeexposure with (nolock) where  creativeexposure.respondentid = answers373075.id and creativeexposure.surveyid = 373075 and creativeexposure.creativeid  in 
		(
			select element from surveyfiltergroupelements with(nolock) where typeid = 2 and filtergroupid in (724308)
		)
	)
 or 
 exists (
	select 1 from dbo.placementexposure with (nolock) where  placementexposure.respondentid = answers373075.id and placementexposure.surveyid = 373075 and placementexposure.placementid  in 
		(
			select element from surveyfiltergroupelements with(nolock) where typeid = 3 and filtergroupid in (724308)
		)
	)
)) or ((Q4 in (select value from surveyfilterelements with(nolock) where filterid=24878525 and type='mapctrlbanner'))))",Size/Length - 160x600,705,HISPANIC,TRUE,24878525
623,2025-11-04 14:04:30,373075,Site All Hits,21505943,q4 in (select bannerid from adServerBanners where campaignid=78558 and site=13883) or (Q2 like '%12376378%' or Q2 like '%12376379%' or Q2 like '%12393793%' or Q2 like '%12439763%' or Q2 like '%12439765%'),Pandora Auto (US),7,HISPANIC,FALSE,21505943
227,2025-11-04 14:04:30,374821,Creative,24968972,"((
 exists (
	select 1 from dbo.bannerexposure with (nolock) where  bannerexposure.respondentid = answers374821.id and bannerexposure.surveyid = 374821 and bannerexposure.bannerid  in 
		(
			select cast(element as int) from surveyfiltergroupelements with(nolock) where typeid = 1 and filtergroupid in (727249)
		)
	)
 or 
 exists (
	select 1 from dbo.creativeexposure with (nolock) where  creativeexposure.respondentid = answers374821.id and creativeexposure.surveyid = 374821 and creativeexposure.creativeid  in 
		(
			select element from surveyfiltergroupelements with(nolock) where typeid = 2 and filtergroupid in (727249)
		)
	)
 or 
 exists (
	select 1 from dbo.placementexposure with (nolock) where  placementexposure.respondentid = answers374821.id and placementexposure.surveyid = 374821 and placementexposure.placementid  in 
		(
			select element from surveyfiltergroupelements with(nolock) where typeid = 3 and filtergroupid in (727249)
		)
	)
))",Placement Publisher - MIQ Logistics (US),2161,CORE,FALSE,24968972
44,2025-11-04 14:04:30,374821,Past Brand Recency - Instacart,22228324,(Q235_3 in (3)),I did not use in the past 30 days,2566,CORE,FALSE,22228324
638,2025-11-04 14:04:30,373075,Site,25000313,(Q4 = '12603703'),Amazon (NL),0,HISPANIC,FALSE,25000313
170,2025-11-04 14:04:30,374821,Creative,24968915,"((
 exists (
	select 1 from dbo.bannerexposure with (nolock) where  bannerexposure.respondentid = answers374821.id and bannerexposure.surveyid = 374821 and bannerexposure.bannerid  in 
		(
			select cast(element as int) from surveyfiltergroupelements with(nolock) where typeid = 1 and filtergroupid in (727339)
		)
	)
 or 
 exists (
	select 1 from dbo.creativeexposure with (nolock) where  creativeexposure.respondentid = answers374821.id and creativeexposure.surveyid = 374821 and creativeexposure.creativeid  in 
		(
			select element from surveyfiltergroupelements with(nolock) where typeid = 2 and filtergroupid in (727339)
		)
	)
 or 
 exists (
	select 1 from dbo.placementexposure with (nolock) where  placementexposure.respondentid = answers374821.id and placementexposure.surveyid = 374821 and placementexposure.placementid  in 
		(
			select element from surveyfiltergroupelements with(nolock) where typeid = 3 and filtergroupid in (727339)
		)
	)
))",Creative Publisher - Peacock TV,0,CORE,FALSE,24968915
235,2025-11-04 14:04:30,374821,Creative,24968980,"((
 exists (
	select 1 from dbo.bannerexposure with (nolock) where  bannerexposure.respondentid = answers374821.id and bannerexposure.surveyid = 374821 and bannerexposure.bannerid  in 
		(
			select cast(element as int) from surveyfiltergroupelements with(nolock) where typeid = 1 and filtergroupid in (727400)
		)
	)
 or 
 exists (
	select 1 from dbo.creativeexposure with (nolock) where  creativeexposure.respondentid = answers374821.id and creativeexposure.surveyid = 374821 and creativeexposure.creativeid  in 
		(
			select element from surveyfiltergroupelements with(nolock) where typeid = 2 and filtergroupid in (727400)
		)
	)
 or 
 exists (
	select 1 from dbo.placementexposure with (nolock) where  placementexposure.respondentid = answers374821.id and placementexposure.surveyid = 374821 and placementexposure.placementid  in 
		(
			select element from surveyfiltergroupelements with(nolock) where typeid = 3 and filtergroupid in (727400)
		)
	)
))",Placement Publisher - Pandora Auto (US),8,CORE,FALSE,24968980
6,2025-11-04 14:04:30,374821,Site All Hits,22175115,q4 in (select bannerid from adServerBanners where campaignid=79821 and site=18574) or (Q2 like '%12439768%' or Q2 like '%12439770%'),Pandora Connected Home (US),28,CORE,FALSE,22175115
521,2025-11-04 14:04:30,373075,"Frequency (1, 2-3, 4+)",21679350,(Q3>=2),2+,1998,HISPANIC,FALSE,21679350
163,2025-11-04 14:04:30,374821,Creative,24968908,"((
 exists (
	select 1 from dbo.bannerexposure with (nolock) where  bannerexposure.respondentid = answers374821.id and bannerexposure.surveyid = 374821 and bannerexposure.bannerid  in 
		(
			select cast(element as int) from surveyfiltergroupelements with(nolock) where typeid = 1 and filtergroupid in (727346)
		)
	)
 or 
 exists (
	select 1 from dbo.creativeexposure with (nolock) where  creativeexposure.respondentid = answers374821.id and creativeexposure.surveyid = 374821 and creativeexposure.creativeid  in 
		(
			select element from surveyfiltergroupelements with(nolock) where typeid = 2 and filtergroupid in (727346)
		)
	)
 or 
 exists (
	select 1 from dbo.placementexposure with (nolock) where  placementexposure.respondentid = answers374821.id and placementexposure.surveyid = 374821 and placementexposure.placementid  in 
		(
			select element from surveyfiltergroupelements with(nolock) where typeid = 3 and filtergroupid in (727346)
		)
	)
))",Creative Publisher - Netflix DI (US),810,CORE,FALSE,24968908
231,2025-11-04 14:04:30,374821,Creative,24968976,"((
 exists (
	select 1 from dbo.bannerexposure with (nolock) where  bannerexposure.respondentid = answers374821.id and bannerexposure.surveyid = 374821 and bannerexposure.bannerid  in 
		(
			select cast(element as int) from surveyfiltergroupelements with(nolock) where typeid = 1 and filtergroupid in (727385)
		)
	)
 or 
 exists (
	select 1 from dbo.creativeexposure with (nolock) where  creativeexposure.respondentid = answers374821.id and creativeexposure.surveyid = 374821 and creativeexposure.creativeid  in 
		(
			select element from surveyfiltergroupelements with(nolock) where typeid = 2 and filtergroupid in (727385)
		)
	)
 or 
 exists (
	select 1 from dbo.placementexposure with (nolock) where  placementexposure.respondentid = answers374821.id and placementexposure.surveyid = 374821 and placementexposure.placementid  in 
		(
			select element from surveyfiltergroupelements with(nolock) where typeid = 3 and filtergroupid in (727385)
		)
	)
))",Placement Publisher - NBA,2150,CORE,FALSE,24968976
188,2025-11-04 14:04:30,374821,Creative,24968933,"((
 exists (
	select 1 from dbo.bannerexposure with (nolock) where  bannerexposure.respondentid = answers374821.id and bannerexposure.surveyid = 374821 and bannerexposure.bannerid  in 
		(
			select cast(element as int) from surveyfiltergroupelements with(nolock) where typeid = 1 and filtergroupid in (727252)
		)
	)
 or 
 exists (
	select 1 from dbo.creativeexposure with (nolock) where  creativeexposure.respondentid = answers374821.id and creativeexposure.surveyid = 374821 and creativeexposure.creativeid  in 
		(
			select element from surveyfiltergroupelements with(nolock) where typeid = 2 and filtergroupid in (727252)
		)
	)
 or 
 exists (
	select 1 from dbo.placementexposure with (nolock) where  placementexposure.respondentid = answers374821.id and placementexposure.surveyid = 374821 and placementexposure.placementid  in 
		(
			select element from surveyfiltergroupelements with(nolock) where typeid = 3 and filtergroupid in (727252)
		)
	)
))",Format - SOC,35,CORE,FALSE,24968933
339,2025-11-04 14:04:30,374821,Creative,24969085,"((
 exists (
	select 1 from dbo.bannerexposure with (nolock) where  bannerexposure.respondentid = answers374821.id and bannerexposure.surveyid = 374821 and bannerexposure.bannerid  in 
		(
			select cast(element as int) from surveyfiltergroupelements with(nolock) where typeid = 1 and filtergroupid in (727329)
		)
	)
 or 
 exists (
	select 1 from dbo.creativeexposure with (nolock) where  creativeexposure.respondentid = answers374821.id and creativeexposure.surveyid = 374821 and creativeexposure.creativeid  in 
		(
			select element from surveyfiltergroupelements with(nolock) where typeid = 2 and filtergroupid in (727329)
		)
	)
 or 
 exists (
	select 1 from dbo.placementexposure with (nolock) where  placementexposure.respondentid = answers374821.id and placementexposure.surveyid = 374821 and placementexposure.placementid  in 
		(
			select element from surveyfiltergroupelements with(nolock) where typeid = 3 and filtergroupid in (727329)
		)
	)
))",Theme - NV Tampa,242,CORE,FALSE,24969085
219,2025-11-04 14:04:30,374821,Creative,24968964,"((
 exists (
	select 1 from dbo.bannerexposure with (nolock) where  bannerexposure.respondentid = answers374821.id and bannerexposure.surveyid = 374821 and bannerexposure.bannerid  in 
		(
			select cast(element as int) from surveyfiltergroupelements with(nolock) where typeid = 1 and filtergroupid in (727413)
		)
	)
 or 
 exists (
	select 1 from dbo.creativeexposure with (nolock) where  creativeexposure.respondentid = answers374821.id and creativeexposure.surveyid = 374821 and creativeexposure.creativeid  in 
		(
			select element from surveyfiltergroupelements with(nolock) where typeid = 2 and filtergroupid in (727413)
		)
	)
 or 
 exists (
	select 1 from dbo.placementexposure with (nolock) where  placementexposure.respondentid = answers374821.id and placementexposure.surveyid = 374821 and placementexposure.placementid  in 
		(
			select element from surveyfiltergroupelements with(nolock) where typeid = 3 and filtergroupid in (727413)
		)
	)
))",Placement Publisher - iHeart Radio,0,CORE,FALSE,24968964
347,2025-11-04 14:04:30,374821,Site All Hits,25033362,(Q4 = '12601499') or (Q2 like '%12601499%'),Amazon (DE),0,CORE,FALSE,25033362
313,2025-11-04 14:04:30,374821,Creative,24969059,"((
 exists (
	select 1 from dbo.bannerexposure with (nolock) where  bannerexposure.respondentid = answers374821.id and bannerexposure.surveyid = 374821 and bannerexposure.bannerid  in 
		(
			select cast(element as int) from surveyfiltergroupelements with(nolock) where typeid = 1 and filtergroupid in (727245)
		)
	)
 or 
 exists (
	select 1 from dbo.creativeexposure with (nolock) where  creativeexposure.respondentid = answers374821.id and creativeexposure.surveyid = 374821 and creativeexposure.creativeid  in 
		(
			select element from surveyfiltergroupelements with(nolock) where typeid = 2 and filtergroupid in (727245)
		)
	)
 or 
 exists (
	select 1 from dbo.placementexposure with (nolock) where  placementexposure.respondentid = answers374821.id and placementexposure.surveyid = 374821 and placementexposure.placementid  in 
		(
			select element from surveyfiltergroupelements with(nolock) where typeid = 3 and filtergroupid in (727245)
		)
	)
))",Size/Length - 640x640,0,CORE,FALSE,24969059
180,2025-11-04 14:04:30,374821,Creative,24968925,"((
 exists (
	select 1 from dbo.bannerexposure with (nolock) where  bannerexposure.respondentid = answers374821.id and bannerexposure.surveyid = 374821 and bannerexposure.bannerid  in 
		(
			select cast(element as int) from surveyfiltergroupelements with(nolock) where typeid = 1 and filtergroupid in (727313)
		)
	)
 or 
 exists (
	select 1 from dbo.creativeexposure with (nolock) where  creativeexposure.respondentid = answers374821.id and creativeexposure.surveyid = 374821 and creativeexposure.creativeid  in 
		(
			select element from surveyfiltergroupelements with(nolock) where typeid = 2 and filtergroupid in (727313)
		)
	)
 or 
 exists (
	select 1 from dbo.placementexposure with (nolock) where  placementexposure.respondentid = answers374821.id and placementexposure.surveyid = 374821 and placementexposure.placementid  in 
		(
			select element from surveyfiltergroupelements with(nolock) where typeid = 3 and filtergroupid in (727313)
		)
	)
))",Creative Publisher - The Trade Desk,7069,CORE,FALSE,24968925
14,2025-11-04 14:04:30,374821,Last Delivery,22228242,(Q230=4),Within the past 3-6 months,818,CORE,FALSE,22228242
215,2025-11-04 14:04:30,374821,Creative,24968960,"((
 exists (
	select 1 from dbo.bannerexposure with (nolock) where  bannerexposure.respondentid = answers374821.id and bannerexposure.surveyid = 374821 and bannerexposure.bannerid  in 
		(
			select cast(element as int) from surveyfiltergroupelements with(nolock) where typeid = 1 and filtergroupid in (727430)
		)
	)
 or 
 exists (
	select 1 from dbo.creativeexposure with (nolock) where  creativeexposure.respondentid = answers374821.id and creativeexposure.surveyid = 374821 and creativeexposure.creativeid  in 
		(
			select element from surveyfiltergroupelements with(nolock) where typeid = 2 and filtergroupid in (727430)
		)
	)
 or 
 exists (
	select 1 from dbo.placementexposure with (nolock) where  placementexposure.respondentid = answers374821.id and placementexposure.surveyid = 374821 and placementexposure.placementid  in 
		(
			select element from surveyfiltergroupelements with(nolock) where typeid = 3 and filtergroupid in (727430)
		)
	)
))",Placement Publisher - Facebook Consented (Meta DI) (US),593,CORE,FALSE,24968960
148,2025-11-04 14:04:30,374821,Creative,24968892,"((
 exists (
	select 1 from dbo.bannerexposure with (nolock) where  bannerexposure.respondentid = answers374821.id and bannerexposure.surveyid = 374821 and bannerexposure.bannerid  in 
		(
			select cast(element as int) from surveyfiltergroupelements with(nolock) where typeid = 1 and filtergroupid in (727336)
		)
	)
 or 
 exists (
	select 1 from dbo.creativeexposure with (nolock) where  creativeexposure.respondentid = answers374821.id and creativeexposure.surveyid = 374821 and creativeexposure.creativeid  in 
		(
			select element from surveyfiltergroupelements with(nolock) where typeid = 2 and filtergroupid in (727336)
		)
	)
 or 
 exists (
	select 1 from dbo.placementexposure with (nolock) where  placementexposure.respondentid = answers374821.id and placementexposure.surveyid = 374821 and placementexposure.placementid  in 
		(
			select element from surveyfiltergroupelements with(nolock) where typeid = 3 and filtergroupid in (727336)
		)
	)
))",Creative Publisher - CBS,0,CORE,FALSE,24968892
172,2025-11-04 14:04:30,374821,Creative,24968917,"((
 exists (
	select 1 from dbo.bannerexposure with (nolock) where  bannerexposure.respondentid = answers374821.id and bannerexposure.surveyid = 374821 and bannerexposure.bannerid  in 
		(
			select cast(element as int) from surveyfiltergroupelements with(nolock) where typeid = 1 and filtergroupid in (727354)
		)
	)
 or 
 exists (
	select 1 from dbo.creativeexposure with (nolock) where  creativeexposure.respondentid = answers374821.id and creativeexposure.surveyid = 374821 and creativeexposure.creativeid  in 
		(
			select element from surveyfiltergroupelements with(nolock) where typeid = 2 and filtergroupid in (727354)
		)
	)
 or 
 exists (
	select 1 from dbo.placementexposure with (nolock) where  placementexposure.respondentid = answers374821.id and placementexposure.surveyid = 374821 and placementexposure.placementid  in 
		(
			select element from surveyfiltergroupelements with(nolock) where typeid = 3 and filtergroupid in (727354)
		)
	)
))","Creative Publisher - Peacock, Tubi",0,CORE,FALSE,24968917
24,2025-11-04 14:04:30,374821,Delivery Item,22228252,"(substring(Q232,2,1)='2')","Alcoholic Beverages (e.g., wine, beer, liquor, etc.)",10409,CORE,FALSE,22228252
223,2025-11-04 14:04:30,374821,Creative,24968968,"((
 exists (
	select 1 from dbo.bannerexposure with (nolock) where  bannerexposure.respondentid = answers374821.id and bannerexposure.surveyid = 374821 and bannerexposure.bannerid  in 
		(
			select cast(element as int) from surveyfiltergroupelements with(nolock) where typeid = 1 and filtergroupid in (727294)
		)
	)
 or 
 exists (
	select 1 from dbo.creativeexposure with (nolock) where  creativeexposure.respondentid = answers374821.id and creativeexposure.surveyid = 374821 and creativeexposure.creativeid  in 
		(
			select element from surveyfiltergroupelements with(nolock) where typeid = 2 and filtergroupid in (727294)
		)
	)
 or 
 exists (
	select 1 from dbo.placementexposure with (nolock) where  placementexposure.respondentid = answers374821.id and placementexposure.surveyid = 374821 and placementexposure.placementid  in 
		(
			select element from surveyfiltergroupelements with(nolock) where typeid = 3 and filtergroupid in (727294)
		)
	)
))",Placement Publisher - Learfield  (US),136,CORE,FALSE,24968968
307,2025-11-04 14:04:30,374821,Creative,24969053,"((
 exists (
	select 1 from dbo.bannerexposure with (nolock) where  bannerexposure.respondentid = answers374821.id and bannerexposure.surveyid = 374821 and bannerexposure.bannerid  in 
		(
			select cast(element as int) from surveyfiltergroupelements with(nolock) where typeid = 1 and filtergroupid in (727287)
		)
	)
 or 
 exists (
	select 1 from dbo.creativeexposure with (nolock) where  creativeexposure.respondentid = answers374821.id and creativeexposure.surveyid = 374821 and creativeexposure.creativeid  in 
		(
			select element from surveyfiltergroupelements with(nolock) where typeid = 2 and filtergroupid in (727287)
		)
	)
 or 
 exists (
	select 1 from dbo.placementexposure with (nolock) where  placementexposure.respondentid = answers374821.id and placementexposure.surveyid = 374821 and placementexposure.placementid  in 
		(
			select element from surveyfiltergroupelements with(nolock) where typeid = 3 and filtergroupid in (727287)
		)
	)
))",Size/Length - 320x80,0,CORE,FALSE,24969053
162,2025-11-04 14:04:30,374821,Creative,24968907,"((
 exists (
	select 1 from dbo.bannerexposure with (nolock) where  bannerexposure.respondentid = answers374821.id and bannerexposure.surveyid = 374821 and bannerexposure.bannerid  in 
		(
			select cast(element as int) from surveyfiltergroupelements with(nolock) where typeid = 1 and filtergroupid in (727308)
		)
	)
 or 
 exists (
	select 1 from dbo.creativeexposure with (nolock) where  creativeexposure.respondentid = answers374821.id and creativeexposure.surveyid = 374821 and creativeexposure.creativeid  in 
		(
			select element from surveyfiltergroupelements with(nolock) where typeid = 2 and filtergroupid in (727308)
		)
	)
 or 
 exists (
	select 1 from dbo.placementexposure with (nolock) where  placementexposure.respondentid = answers374821.id and placementexposure.surveyid = 374821 and placementexposure.placementid  in 
		(
			select element from surveyfiltergroupelements with(nolock) where typeid = 3 and filtergroupid in (727308)
		)
	)
))",Creative Publisher - NBA,0,CORE,FALSE,24968907
463,2025-11-04 14:04:30,373075,Creative,24878538,"((
 exists (
	select 1 from dbo.bannerexposure with (nolock) where  bannerexposure.respondentid = answers373075.id and bannerexposure.surveyid = 373075 and bannerexposure.bannerid  in 
		(
			select cast(element as int) from surveyfiltergroupelements with(nolock) where typeid = 1 and filtergroupid in (724355)
		)
	)
 or 
 exists (
	select 1 from dbo.creativeexposure with (nolock) where  creativeexposure.respondentid = answers373075.id and creativeexposure.surveyid = 373075 and creativeexposure.creativeid  in 
		(
			select element from surveyfiltergroupelements with(nolock) where typeid = 2 and filtergroupid in (724355)
		)
	)
 or 
 exists (
	select 1 from dbo.placementexposure with (nolock) where  placementexposure.respondentid = answers373075.id and placementexposure.surveyid = 373075 and placementexposure.placementid  in 
		(
			select element from surveyfiltergroupelements with(nolock) where typeid = 3 and filtergroupid in (724355)
		)
	)
))",Theme - Cocktail Party,0,HISPANIC,FALSE,24878538
331,2025-11-04 14:04:30,374821,Creative,24969077,"((
 exists (
	select 1 from dbo.bannerexposure with (nolock) where  bannerexposure.respondentid = answers374821.id and bannerexposure.surveyid = 374821 and bannerexposure.bannerid  in 
		(
			select cast(element as int) from surveyfiltergroupelements with(nolock) where typeid = 1 and filtergroupid in (727332)
		)
	)
 or 
 exists (
	select 1 from dbo.creativeexposure with (nolock) where  creativeexposure.respondentid = answers374821.id and creativeexposure.surveyid = 374821 and creativeexposure.creativeid  in 
		(
			select element from surveyfiltergroupelements with(nolock) where typeid = 2 and filtergroupid in (727332)
		)
	)
 or 
 exists (
	select 1 from dbo.placementexposure with (nolock) where  placementexposure.respondentid = answers374821.id and placementexposure.surveyid = 374821 and placementexposure.placementid  in 
		(
			select element from surveyfiltergroupelements with(nolock) where typeid = 3 and filtergroupid in (727332)
		)
	)
))",Theme - Incremental,997,CORE,FALSE,24969077
31,2025-11-04 14:04:30,374821,Delivery Use - Use an app/website for on-demand or same day delivery,22228279,"(substring(Q233_1,2,1)='2')",Prepared Restaurant Food,8355,CORE,FALSE,22228279
46,2025-11-04 14:04:30,374821,Past Brand Recency - Amazon,22228326,(Q235_4 in (1)),Once a week,6174,CORE,FALSE,22228326
305,2025-11-04 14:04:30,374821,Creative,24969051,"((
 exists (
	select 1 from dbo.bannerexposure with (nolock) where  bannerexposure.respondentid = answers374821.id and bannerexposure.surveyid = 374821 and bannerexposure.bannerid  in 
		(
			select cast(element as int) from surveyfiltergroupelements with(nolock) where typeid = 1 and filtergroupid in (727291)
		)
	)
 or 
 exists (
	select 1 from dbo.creativeexposure with (nolock) where  creativeexposure.respondentid = answers374821.id and creativeexposure.surveyid = 374821 and creativeexposure.creativeid  in 
		(
			select element from surveyfiltergroupelements with(nolock) where typeid = 2 and filtergroupid in (727291)
		)
	)
 or 
 exists (
	select 1 from dbo.placementexposure with (nolock) where  placementexposure.respondentid = answers374821.id and placementexposure.surveyid = 374821 and placementexposure.placementid  in 
		(
			select element from surveyfiltergroupelements with(nolock) where typeid = 3 and filtergroupid in (727291)
		)
	)
))",Size/Length - 320x250,13,CORE,FALSE,24969051
29,2025-11-04 14:04:30,374821,Delivery Item,22228257,"(substring(Q232,7,1)='2')","Pet Supplies (e.g., food, toys, treats, etc.)",10636,CORE,FALSE,22228257
32,2025-11-04 14:04:30,374821,Past Brand Usage,22228303,(Q234_1 in (0)),DoorDash,17857,CORE,FALSE,22228303
158,2025-11-04 14:04:30,374821,Creative,24968902,"((
 exists (
	select 1 from dbo.bannerexposure with (nolock) where  bannerexposure.respondentid = answers374821.id and bannerexposure.surveyid = 374821 and bannerexposure.bannerid  in 
		(
			select cast(element as int) from surveyfiltergroupelements with(nolock) where typeid = 1 and filtergroupid in (727351)
		)
	)
 or 
 exists (
	select 1 from dbo.creativeexposure with (nolock) where  creativeexposure.respondentid = answers374821.id and creativeexposure.surveyid = 374821 and creativeexposure.creativeid  in 
		(
			select element from surveyfiltergroupelements with(nolock) where typeid = 2 and filtergroupid in (727351)
		)
	)
 or 
 exists (
	select 1 from dbo.placementexposure with (nolock) where  placementexposure.respondentid = answers374821.id and placementexposure.surveyid = 374821 and placementexposure.placementid  in 
		(
			select element from surveyfiltergroupelements with(nolock) where typeid = 3 and filtergroupid in (727351)
		)
	)
))","Creative Publisher - Learfield Communications, Inc",0,CORE,FALSE,24968902
466,2025-11-04 14:04:30,373075,Creative,24878541,"((
 exists (
	select 1 from dbo.bannerexposure with (nolock) where  bannerexposure.respondentid = answers373075.id and bannerexposure.surveyid = 373075 and bannerexposure.bannerid  in 
		(
			select cast(element as int) from surveyfiltergroupelements with(nolock) where typeid = 1 and filtergroupid in (724348)
		)
	)
 or 
 exists (
	select 1 from dbo.creativeexposure with (nolock) where  creativeexposure.respondentid = answers373075.id and creativeexposure.surveyid = 373075 and creativeexposure.creativeid  in 
		(
			select element from surveyfiltergroupelements with(nolock) where typeid = 2 and filtergroupid in (724348)
		)
	)
 or 
 exists (
	select 1 from dbo.placementexposure with (nolock) where  placementexposure.respondentid = answers373075.id and placementexposure.surveyid = 373075 and placementexposure.placementid  in 
		(
			select element from surveyfiltergroupelements with(nolock) where typeid = 3 and filtergroupid in (724348)
		)
	)
))",Theme - DashPass,0,HISPANIC,FALSE,24878541
22,2025-11-04 14:04:30,374821,Delivery Category,22228250,"(substring(Q231,5,1)='2')",None of the above,922,CORE,FALSE,22228250
631,2025-11-04 14:04:30,373075,Site,25000315,q4 in (select bannerid from adServerBanners where campaignid=78558 and site=25485),Amazon (AU),0,HISPANIC,FALSE,25000315
36,2025-11-04 14:04:30,374821,Past Brand Recency - DoorDash,22228316,(Q235_1 in (3)),I did not use in the past 30 days,2948,CORE,FALSE,22228316
472,2025-11-04 14:04:30,373075,Creative,24878547,"(((
 exists (
	select 1 from dbo.bannerexposure with (nolock) where  bannerexposure.respondentid = answers373075.id and bannerexposure.surveyid = 373075 and bannerexposure.bannerid  in 
		(
			select cast(element as int) from surveyfiltergroupelements with(nolock) where typeid = 1 and filtergroupid in (724324)
		)
	)
 or 
 exists (
	select 1 from dbo.creativeexposure with (nolock) where  creativeexposure.respondentid = answers373075.id and creativeexposure.surveyid = 373075 and creativeexposure.creativeid  in 
		(
			select element from surveyfiltergroupelements with(nolock) where typeid = 2 and filtergroupid in (724324)
		)
	)
 or 
 exists (
	select 1 from dbo.placementexposure with (nolock) where  placementexposure.respondentid = answers373075.id and placementexposure.surveyid = 373075 and placementexposure.placementid  in 
		(
			select element from surveyfiltergroupelements with(nolock) where typeid = 3 and filtergroupid in (724324)
		)
	)
)) or ((Q4 in (select value from surveyfilterelements with(nolock) where filterid=24878547 and type='mapctrlbanner'))))",Theme - Housewarming,883,HISPANIC,TRUE,24878547
168,2025-11-04 14:04:30,374821,Creative,24968913,"((
 exists (
	select 1 from dbo.bannerexposure with (nolock) where  bannerexposure.respondentid = answers374821.id and bannerexposure.surveyid = 374821 and bannerexposure.bannerid  in 
		(
			select cast(element as int) from surveyfiltergroupelements with(nolock) where typeid = 1 and filtergroupid in (727340)
		)
	)
 or 
 exists (
	select 1 from dbo.creativeexposure with (nolock) where  creativeexposure.respondentid = answers374821.id and creativeexposure.surveyid = 374821 and creativeexposure.creativeid  in 
		(
			select element from surveyfiltergroupelements with(nolock) where typeid = 2 and filtergroupid in (727340)
		)
	)
 or 
 exists (
	select 1 from dbo.placementexposure with (nolock) where  placementexposure.respondentid = answers374821.id and placementexposure.surveyid = 374821 and placementexposure.placementid  in 
		(
			select element from surveyfiltergroupelements with(nolock) where typeid = 3 and filtergroupid in (727340)
		)
	)
))",Creative Publisher - Pandora Podcast Select (US),396,CORE,FALSE,24968913
321,2025-11-04 14:04:30,374821,Creative,24969067,"((
 exists (
	select 1 from dbo.bannerexposure with (nolock) where  bannerexposure.respondentid = answers374821.id and bannerexposure.surveyid = 374821 and bannerexposure.bannerid  in 
		(
			select cast(element as int) from surveyfiltergroupelements with(nolock) where typeid = 1 and filtergroupid in (727323)
		)
	)
 or 
 exists (
	select 1 from dbo.creativeexposure with (nolock) where  creativeexposure.respondentid = answers374821.id and creativeexposure.surveyid = 374821 and creativeexposure.creativeid  in 
		(
			select element from surveyfiltergroupelements with(nolock) where typeid = 2 and filtergroupid in (727323)
		)
	)
 or 
 exists (
	select 1 from dbo.placementexposure with (nolock) where  placementexposure.respondentid = answers374821.id and placementexposure.surveyid = 374821 and placementexposure.placementid  in 
		(
			select element from surveyfiltergroupelements with(nolock) where typeid = 3 and filtergroupid in (727323)
		)
	)
))",Theme - Battle of the Brands,95,CORE,FALSE,24969067
4,2025-11-04 14:04:30,374821,Site All Hits,21985247,"q4 in (select bannerid from adServerBanners where campaignid=79821 and site=1587) or ID IN (select id from answers374821 cross apply [SQL#].[String_Split4k](Q2, ',', 2) SplitTable cross apply [SQL#].[String_Split4k](SplitTable.SplitVal, '-', 2) bannerid where bannerid.SplitNum = 1 and bannerid.SplitVal in ( select value from dbo.surveyfilterelements WHERE surveyfilterelements.filterid=21985247 and type='in-clause' and surveyfilterelements.question='Q2' ) )",Disney+ (US),5084,CORE,FALSE,21985247
328,2025-11-04 14:04:30,374821,Creative,24969074,"((
 exists (
	select 1 from dbo.bannerexposure with (nolock) where  bannerexposure.respondentid = answers374821.id and bannerexposure.surveyid = 374821 and bannerexposure.bannerid  in 
		(
			select cast(element as int) from surveyfiltergroupelements with(nolock) where typeid = 1 and filtergroupid in (727361)
		)
	)
 or 
 exists (
	select 1 from dbo.creativeexposure with (nolock) where  creativeexposure.respondentid = answers374821.id and creativeexposure.surveyid = 374821 and creativeexposure.creativeid  in 
		(
			select element from surveyfiltergroupelements with(nolock) where typeid = 2 and filtergroupid in (727361)
		)
	)
 or 
 exists (
	select 1 from dbo.placementexposure with (nolock) where  placementexposure.respondentid = answers374821.id and placementexposure.surveyid = 374821 and placementexposure.placementid  in 
		(
			select element from surveyfiltergroupelements with(nolock) where typeid = 3 and filtergroupid in (727361)
		)
	)
))",Theme - Grocery,75,CORE,FALSE,24969074
315,2025-11-04 14:04:30,374821,Creative,24969061,"((
 exists (
	select 1 from dbo.bannerexposure with (nolock) where  bannerexposure.respondentid = answers374821.id and bannerexposure.surveyid = 374821 and bannerexposure.bannerid  in 
		(
			select cast(element as int) from surveyfiltergroupelements with(nolock) where typeid = 1 and filtergroupid in (727218)
		)
	)
 or 
 exists (
	select 1 from dbo.creativeexposure with (nolock) where  creativeexposure.respondentid = answers374821.id and creativeexposure.surveyid = 374821 and creativeexposure.creativeid  in 
		(
			select element from surveyfiltergroupelements with(nolock) where typeid = 2 and filtergroupid in (727218)
		)
	)
 or 
 exists (
	select 1 from dbo.placementexposure with (nolock) where  placementexposure.respondentid = answers374821.id and placementexposure.surveyid = 374821 and placementexposure.placementid  in 
		(
			select element from surveyfiltergroupelements with(nolock) where typeid = 3 and filtergroupid in (727218)
		)
	)
))",Size/Length - 728x90,356,CORE,FALSE,24969061
514,2025-11-04 14:04:30,373075,Ethnicity,21583687,"(substring(Q180,2,1)='2')",Black/African American,303,HISPANIC,FALSE,21583687
190,2025-11-04 14:04:30,374821,Creative,24968935,"((
 exists (
	select 1 from dbo.bannerexposure with (nolock) where  bannerexposure.respondentid = answers374821.id and bannerexposure.surveyid = 374821 and bannerexposure.bannerid  in 
		(
			select cast(element as int) from surveyfiltergroupelements with(nolock) where typeid = 1 and filtergroupid in (727369)
		)
	)
 or 
 exists (
	select 1 from dbo.creativeexposure with (nolock) where  creativeexposure.respondentid = answers374821.id and creativeexposure.surveyid = 374821 and creativeexposure.creativeid  in 
		(
			select element from surveyfiltergroupelements with(nolock) where typeid = 2 and filtergroupid in (727369)
		)
	)
 or 
 exists (
	select 1 from dbo.placementexposure with (nolock) where  placementexposure.respondentid = answers374821.id and placementexposure.surveyid = 374821 and placementexposure.placementid  in 
		(
			select element from surveyfiltergroupelements with(nolock) where typeid = 3 and filtergroupid in (727369)
		)
	)
))","Format - Static, Video, Animation",77,CORE,FALSE,24968935
327,2025-11-04 14:04:30,374821,Creative,24969073,"((
 exists (
	select 1 from dbo.bannerexposure with (nolock) where  bannerexposure.respondentid = answers374821.id and bannerexposure.surveyid = 374821 and bannerexposure.bannerid  in 
		(
			select cast(element as int) from surveyfiltergroupelements with(nolock) where typeid = 1 and filtergroupid in (727211)
		)
	)
 or 
 exists (
	select 1 from dbo.creativeexposure with (nolock) where  creativeexposure.respondentid = answers374821.id and creativeexposure.surveyid = 374821 and creativeexposure.creativeid  in 
		(
			select element from surveyfiltergroupelements with(nolock) where typeid = 2 and filtergroupid in (727211)
		)
	)
 or 
 exists (
	select 1 from dbo.placementexposure with (nolock) where  placementexposure.respondentid = answers374821.id and placementexposure.surveyid = 374821 and placementexposure.placementid  in 
		(
			select element from surveyfiltergroupelements with(nolock) where typeid = 3 and filtergroupid in (727211)
		)
	)
))",Theme - Fall Football,2138,CORE,FALSE,24969073
456,2025-11-04 14:04:30,373075,Creative,24878531,"((
 exists (
	select 1 from dbo.bannerexposure with (nolock) where  bannerexposure.respondentid = answers373075.id and bannerexposure.surveyid = 373075 and bannerexposure.bannerid  in 
		(
			select cast(element as int) from surveyfiltergroupelements with(nolock) where typeid = 1 and filtergroupid in (724337)
		)
	)
 or 
 exists (
	select 1 from dbo.creativeexposure with (nolock) where  creativeexposure.respondentid = answers373075.id and creativeexposure.surveyid = 373075 and creativeexposure.creativeid  in 
		(
			select element from surveyfiltergroupelements with(nolock) where typeid = 2 and filtergroupid in (724337)
		)
	)
 or 
 exists (
	select 1 from dbo.placementexposure with (nolock) where  placementexposure.respondentid = answers373075.id and placementexposure.surveyid = 373075 and placementexposure.placementid  in 
		(
			select element from surveyfiltergroupelements with(nolock) where typeid = 3 and filtergroupid in (724337)
		)
	)
))",Size/Length - 60s,0,HISPANIC,FALSE,24878531
337,2025-11-04 14:04:30,374821,Creative,24969083,"((
 exists (
	select 1 from dbo.bannerexposure with (nolock) where  bannerexposure.respondentid = answers374821.id and bannerexposure.surveyid = 374821 and bannerexposure.bannerid  in 
		(
			select cast(element as int) from surveyfiltergroupelements with(nolock) where typeid = 1 and filtergroupid in (727347)
		)
	)
 or 
 exists (
	select 1 from dbo.creativeexposure with (nolock) where  creativeexposure.respondentid = answers374821.id and creativeexposure.surveyid = 374821 and creativeexposure.creativeid  in 
		(
			select element from surveyfiltergroupelements with(nolock) where typeid = 2 and filtergroupid in (727347)
		)
	)
 or 
 exists (
	select 1 from dbo.placementexposure with (nolock) where  placementexposure.respondentid = answers374821.id and placementexposure.surveyid = 374821 and placementexposure.placementid  in 
		(
			select element from surveyfiltergroupelements with(nolock) where typeid = 3 and filtergroupid in (727347)
		)
	)
))",Theme - New Verticals,3507,CORE,FALSE,24969083
20,2025-11-04 14:04:30,374821,Delivery Category,22228248,"(substring(Q231,3,1)='2')","Personal Care &amp; Beauty (e.g., cosmetics/makeup, bath and body, skincare, feminine care, etc.)",13638,CORE,FALSE,22228248
165,2025-11-04 14:04:30,374821,Creative,24968910,"((
 exists (
	select 1 from dbo.bannerexposure with (nolock) where  bannerexposure.respondentid = answers374821.id and bannerexposure.surveyid = 374821 and bannerexposure.bannerid  in 
		(
			select cast(element as int) from surveyfiltergroupelements with(nolock) where typeid = 1 and filtergroupid in (727319)
		)
	)
 or 
 exists (
	select 1 from dbo.creativeexposure with (nolock) where  creativeexposure.respondentid = answers374821.id and creativeexposure.surveyid = 374821 and creativeexposure.creativeid  in 
		(
			select element from surveyfiltergroupelements with(nolock) where typeid = 2 and filtergroupid in (727319)
		)
	)
 or 
 exists (
	select 1 from dbo.placementexposure with (nolock) where  placementexposure.respondentid = answers374821.id and placementexposure.surveyid = 374821 and placementexposure.placementid  in 
		(
			select element from surveyfiltergroupelements with(nolock) where typeid = 3 and filtergroupid in (727319)
		)
	)
))",Creative Publisher - Pandora Auto (US),8,CORE,FALSE,24968910
615,2025-11-04 14:04:30,373075,Site All Hits,21280988,q4 in (select bannerid from adServerBanners where campaignid=78558 and site=54) or (Q2 like '%12358565%' or Q2 like '%12358566%' or Q2 like '%12358567%' or Q2 like '%12358568%' or Q2 like '%12358569%' or Q2 like '%12358570%' or Q2 like '%12358571%' or Q2 like '%12358572%' or Q2 like '%12441741%'),ESPN (US),437,HISPANIC,FALSE,21280988
641,2025-11-04 14:04:30,373075,Site,25000295,(Q4 = '12594076'),Amazon CTV  (UK),0,HISPANIC,FALSE,25000295
174,2025-11-04 14:04:30,374821,Creative,24968919,"((
 exists (
	select 1 from dbo.bannerexposure with (nolock) where  bannerexposure.respondentid = answers374821.id and bannerexposure.surveyid = 374821 and bannerexposure.bannerid  in 
		(
			select cast(element as int) from surveyfiltergroupelements with(nolock) where typeid = 1 and filtergroupid in (727309)
		)
	)
 or 
 exists (
	select 1 from dbo.creativeexposure with (nolock) where  creativeexposure.respondentid = answers374821.id and creativeexposure.surveyid = 374821 and creativeexposure.creativeid  in 
		(
			select element from surveyfiltergroupelements with(nolock) where typeid = 2 and filtergroupid in (727309)
		)
	)
 or 
 exists (
	select 1 from dbo.placementexposure with (nolock) where  placementexposure.respondentid = answers374821.id and placementexposure.surveyid = 374821 and placementexposure.placementid  in 
		(
			select element from surveyfiltergroupelements with(nolock) where typeid = 3 and filtergroupid in (727309)
		)
	)
))",Creative Publisher - Raptive,409,CORE,FALSE,24968919
353,2025-11-04 14:04:30,374821,Site All Hits,25033346,(Q4 = '12594097') or (Q2 like '%12594097%'),Amazon CTV  (ES),0,CORE,FALSE,25033346
469,2025-11-04 14:04:30,373075,Creative,24878544,"((
 exists (
	select 1 from dbo.bannerexposure with (nolock) where  bannerexposure.respondentid = answers373075.id and bannerexposure.surveyid = 373075 and bannerexposure.bannerid  in 
		(
			select cast(element as int) from surveyfiltergroupelements with(nolock) where typeid = 1 and filtergroupid in (724357)
		)
	)
 or 
 exists (
	select 1 from dbo.creativeexposure with (nolock) where  creativeexposure.respondentid = answers373075.id and creativeexposure.surveyid = 373075 and creativeexposure.creativeid  in 
		(
			select element from surveyfiltergroupelements with(nolock) where typeid = 2 and filtergroupid in (724357)
		)
	)
 or 
 exists (
	select 1 from dbo.placementexposure with (nolock) where  placementexposure.respondentid = answers373075.id and placementexposure.surveyid = 373075 and placementexposure.placementid  in 
		(
			select element from surveyfiltergroupelements with(nolock) where typeid = 3 and filtergroupid in (724357)
		)
	)
))",Theme - Grocery Sign Up,0,HISPANIC,FALSE,24878544
329,2025-11-04 14:04:30,374821,Creative,24969075,"((
 exists (
	select 1 from dbo.bannerexposure with (nolock) where  bannerexposure.respondentid = answers374821.id and bannerexposure.surveyid = 374821 and bannerexposure.bannerid  in 
		(
			select cast(element as int) from surveyfiltergroupelements with(nolock) where typeid = 1 and filtergroupid in (727350)
		)
	)
 or 
 exists (
	select 1 from dbo.creativeexposure with (nolock) where  creativeexposure.respondentid = answers374821.id and creativeexposure.surveyid = 374821 and creativeexposure.creativeid  in 
		(
			select element from surveyfiltergroupelements with(nolock) where typeid = 2 and filtergroupid in (727350)
		)
	)
 or 
 exists (
	select 1 from dbo.placementexposure with (nolock) where  placementexposure.respondentid = answers374821.id and placementexposure.surveyid = 374821 and placementexposure.placementid  in 
		(
			select element from surveyfiltergroupelements with(nolock) where typeid = 3 and filtergroupid in (727350)
		)
	)
))",Theme - Hisapnic,0,CORE,FALSE,24969075
26,2025-11-04 14:04:30,374821,Delivery Item,22228254,"(substring(Q232,4,1)='2')","Health &amp; Medicine (e.g., cold & cough, first aid, nutritional supplements, home tests, family planning, etc.)",12853,CORE,FALSE,22228254
651,2025-11-04 14:04:30,373075,Site,25000297,(Q4 = '12594078'),Amazon Tablet (IT),0,HISPANIC,FALSE,25000297
628,2025-11-04 14:04:30,373075,Site All Hits,21505947,q4 in (select bannerid from adServerBanners where campaignid=78558 and site=14632) or (Q2 like '%12376384%' or Q2 like '%12376385%' or Q2 like '%12439790%' or Q2 like '%12439792%' or Q2 like '%12439794%'),Soundcloud Mobile (US),2,HISPANIC,FALSE,21505947
345,2025-11-04 14:04:30,374821,Site All Hits,25033310,q4 in (select bannerid from adServerBanners where campaignid=79821 and site=27103) or (Q2 like '%12493366%' or Q2 like '%12593760%' or Q2 like '%12593937%' or Q2 like '%12687823%' or Q2 like '%12687894%'),Amazon (BR),0,CORE,FALSE,25033310
626,2025-11-04 14:04:30,373075,Site All Hits,21280984,"q4 in (select bannerid from adServerBanners where campaignid=78558 and site=18518) or ID IN (select id from answers373075 cross apply [SQL#].[String_Split4k](Q2, ',', 2) SplitTable cross apply [SQL#].[String_Split4k](SplitTable.SplitVal, '-', 2) bannerid where bannerid.SplitNum = 1 and bannerid.SplitVal in ( select value from dbo.surveyfilterelements WHERE surveyfilterelements.filterid=21280984 and type='in-clause' and surveyfilterelements.question='Q2' ) )",Raptive (fka CafeMedia)(US),979,HISPANIC,FALSE,21280984
620,2025-11-04 14:04:30,373075,Site All Hits,21280992,"q4 in (select bannerid from adServerBanners where campaignid=78558 and site=27860) or ID IN (select id from answers373075 cross apply [SQL#].[String_Split4k](Q2, ',', 2) SplitTable cross apply [SQL#].[String_Split4k](SplitTable.SplitVal, '-', 2) bannerid where bannerid.SplitNum = 1 and bannerid.SplitVal in ( select value from dbo.surveyfilterelements WHERE surveyfilterelements.filterid=21280992 and type='in-clause' and surveyfilterelements.question='Q2' ) )",My Code Media (US),227,HISPANIC,FALSE,21280992
87,2025-11-04 14:04:30,374821,Delivery Use - Use an app/website for on-demand or same day delivery,22236033,"(substring(Q233_6,2,1)='2')",Alcoholic Beverages,4592,CORE,FALSE,22236033
643,2025-11-04 14:04:30,373075,Site,25000281,q4 in (select bannerid from adServerBanners where campaignid=78558 and site=22777),Amazon CTV (CA),0,HISPANIC,FALSE,25000281
453,2025-11-04 14:04:30,373075,Creative,24878528,"(((
 exists (
	select 1 from dbo.bannerexposure with (nolock) where  bannerexposure.respondentid = answers373075.id and bannerexposure.surveyid = 373075 and bannerexposure.bannerid  in 
		(
			select cast(element as int) from surveyfiltergroupelements with(nolock) where typeid = 1 and filtergroupid in (724304)
		)
	)
 or 
 exists (
	select 1 from dbo.creativeexposure with (nolock) where  creativeexposure.respondentid = answers373075.id and creativeexposure.surveyid = 373075 and creativeexposure.creativeid  in 
		(
			select element from surveyfiltergroupelements with(nolock) where typeid = 2 and filtergroupid in (724304)
		)
	)
 or 
 exists (
	select 1 from dbo.placementexposure with (nolock) where  placementexposure.respondentid = answers373075.id and placementexposure.surveyid = 373075 and placementexposure.placementid  in 
		(
			select element from surveyfiltergroupelements with(nolock) where typeid = 3 and filtergroupid in (724304)
		)
	)
)) or ((Q4 in (select value from surveyfilterelements with(nolock) where filterid=24878528 and type='mapctrlbanner'))))",Size/Length - 300x600,1055,HISPANIC,TRUE,24878528
621,2025-11-04 14:04:30,373075,Site All Hits,23695316,"q4 in (select bannerid from adServerBanners where campaignid=78558 and site=25694) or ID IN (select id from answers373075 cross apply [SQL#].[String_Split4k](Q2, ',', 2) SplitTable cross apply [SQL#].[String_Split4k](SplitTable.SplitVal, '-', 2) bannerid where bannerid.SplitNum = 1 and bannerid.SplitVal in ( select value from dbo.surveyfilterelements WHERE surveyfilterelements.filterid=23695316 and type='in-clause' and surveyfilterelements.question='Q2' ) )",NBCU Peacock (US),210,HISPANIC,FALSE,23695316
405,2025-11-04 14:04:30,373075,Children in HH,21583730,"(substring(Q269,4,1)='2')",No,2232,HISPANIC,FALSE,21583730
649,2025-11-04 14:04:30,373075,Site,25000303,q4 in (select bannerid from adServerBanners where campaignid=78558 and site=24254),Amazon Mobile (MX),0,HISPANIC,FALSE,25000303
471,2025-11-04 14:04:30,373075,Creative,24878546,"(((
 exists (
	select 1 from dbo.bannerexposure with (nolock) where  bannerexposure.respondentid = answers373075.id and bannerexposure.surveyid = 373075 and bannerexposure.bannerid  in 
		(
			select cast(element as int) from surveyfiltergroupelements with(nolock) where typeid = 1 and filtergroupid in (724301)
		)
	)
 or 
 exists (
	select 1 from dbo.creativeexposure with (nolock) where  creativeexposure.respondentid = answers373075.id and creativeexposure.surveyid = 373075 and creativeexposure.creativeid  in 
		(
			select element from surveyfiltergroupelements with(nolock) where typeid = 2 and filtergroupid in (724301)
		)
	)
 or 
 exists (
	select 1 from dbo.placementexposure with (nolock) where  placementexposure.respondentid = answers373075.id and placementexposure.surveyid = 373075 and placementexposure.placementid  in 
		(
			select element from surveyfiltergroupelements with(nolock) where typeid = 3 and filtergroupid in (724301)
		)
	)
)) or ((Q4 in (select value from surveyfilterelements with(nolock) where filterid=24878546 and type='mapctrlbanner'))))",Theme - Hispanic,2687,HISPANIC,TRUE,24878546
612,2025-11-04 14:04:30,373075,Site All Hits,21340475,q4 in (select bannerid from adServerBanners where campaignid=78558 and site=120) or (Q2 like '%12372479%' or Q2 like '%12416941%'),Billboard (US),183,HISPANIC,FALSE,21340475
407,2025-11-04 14:04:30,373075,Children in HH,21583729,"(substring(Q269,3,1)='2')","Yes, age 13-17",904,HISPANIC,FALSE,21583729
461,2025-11-04 14:04:30,373075,Creative,24878536,"((
 exists (
	select 1 from dbo.bannerexposure with (nolock) where  bannerexposure.respondentid = answers373075.id and bannerexposure.surveyid = 373075 and bannerexposure.bannerid  in 
		(
			select cast(element as int) from surveyfiltergroupelements with(nolock) where typeid = 1 and filtergroupid in (724358)
		)
	)
 or 
 exists (
	select 1 from dbo.creativeexposure with (nolock) where  creativeexposure.respondentid = answers373075.id and creativeexposure.surveyid = 373075 and creativeexposure.creativeid  in 
		(
			select element from surveyfiltergroupelements with(nolock) where typeid = 2 and filtergroupid in (724358)
		)
	)
 or 
 exists (
	select 1 from dbo.placementexposure with (nolock) where  placementexposure.respondentid = answers373075.id and placementexposure.surveyid = 373075 and placementexposure.placementid  in 
		(
			select element from surveyfiltergroupelements with(nolock) where typeid = 3 and filtergroupid in (724358)
		)
	)
))",Theme - $0 Delivery Sign Up,0,HISPANIC,FALSE,24878536
85,2025-11-04 14:04:30,374821,Delivery Use - Use an app/website for on-demand or same day delivery,22236023,"(substring(Q233_4,2,1)='2')",Household Essentials,6526,CORE,FALSE,22236023
458,2025-11-04 14:04:30,373075,Creative,24878533,"(((
 exists (
	select 1 from dbo.bannerexposure with (nolock) where  bannerexposure.respondentid = answers373075.id and bannerexposure.surveyid = 373075 and bannerexposure.bannerid  in 
		(
			select cast(element as int) from surveyfiltergroupelements with(nolock) where typeid = 1 and filtergroupid in (724307)
		)
	)
 or 
 exists (
	select 1 from dbo.creativeexposure with (nolock) where  creativeexposure.respondentid = answers373075.id and creativeexposure.surveyid = 373075 and creativeexposure.creativeid  in 
		(
			select element from surveyfiltergroupelements with(nolock) where typeid = 2 and filtergroupid in (724307)
		)
	)
 or 
 exists (
	select 1 from dbo.placementexposure with (nolock) where  placementexposure.respondentid = answers373075.id and placementexposure.surveyid = 373075 and placementexposure.placementid  in 
		(
			select element from surveyfiltergroupelements with(nolock) where typeid = 3 and filtergroupid in (724307)
		)
	)
)) or ((Q4 in (select value from surveyfilterelements with(nolock) where filterid=24878533 and type='mapctrlbanner'))))",Size/Length - 728x90,870,HISPANIC,TRUE,24878533
564,2025-11-04 14:04:30,373075,Past Brand Recency - DoorDash,21587569,(Q264_1 in (3)),I did not use in the past 30 days,798,HISPANIC,FALSE,21587569
341,2025-11-04 14:04:30,374821,Creative,24969087,"((
 exists (
	select 1 from dbo.bannerexposure with (nolock) where  bannerexposure.respondentid = answers374821.id and bannerexposure.surveyid = 374821 and bannerexposure.bannerid  in 
		(
			select cast(element as int) from surveyfiltergroupelements with(nolock) where typeid = 1 and filtergroupid in (727269)
		)
	)
 or 
 exists (
	select 1 from dbo.creativeexposure with (nolock) where  creativeexposure.respondentid = answers374821.id and creativeexposure.surveyid = 374821 and creativeexposure.creativeid  in 
		(
			select element from surveyfiltergroupelements with(nolock) where typeid = 2 and filtergroupid in (727269)
		)
	)
 or 
 exists (
	select 1 from dbo.placementexposure with (nolock) where  placementexposure.respondentid = answers374821.id and placementexposure.surveyid = 374821 and placementexposure.placementid  in 
		(
			select element from surveyfiltergroupelements with(nolock) where typeid = 3 and filtergroupid in (727269)
		)
	)
))",Theme - SODP,2493,CORE,FALSE,24969087
91,2025-11-04 14:04:30,374821,Delivery Use - Use an app/website for on-demand or same day delivery,22236048,"(substring(Q233_10,2,1)='2')",Baby Supplies,3286,CORE,FALSE,22236048
629,2025-11-04 14:04:30,373075,Site All Hits,23721056,q4 in (select bannerid from adServerBanners where campaignid=78558 and site=1565) or (Q2 like '%12584327%' or Q2 like '%12584328%' or Q2 like '%12591224%' or Q2 like '%12652604%' or Q2 like '%12652605%' or Q2 like '%12652606%' or Q2 like '%12652607%' or Q2 like '%12652608%' or Q2 like '%12652609%'),Spotify (US),27,HISPANIC,FALSE,23721056
403,2025-11-04 14:04:30,373075,Age,23041280,(Q164 BETWEEN 55 AND 64),55-64,413,HISPANIC,FALSE,23041280
477,2025-11-04 14:04:30,373075,Creative,24878552,"((
 exists (
	select 1 from dbo.bannerexposure with (nolock) where  bannerexposure.respondentid = answers373075.id and bannerexposure.surveyid = 373075 and bannerexposure.bannerid  in 
		(
			select cast(element as int) from surveyfiltergroupelements with(nolock) where typeid = 1 and filtergroupid in (724361)
		)
	)
 or 
 exists (
	select 1 from dbo.creativeexposure with (nolock) where  creativeexposure.respondentid = answers373075.id and creativeexposure.surveyid = 373075 and creativeexposure.creativeid  in 
		(
			select element from surveyfiltergroupelements with(nolock) where typeid = 2 and filtergroupid in (724361)
		)
	)
 or 
 exists (
	select 1 from dbo.placementexposure with (nolock) where  placementexposure.respondentid = answers373075.id and placementexposure.surveyid = 373075 and placementexposure.placementid  in 
		(
			select element from surveyfiltergroupelements with(nolock) where typeid = 3 and filtergroupid in (724361)
		)
	)
))",Theme - Save 20 Annual Plan,0,HISPANIC,FALSE,24878552
262,2025-11-04 14:04:30,374821,Creative,24969007,"((
 exists (
	select 1 from dbo.bannerexposure with (nolock) where  bannerexposure.respondentid = answers374821.id and bannerexposure.surveyid = 374821 and bannerexposure.bannerid  in 
		(
			select cast(element as int) from surveyfiltergroupelements with(nolock) where typeid = 1 and filtergroupid in (727395)
		)
	)
 or 
 exists (
	select 1 from dbo.creativeexposure with (nolock) where  creativeexposure.respondentid = answers374821.id and creativeexposure.surveyid = 374821 and creativeexposure.creativeid  in 
		(
			select element from surveyfiltergroupelements with(nolock) where typeid = 2 and filtergroupid in (727395)
		)
	)
 or 
 exists (
	select 1 from dbo.placementexposure with (nolock) where  placementexposure.respondentid = answers374821.id and placementexposure.surveyid = 374821 and placementexposure.placementid  in 
		(
			select element from surveyfiltergroupelements with(nolock) where typeid = 3 and filtergroupid in (727395)
		)
	)
))",Placement Publisher - YouTube DV360 Served (ADH),538,CORE,FALSE,24969007
618,2025-11-04 14:04:30,373075,Site All Hits,23784082,q4 in (select bannerid from adServerBanners where campaignid=78558 and site=28360) or (Q2 like '%12594451%' or Q2 like '%12594452%' or Q2 like '%12594453%' or Q2 like '%12594454%'),Instagram Consented  (Meta DI) (US),12,HISPANIC,FALSE,23784082
89,2025-11-04 14:04:30,374821,Delivery Use - Use an app/website for on-demand or same day delivery,22236040,"(substring(Q233_8,2,1)='2')",Health & Medicine,5454,CORE,FALSE,22236040
636,2025-11-04 14:04:30,373075,Site,25000287,q4 in (select bannerid from adServerBanners where campaignid=78558 and site=24862),Amazon (JP),0,HISPANIC,FALSE,25000287
268,2025-11-04 14:04:30,374821,Creative,24969013,"((
 exists (
	select 1 from dbo.bannerexposure with (nolock) where  bannerexposure.respondentid = answers374821.id and bannerexposure.surveyid = 374821 and bannerexposure.bannerid  in 
		(
			select cast(element as int) from surveyfiltergroupelements with(nolock) where typeid = 1 and filtergroupid in (727254)
		)
	)
 or 
 exists (
	select 1 from dbo.creativeexposure with (nolock) where  creativeexposure.respondentid = answers374821.id and creativeexposure.surveyid = 374821 and creativeexposure.creativeid  in 
		(
			select element from surveyfiltergroupelements with(nolock) where typeid = 2 and filtergroupid in (727254)
		)
	)
 or 
 exists (
	select 1 from dbo.placementexposure with (nolock) where  placementexposure.respondentid = answers374821.id and placementexposure.surveyid = 374821 and placementexposure.placementid  in 
		(
			select element from surveyfiltergroupelements with(nolock) where typeid = 3 and filtergroupid in (727254)
		)
	)
))",Placement Targeting Tactic - 2P Demo,699,CORE,FALSE,24969013
474,2025-11-04 14:04:30,373075,Creative,24878549,"((
 exists (
	select 1 from dbo.bannerexposure with (nolock) where  bannerexposure.respondentid = answers373075.id and bannerexposure.surveyid = 373075 and bannerexposure.bannerid  in 
		(
			select cast(element as int) from surveyfiltergroupelements with(nolock) where typeid = 1 and filtergroupid in (724352)
		)
	)
 or 
 exists (
	select 1 from dbo.creativeexposure with (nolock) where  creativeexposure.respondentid = answers373075.id and creativeexposure.surveyid = 373075 and creativeexposure.creativeid  in 
		(
			select element from surveyfiltergroupelements with(nolock) where typeid = 2 and filtergroupid in (724352)
		)
	)
 or 
 exists (
	select 1 from dbo.placementexposure with (nolock) where  placementexposure.respondentid = answers373075.id and placementexposure.surveyid = 373075 and placementexposure.placementid  in 
		(
			select element from surveyfiltergroupelements with(nolock) where typeid = 3 and filtergroupid in (724352)
		)
	)
))",Theme - Multitasking Mom,0,HISPANIC,FALSE,24878549
83,2025-11-04 14:04:30,374821,Delivery Use - Use an app/website for on-demand or same day delivery,22236020,"(substring(Q233_2,2,1)='2')",Groceries,7708,CORE,FALSE,22236020
519,2025-11-04 14:04:30,373075,Ethnicity,21583686,"(substring(Q180,1,1)='2')",White/Caucasian,1967,HISPANIC,FALSE,21583686
274,2025-11-04 14:04:30,374821,Creative,24969019,"((
 exists (
	select 1 from dbo.bannerexposure with (nolock) where  bannerexposure.respondentid = answers374821.id and bannerexposure.surveyid = 374821 and bannerexposure.bannerid  in 
		(
			select cast(element as int) from surveyfiltergroupelements with(nolock) where typeid = 1 and filtergroupid in (727222)
		)
	)
 or 
 exists (
	select 1 from dbo.creativeexposure with (nolock) where  creativeexposure.respondentid = answers374821.id and creativeexposure.surveyid = 374821 and creativeexposure.creativeid  in 
		(
			select element from surveyfiltergroupelements with(nolock) where typeid = 2 and filtergroupid in (727222)
		)
	)
 or 
 exists (
	select 1 from dbo.placementexposure with (nolock) where  placementexposure.respondentid = answers374821.id and placementexposure.surveyid = 374821 and placementexposure.placementid  in 
		(
			select element from surveyfiltergroupelements with(nolock) where typeid = 3 and filtergroupid in (727222)
		)
	)
))",Placement Targeting Tactic - Contextual,2399,CORE,FALSE,24969019
613,2025-11-04 14:04:30,373075,Site All Hits,21280986,"q4 in (select bannerid from adServerBanners where campaignid=78558 and site=11582) or ID IN (select id from answers373075 cross apply [SQL#].[String_Split4k](Q2, ',', 2) SplitTable cross apply [SQL#].[String_Split4k](SplitTable.SplitVal, '-', 2) bannerid where bannerid.SplitNum = 1 and bannerid.SplitVal in ( select value from dbo.surveyfilterelements WHERE surveyfilterelements.filterid=21280986 and type='in-clause' and surveyfilterelements.question='Q2' ) )",CBS (US),430,HISPANIC,FALSE,21280986
309,2025-11-04 14:04:30,374821,Creative,24969055,"((
 exists (
	select 1 from dbo.bannerexposure with (nolock) where  bannerexposure.respondentid = answers374821.id and bannerexposure.surveyid = 374821 and bannerexposure.bannerid  in 
		(
			select cast(element as int) from surveyfiltergroupelements with(nolock) where typeid = 1 and filtergroupid in (727338)
		)
	)
 or 
 exists (
	select 1 from dbo.creativeexposure with (nolock) where  creativeexposure.respondentid = answers374821.id and creativeexposure.surveyid = 374821 and creativeexposure.creativeid  in 
		(
			select element from surveyfiltergroupelements with(nolock) where typeid = 2 and filtergroupid in (727338)
		)
	)
 or 
 exists (
	select 1 from dbo.placementexposure with (nolock) where  placementexposure.respondentid = answers374821.id and placementexposure.surveyid = 374821 and placementexposure.placementid  in 
		(
			select element from surveyfiltergroupelements with(nolock) where typeid = 3 and filtergroupid in (727338)
		)
	)
))",Size/Length - 60s (Host Read),0,CORE,FALSE,24969055
266,2025-11-04 14:04:30,374821,Creative,24969011,"((
 exists (
	select 1 from dbo.bannerexposure with (nolock) where  bannerexposure.respondentid = answers374821.id and bannerexposure.surveyid = 374821 and bannerexposure.bannerid  in 
		(
			select cast(element as int) from surveyfiltergroupelements with(nolock) where typeid = 1 and filtergroupid in (727237)
		)
	)
 or 
 exists (
	select 1 from dbo.creativeexposure with (nolock) where  creativeexposure.respondentid = answers374821.id and creativeexposure.surveyid = 374821 and creativeexposure.creativeid  in 
		(
			select element from surveyfiltergroupelements with(nolock) where typeid = 2 and filtergroupid in (727237)
		)
	)
 or 
 exists (
	select 1 from dbo.placementexposure with (nolock) where  placementexposure.respondentid = answers374821.id and placementexposure.surveyid = 374821 and placementexposure.placementid  in 
		(
			select element from surveyfiltergroupelements with(nolock) where typeid = 3 and filtergroupid in (727237)
		)
	)
))",Placement Targeting Tactic - 2P Conquesting,1731,CORE,FALSE,24969011
272,2025-11-04 14:04:30,374821,Creative,24969017,"((
 exists (
	select 1 from dbo.bannerexposure with (nolock) where  bannerexposure.respondentid = answers374821.id and bannerexposure.surveyid = 374821 and bannerexposure.bannerid  in 
		(
			select cast(element as int) from surveyfiltergroupelements with(nolock) where typeid = 1 and filtergroupid in (727396)
		)
	)
 or 
 exists (
	select 1 from dbo.creativeexposure with (nolock) where  creativeexposure.respondentid = answers374821.id and creativeexposure.surveyid = 374821 and creativeexposure.creativeid  in 
		(
			select element from surveyfiltergroupelements with(nolock) where typeid = 2 and filtergroupid in (727396)
		)
	)
 or 
 exists (
	select 1 from dbo.placementexposure with (nolock) where  placementexposure.respondentid = answers374821.id and placementexposure.surveyid = 374821 and placementexposure.placementid  in 
		(
			select element from surveyfiltergroupelements with(nolock) where typeid = 3 and filtergroupid in (727396)
		)
	)
))",Placement Targeting Tactic - Affinity,653,CORE,FALSE,24969017
455,2025-11-04 14:04:30,373075,Creative,24878530,"(((
 exists (
	select 1 from dbo.bannerexposure with (nolock) where  bannerexposure.respondentid = answers373075.id and bannerexposure.surveyid = 373075 and bannerexposure.bannerid  in 
		(
			select cast(element as int) from surveyfiltergroupelements with(nolock) where typeid = 1 and filtergroupid in (724309)
		)
	)
 or 
 exists (
	select 1 from dbo.creativeexposure with (nolock) where  creativeexposure.respondentid = answers373075.id and creativeexposure.surveyid = 373075 and creativeexposure.creativeid  in 
		(
			select element from surveyfiltergroupelements with(nolock) where typeid = 2 and filtergroupid in (724309)
		)
	)
 or 
 exists (
	select 1 from dbo.placementexposure with (nolock) where  placementexposure.respondentid = answers373075.id and placementexposure.surveyid = 373075 and placementexposure.placementid  in 
		(
			select element from surveyfiltergroupelements with(nolock) where typeid = 3 and filtergroupid in (724309)
		)
	)
)) or ((Q4 in (select value from surveyfilterelements with(nolock) where filterid=24878530 and type='mapctrlbanner'))))",Size/Length - 320x50,1129,HISPANIC,TRUE,24878530
16,2025-11-04 14:04:30,374821,Last Delivery,22228244,(Q230=6),More than 12 months ago,583,CORE,FALSE,22228244
264,2025-11-04 14:04:30,374821,Creative,24969009,"((
 exists (
	select 1 from dbo.bannerexposure with (nolock) where  bannerexposure.respondentid = answers374821.id and bannerexposure.surveyid = 374821 and bannerexposure.bannerid  in 
		(
			select cast(element as int) from surveyfiltergroupelements with(nolock) where typeid = 1 and filtergroupid in (727422)
		)
	)
 or 
 exists (
	select 1 from dbo.creativeexposure with (nolock) where  creativeexposure.respondentid = answers374821.id and creativeexposure.surveyid = 374821 and creativeexposure.creativeid  in 
		(
			select element from surveyfiltergroupelements with(nolock) where typeid = 2 and filtergroupid in (727422)
		)
	)
 or 
 exists (
	select 1 from dbo.placementexposure with (nolock) where  placementexposure.respondentid = answers374821.id and placementexposure.surveyid = 374821 and placementexposure.placementid  in 
		(
			select element from surveyfiltergroupelements with(nolock) where typeid = 3 and filtergroupid in (727422)
		)
	)
))","Placement Targeting Tactic - 1P CRM, 2P Behavioral",878,CORE,FALSE,24969009
572,2025-11-04 14:04:30,373075,Past Brand Recency - Instacart,21587577,(Q264_3 in (3)),I did not use in the past 30 days,622,HISPANIC,FALSE,21587577
479,2025-11-04 14:04:30,373075,Creative,24878554,"((
 exists (
	select 1 from dbo.bannerexposure with (nolock) where  bannerexposure.respondentid = answers373075.id and bannerexposure.surveyid = 373075 and bannerexposure.bannerid  in 
		(
			select cast(element as int) from surveyfiltergroupelements with(nolock) where typeid = 1 and filtergroupid in (724344)
		)
	)
 or 
 exists (
	select 1 from dbo.creativeexposure with (nolock) where  creativeexposure.respondentid = answers373075.id and creativeexposure.surveyid = 373075 and creativeexposure.creativeid  in 
		(
			select element from surveyfiltergroupelements with(nolock) where typeid = 2 and filtergroupid in (724344)
		)
	)
 or 
 exists (
	select 1 from dbo.placementexposure with (nolock) where  placementexposure.respondentid = answers373075.id and placementexposure.surveyid = 373075 and placementexposure.placementid  in 
		(
			select element from surveyfiltergroupelements with(nolock) where typeid = 3 and filtergroupid in (724344)
		)
	)
))",Theme - Savings Don't Stop,0,HISPANIC,FALSE,24878554
178,2025-11-04 14:04:30,374821,Creative,24968923,"((
 exists (
	select 1 from dbo.bannerexposure with (nolock) where  bannerexposure.respondentid = answers374821.id and bannerexposure.surveyid = 374821 and bannerexposure.bannerid  in 
		(
			select cast(element as int) from surveyfiltergroupelements with(nolock) where typeid = 1 and filtergroupid in (727312)
		)
	)
 or 
 exists (
	select 1 from dbo.creativeexposure with (nolock) where  creativeexposure.respondentid = answers374821.id and creativeexposure.surveyid = 374821 and creativeexposure.creativeid  in 
		(
			select element from surveyfiltergroupelements with(nolock) where typeid = 2 and filtergroupid in (727312)
		)
	)
 or 
 exists (
	select 1 from dbo.placementexposure with (nolock) where  placementexposure.respondentid = answers374821.id and placementexposure.surveyid = 374821 and placementexposure.placementid  in 
		(
			select element from surveyfiltergroupelements with(nolock) where typeid = 3 and filtergroupid in (727312)
		)
	)
))",Creative Publisher - siriusxm.com,0,CORE,FALSE,24968923
270,2025-11-04 14:04:30,374821,Creative,24969015,"((
 exists (
	select 1 from dbo.bannerexposure with (nolock) where  bannerexposure.respondentid = answers374821.id and bannerexposure.surveyid = 374821 and bannerexposure.bannerid  in 
		(
			select cast(element as int) from surveyfiltergroupelements with(nolock) where typeid = 1 and filtergroupid in (727212)
		)
	)
 or 
 exists (
	select 1 from dbo.creativeexposure with (nolock) where  creativeexposure.respondentid = answers374821.id and creativeexposure.surveyid = 374821 and creativeexposure.creativeid  in 
		(
			select element from surveyfiltergroupelements with(nolock) where typeid = 2 and filtergroupid in (727212)
		)
	)
 or 
 exists (
	select 1 from dbo.placementexposure with (nolock) where  placementexposure.respondentid = answers374821.id and placementexposure.surveyid = 374821 and placementexposure.placementid  in 
		(
			select element from surveyfiltergroupelements with(nolock) where typeid = 3 and filtergroupid in (727212)
		)
	)
))",Placement Targeting Tactic - 3P Contextual,8549,CORE,FALSE,24969015
556,2025-11-04 14:04:30,373075,Last Delivery,21583699,(Q255=5),Within the past 6-12 months,131,HISPANIC,FALSE,21583699
40,2025-11-04 14:04:30,374821,Past Brand Recency - Uber Eats,22228320,(Q235_2 in (3)),I did not use in the past 30 days,2704,CORE,FALSE,22228320
311,2025-11-04 14:04:30,374821,Creative,24969057,"((
 exists (
	select 1 from dbo.bannerexposure with (nolock) where  bannerexposure.respondentid = answers374821.id and bannerexposure.surveyid = 374821 and bannerexposure.bannerid  in 
		(
			select cast(element as int) from surveyfiltergroupelements with(nolock) where typeid = 1 and filtergroupid in (727232)
		)
	)
 or 
 exists (
	select 1 from dbo.creativeexposure with (nolock) where  creativeexposure.respondentid = answers374821.id and creativeexposure.surveyid = 374821 and creativeexposure.creativeid  in 
		(
			select element from surveyfiltergroupelements with(nolock) where typeid = 2 and filtergroupid in (727232)
		)
	)
 or 
 exists (
	select 1 from dbo.placementexposure with (nolock) where  placementexposure.respondentid = answers374821.id and placementexposure.surveyid = 374821 and placementexposure.placementid  in 
		(
			select element from surveyfiltergroupelements with(nolock) where typeid = 3 and filtergroupid in (727232)
		)
	)
))",Size/Length - 640x100,14,CORE,FALSE,24969057
260,2025-11-04 14:04:30,374821,Creative,24969005,"((
 exists (
	select 1 from dbo.bannerexposure with (nolock) where  bannerexposure.respondentid = answers374821.id and bannerexposure.surveyid = 374821 and bannerexposure.bannerid  in 
		(
			select cast(element as int) from surveyfiltergroupelements with(nolock) where typeid = 1 and filtergroupid in (727281)
		)
	)
 or 
 exists (
	select 1 from dbo.creativeexposure with (nolock) where  creativeexposure.respondentid = answers374821.id and creativeexposure.surveyid = 374821 and creativeexposure.creativeid  in 
		(
			select element from surveyfiltergroupelements with(nolock) where typeid = 2 and filtergroupid in (727281)
		)
	)
 or 
 exists (
	select 1 from dbo.placementexposure with (nolock) where  placementexposure.respondentid = answers374821.id and placementexposure.surveyid = 374821 and placementexposure.placementid  in 
		(
			select element from surveyfiltergroupelements with(nolock) where typeid = 3 and filtergroupid in (727281)
		)
	)
))",Placement Publisher - Wondery Podcast (US),0,CORE,FALSE,24969005
81,2025-11-04 14:04:30,374821,Activity,22228361,"(substring(Q241,12,1)='2')",Used social media,13078,CORE,FALSE,22228361
154,2025-11-04 14:04:30,374821,Creative,24968898,"((
 exists (
	select 1 from dbo.bannerexposure with (nolock) where  bannerexposure.respondentid = answers374821.id and bannerexposure.surveyid = 374821 and bannerexposure.bannerid  in 
		(
			select cast(element as int) from surveyfiltergroupelements with(nolock) where typeid = 1 and filtergroupid in (727314)
		)
	)
 or 
 exists (
	select 1 from dbo.creativeexposure with (nolock) where  creativeexposure.respondentid = answers374821.id and creativeexposure.surveyid = 374821 and creativeexposure.creativeid  in 
		(
			select element from surveyfiltergroupelements with(nolock) where typeid = 2 and filtergroupid in (727314)
		)
	)
 or 
 exists (
	select 1 from dbo.placementexposure with (nolock) where  placementexposure.respondentid = answers374821.id and placementexposure.surveyid = 374821 and placementexposure.placementid  in 
		(
			select element from surveyfiltergroupelements with(nolock) where typeid = 3 and filtergroupid in (727314)
		)
	)
))",Creative Publisher - EyeQ,5133,CORE,FALSE,24968898
42,2025-11-04 14:04:30,374821,Past Brand Recency - Instacart,22228322,(Q235_3 in (1)),Once a week,4401,CORE,FALSE,22228322
558,2025-11-04 14:04:30,373075,Overall,21594995,((Q3= 0)) AND ID NOT IN (SELECT ID FROM Answers373075 WITH(NOLOCK) WHERE ((Q160=1))) AND ID NOT IN (SELECT ID FROM Answers373075 WITH(NOLOCK) WHERE (q4 in (select bannerid from adServerBanners where campaignid=78558 and site=1784))) AND ID NOT IN (SELECT ID FROM Answers373075 WITH(NOLOCK) WHERE (q4 in (select bannerid from adServerBanners where campaignid=78558 and site=9291))) AND ID NOT IN (SELECT ID FROM Answers373075 WITH(NOLOCK) WHERE (q4 in (select bannerid from adServerBanners where campaignid=78558 and site=25281))) AND ID NOT IN (SELECT ID FROM Answers373075 WITH(NOLOCK) WHERE (q4 in (select bannerid from adServerBanners where campaignid=78558 and site=10535))),Control (Ignite Only),1313,HISPANIC,TRUE,21594995
411,2025-11-04 14:04:30,373075,Creative,24878440,"((
 exists (
	select 1 from dbo.bannerexposure with (nolock) where  bannerexposure.respondentid = answers373075.id and bannerexposure.surveyid = 373075 and bannerexposure.bannerid  in 
		(
			select cast(element as int) from surveyfiltergroupelements with(nolock) where typeid = 1 and filtergroupid in (724343)
		)
	)
 or 
 exists (
	select 1 from dbo.creativeexposure with (nolock) where  creativeexposure.respondentid = answers373075.id and creativeexposure.surveyid = 373075 and creativeexposure.creativeid  in 
		(
			select element from surveyfiltergroupelements with(nolock) where typeid = 2 and filtergroupid in (724343)
		)
	)
 or 
 exists (
	select 1 from dbo.placementexposure with (nolock) where  placementexposure.respondentid = answers373075.id and placementexposure.surveyid = 373075 and placementexposure.placementid  in 
		(
			select element from surveyfiltergroupelements with(nolock) where typeid = 3 and filtergroupid in (724343)
		)
	)
))",Campaign - DashPass Peacock UF,0,HISPANIC,FALSE,24878440
152,2025-11-04 14:04:30,374821,Creative,24968896,"((
 exists (
	select 1 from dbo.bannerexposure with (nolock) where  bannerexposure.respondentid = answers374821.id and bannerexposure.surveyid = 374821 and bannerexposure.bannerid  in 
		(
			select cast(element as int) from surveyfiltergroupelements with(nolock) where typeid = 1 and filtergroupid in (727345)
		)
	)
 or 
 exists (
	select 1 from dbo.creativeexposure with (nolock) where  creativeexposure.respondentid = answers374821.id and creativeexposure.surveyid = 374821 and creativeexposure.creativeid  in 
		(
			select element from surveyfiltergroupelements with(nolock) where typeid = 2 and filtergroupid in (727345)
		)
	)
 or 
 exists (
	select 1 from dbo.placementexposure with (nolock) where  placementexposure.respondentid = answers374821.id and placementexposure.surveyid = 374821 and placementexposure.placementid  in 
		(
			select element from surveyfiltergroupelements with(nolock) where typeid = 3 and filtergroupid in (727345)
		)
	)
))",Creative Publisher - DV360,467,CORE,FALSE,24968896
146,2025-11-04 14:04:30,374821,Creative,24968889,"((
 exists (
	select 1 from dbo.bannerexposure with (nolock) where  bannerexposure.respondentid = answers374821.id and bannerexposure.surveyid = 374821 and bannerexposure.bannerid  in 
		(
			select cast(element as int) from surveyfiltergroupelements with(nolock) where typeid = 1 and filtergroupid in (727303)
		)
	)
 or 
 exists (
	select 1 from dbo.creativeexposure with (nolock) where  creativeexposure.respondentid = answers374821.id and creativeexposure.surveyid = 374821 and creativeexposure.creativeid  in 
		(
			select element from surveyfiltergroupelements with(nolock) where typeid = 2 and filtergroupid in (727303)
		)
	)
 or 
 exists (
	select 1 from dbo.placementexposure with (nolock) where  placementexposure.respondentid = answers374821.id and placementexposure.surveyid = 374821 and placementexposure.placementid  in 
		(
			select element from surveyfiltergroupelements with(nolock) where typeid = 3 and filtergroupid in (727303)
		)
	)
))",Creative Publisher - Billboard,193,CORE,FALSE,24968889
413,2025-11-04 14:04:30,373075,Creative,24878442,"((
 exists (
	select 1 from dbo.bannerexposure with (nolock) where  bannerexposure.respondentid = answers373075.id and bannerexposure.surveyid = 373075 and bannerexposure.bannerid  in 
		(
			select cast(element as int) from surveyfiltergroupelements with(nolock) where typeid = 1 and filtergroupid in (724327)
		)
	)
 or 
 exists (
	select 1 from dbo.creativeexposure with (nolock) where  creativeexposure.respondentid = answers373075.id and creativeexposure.surveyid = 373075 and creativeexposure.creativeid  in 
		(
			select element from surveyfiltergroupelements with(nolock) where typeid = 2 and filtergroupid in (724327)
		)
	)
 or 
 exists (
	select 1 from dbo.placementexposure with (nolock) where  placementexposure.respondentid = answers373075.id and placementexposure.surveyid = 373075 and placementexposure.placementid  in 
		(
			select element from surveyfiltergroupelements with(nolock) where typeid = 3 and filtergroupid in (724327)
		)
	)
))",Campaign - Fall Football,0,HISPANIC,FALSE,24878442
395,2025-11-04 14:04:30,373075,Age (Grouped),21588897,(Q164 BETWEEN 35 AND 44),35-44,1625,HISPANIC,FALSE,21588897
79,2025-11-04 14:04:30,374821,Activity,22228359,"(substring(Q241,10,1)='2')",Watched NASCAR,3472,CORE,FALSE,22228359
48,2025-11-04 14:04:30,374821,Past Brand Recency - Amazon,22228328,(Q235_4 in (3)),I did not use in the past 30 days,2020,CORE,FALSE,22228328
97,2025-11-04 14:04:30,374821,Age,22236708,(Q166 BETWEEN 18 AND 24),18-24,2798,CORE,FALSE,22236708
610,2025-11-04 14:04:30,373075,Site All Hits,25000318,(Q4 = '12642432') or (Q2 like '%12642432%'),Amazon Tablet (UK),0,HISPANIC,FALSE,25000318
401,2025-11-04 14:04:30,373075,Age,23041278,(Q164 BETWEEN 35 AND 44),35-44,1625,HISPANIC,FALSE,23041278
184,2025-11-04 14:04:30,374821,Creative,24968929,"((
 exists (
	select 1 from dbo.bannerexposure with (nolock) where  bannerexposure.respondentid = answers374821.id and bannerexposure.surveyid = 374821 and bannerexposure.bannerid  in 
		(
			select cast(element as int) from surveyfiltergroupelements with(nolock) where typeid = 1 and filtergroupid in (727317)
		)
	)
 or 
 exists (
	select 1 from dbo.creativeexposure with (nolock) where  creativeexposure.respondentid = answers374821.id and creativeexposure.surveyid = 374821 and creativeexposure.creativeid  in 
		(
			select element from surveyfiltergroupelements with(nolock) where typeid = 2 and filtergroupid in (727317)
		)
	)
 or 
 exists (
	select 1 from dbo.placementexposure with (nolock) where  placementexposure.respondentid = answers374821.id and placementexposure.surveyid = 374821 and placementexposure.placementid  in 
		(
			select element from surveyfiltergroupelements with(nolock) where typeid = 3 and filtergroupid in (727317)
		)
	)
))",Creative Publisher - YouTube DV360 Served (ADH),538,CORE,FALSE,24968929
93,2025-11-04 14:04:30,374821,Past Brand Usage,22236474,(Q234_2 in (0)),Uber Eats,15931,CORE,FALSE,22236474
333,2025-11-04 14:04:30,374821,Creative,24969079,"((
 exists (
	select 1 from dbo.bannerexposure with (nolock) where  bannerexposure.respondentid = answers374821.id and bannerexposure.surveyid = 374821 and bannerexposure.bannerid  in 
		(
			select cast(element as int) from surveyfiltergroupelements with(nolock) where typeid = 1 and filtergroupid in (727363)
		)
	)
 or 
 exists (
	select 1 from dbo.creativeexposure with (nolock) where  creativeexposure.respondentid = answers374821.id and creativeexposure.surveyid = 374821 and creativeexposure.creativeid  in 
		(
			select element from surveyfiltergroupelements with(nolock) where typeid = 2 and filtergroupid in (727363)
		)
	)
 or 
 exists (
	select 1 from dbo.placementexposure with (nolock) where  placementexposure.respondentid = answers374821.id and placementexposure.surveyid = 374821 and placementexposure.placementid  in 
		(
			select element from surveyfiltergroupelements with(nolock) where typeid = 3 and filtergroupid in (727363)
		)
	)
))",Theme - Marketplace Influencers,31,CORE,FALSE,24969079
560,2025-11-04 14:04:30,373075,Past Brand Recency - Amazon,21587581,(Q264_4 in (3)),I did not use in the past 30 days,523,HISPANIC,FALSE,21587581
349,2025-11-04 14:04:30,374821,Site All Hits,25033289,q4 in (select bannerid from adServerBanners where campaignid=79821 and site=24862) or (Q2 like '%12442065%' or Q2 like '%12453999%' or Q2 like '%12509025%' or Q2 like '%12594068%' or Q2 like '%12594081%' or Q2 like '%12688201%' or Q2 like '%12689331%'),Amazon (JP),0,CORE,FALSE,25033289
10,2025-11-04 14:04:30,374821,Last Delivery,22228238,(Q230=0),Within the past week,10141,CORE,FALSE,22228238
399,2025-11-04 14:04:30,373075,Age,23041276,(Q164 BETWEEN 18 AND 24),18-24,652,HISPANIC,FALSE,23041276
8,2025-11-04 14:04:30,374821,Site All Hits,22175121,q4 in (select bannerid from adServerBanners where campaignid=79821 and site=11498) or (Q2 like '%12439798%' or Q2 like '%12439800%' or Q2 like '%12439802%'),Pandora Tablet (US),19,CORE,FALSE,22175121
517,2025-11-04 14:04:30,373075,Ethnicity,21583689,"(substring(Q180,4,1)='2')",Native Hawaiian or Other Pacific Islander,84,HISPANIC,FALSE,21583689
397,2025-11-04 14:04:30,373075,Age (Grouped),21588900,(Q164 BETWEEN 55 AND 64),55-64,413,HISPANIC,FALSE,21588900
186,2025-11-04 14:04:30,374821,Creative,24968931,"((
 exists (
	select 1 from dbo.bannerexposure with (nolock) where  bannerexposure.respondentid = answers374821.id and bannerexposure.surveyid = 374821 and bannerexposure.bannerid  in 
		(
			select cast(element as int) from surveyfiltergroupelements with(nolock) where typeid = 1 and filtergroupid in (727243)
		)
	)
 or 
 exists (
	select 1 from dbo.creativeexposure with (nolock) where  creativeexposure.respondentid = answers374821.id and creativeexposure.surveyid = 374821 and creativeexposure.creativeid  in 
		(
			select element from surveyfiltergroupelements with(nolock) where typeid = 2 and filtergroupid in (727243)
		)
	)
 or 
 exists (
	select 1 from dbo.placementexposure with (nolock) where  placementexposure.respondentid = answers374821.id and placementexposure.surveyid = 374821 and placementexposure.placementid  in 
		(
			select element from surveyfiltergroupelements with(nolock) where typeid = 3 and filtergroupid in (727243)
		)
	)
))",Format - CUS,0,CORE,FALSE,24968931
634,2025-11-04 14:04:30,373075,Site,25000311,(Q4 = '12601498'),Amazon (DE),0,HISPANIC,FALSE,25000311
95,2025-11-04 14:04:30,374821,Past Brand Usage,22236479,(Q234_4 in (0)),Amazon,20195,CORE,FALSE,22236479
317,2025-11-04 14:04:30,374821,Creative,24969063,"((
 exists (
	select 1 from dbo.bannerexposure with (nolock) where  bannerexposure.respondentid = answers374821.id and bannerexposure.surveyid = 374821 and bannerexposure.bannerid  in 
		(
			select cast(element as int) from surveyfiltergroupelements with(nolock) where typeid = 1 and filtergroupid in (727275)
		)
	)
 or 
 exists (
	select 1 from dbo.creativeexposure with (nolock) where  creativeexposure.respondentid = answers374821.id and creativeexposure.surveyid = 374821 and creativeexposure.creativeid  in 
		(
			select element from surveyfiltergroupelements with(nolock) where typeid = 2 and filtergroupid in (727275)
		)
	)
 or 
 exists (
	select 1 from dbo.placementexposure with (nolock) where  placementexposure.respondentid = answers374821.id and placementexposure.surveyid = 374821 and placementexposure.placementid  in 
		(
			select element from surveyfiltergroupelements with(nolock) where typeid = 3 and filtergroupid in (727275)
		)
	)
))",Size/Length - 970x250,46,CORE,FALSE,24969063
50,2025-11-04 14:04:30,374821,Past Brand Recency - Grubhub,22228330,(Q235_5 in (1)),Once a week,3742,CORE,FALSE,22228330
409,2025-11-04 14:04:30,373075,Creative,24878437,"((
 exists (
	select 1 from dbo.bannerexposure with (nolock) where  bannerexposure.respondentid = answers373075.id and bannerexposure.surveyid = 373075 and bannerexposure.bannerid  in 
		(
			select cast(element as int) from surveyfiltergroupelements with(nolock) where typeid = 1 and filtergroupid in (724330)
		)
	)
 or 
 exists (
	select 1 from dbo.creativeexposure with (nolock) where  creativeexposure.respondentid = answers373075.id and creativeexposure.surveyid = 373075 and creativeexposure.creativeid  in 
		(
			select element from surveyfiltergroupelements with(nolock) where typeid = 2 and filtergroupid in (724330)
		)
	)
 or 
 exists (
	select 1 from dbo.placementexposure with (nolock) where  placementexposure.respondentid = answers373075.id and placementexposure.surveyid = 373075 and placementexposure.placementid  in 
		(
			select element from surveyfiltergroupelements with(nolock) where typeid = 3 and filtergroupid in (724330)
		)
	)
))",Campaign - DashPass Evergreen,0,HISPANIC,FALSE,24878437
645,2025-11-04 14:04:30,373075,Site,25000307,(Q4 = '12594675'),Amazon CTV (IN),0,HISPANIC,FALSE,25000307
144,2025-11-04 14:04:30,374821,Creative,24968887,"((
 exists (
	select 1 from dbo.bannerexposure with (nolock) where  bannerexposure.respondentid = answers374821.id and bannerexposure.surveyid = 374821 and bannerexposure.bannerid  in 
		(
			select cast(element as int) from surveyfiltergroupelements with(nolock) where typeid = 1 and filtergroupid in (727318)
		)
	)
 or 
 exists (
	select 1 from dbo.creativeexposure with (nolock) where  creativeexposure.respondentid = answers374821.id and creativeexposure.surveyid = 374821 and creativeexposure.creativeid  in 
		(
			select element from surveyfiltergroupelements with(nolock) where typeid = 2 and filtergroupid in (727318)
		)
	)
 or 
 exists (
	select 1 from dbo.placementexposure with (nolock) where  placementexposure.respondentid = answers374821.id and placementexposure.surveyid = 374821 and placementexposure.placementid  in 
		(
			select element from surveyfiltergroupelements with(nolock) where typeid = 3 and filtergroupid in (727318)
		)
	)
))",Creative Publisher - Amazon (US),480,CORE,FALSE,24968887
568,2025-11-04 14:04:30,373075,Past Brand Recency - Grubhub,21587585,(Q264_5 in (3)),I did not use in the past 30 days,645,HISPANIC,FALSE,21587585
303,2025-11-04 14:04:30,374821,Creative,24969049,"((
 exists (
	select 1 from dbo.bannerexposure with (nolock) where  bannerexposure.respondentid = answers374821.id and bannerexposure.surveyid = 374821 and bannerexposure.bannerid  in 
		(
			select cast(element as int) from surveyfiltergroupelements with(nolock) where typeid = 1 and filtergroupid in (727277)
		)
	)
 or 
 exists (
	select 1 from dbo.creativeexposure with (nolock) where  creativeexposure.respondentid = answers374821.id and creativeexposure.surveyid = 374821 and creativeexposure.creativeid  in 
		(
			select element from surveyfiltergroupelements with(nolock) where typeid = 2 and filtergroupid in (727277)
		)
	)
 or 
 exists (
	select 1 from dbo.placementexposure with (nolock) where  placementexposure.respondentid = answers374821.id and placementexposure.surveyid = 374821 and placementexposure.placementid  in 
		(
			select element from surveyfiltergroupelements with(nolock) where typeid = 3 and filtergroupid in (727277)
		)
	)
))",Size/Length - 300x600,131,CORE,FALSE,24969049
562,2025-11-04 14:04:30,373075,Past Brand Recency - Amazon,21587579,(Q264_4 in (1)),Once a week,1031,HISPANIC,FALSE,21587579
88,2025-11-04 14:04:30,374821,Delivery Use - Use an app/website for on-demand or same day delivery,22236037,"(substring(Q233_7,2,1)='2')",Packaged Food & Non-Alcoholic Beverages,6885,CORE,FALSE,22236037
415,2025-11-04 14:04:30,373075,Creative,24878445,"((
 exists (
	select 1 from dbo.bannerexposure with (nolock) where  bannerexposure.respondentid = answers373075.id and bannerexposure.surveyid = 373075 and bannerexposure.bannerid  in 
		(
			select cast(element as int) from surveyfiltergroupelements with(nolock) where typeid = 1 and filtergroupid in (724362)
		)
	)
 or 
 exists (
	select 1 from dbo.creativeexposure with (nolock) where  creativeexposure.respondentid = answers373075.id and creativeexposure.surveyid = 373075 and creativeexposure.creativeid  in 
		(
			select element from surveyfiltergroupelements with(nolock) where typeid = 2 and filtergroupid in (724362)
		)
	)
 or 
 exists (
	select 1 from dbo.placementexposure with (nolock) where  placementexposure.respondentid = answers373075.id and placementexposure.surveyid = 373075 and placementexposure.placementid  in 
		(
			select element from surveyfiltergroupelements with(nolock) where typeid = 3 and filtergroupid in (724362)
		)
	)
))",Campaign - Incremental,0,HISPANIC,FALSE,24878445
160,2025-11-04 14:04:30,374821,Creative,24968904,"((
 exists (
	select 1 from dbo.bannerexposure with (nolock) where  bannerexposure.respondentid = answers374821.id and bannerexposure.surveyid = 374821 and bannerexposure.bannerid  in 
		(
			select cast(element as int) from surveyfiltergroupelements with(nolock) where typeid = 1 and filtergroupid in (727358)
		)
	)
 or 
 exists (
	select 1 from dbo.creativeexposure with (nolock) where  creativeexposure.respondentid = answers374821.id and creativeexposure.surveyid = 374821 and creativeexposure.creativeid  in 
		(
			select element from surveyfiltergroupelements with(nolock) where typeid = 2 and filtergroupid in (727358)
		)
	)
 or 
 exists (
	select 1 from dbo.placementexposure with (nolock) where  placementexposure.respondentid = answers374821.id and placementexposure.surveyid = 374821 and placementexposure.placementid  in 
		(
			select element from surveyfiltergroupelements with(nolock) where typeid = 3 and filtergroupid in (727358)
		)
	)
))",Creative Publisher - Meta,963,CORE,FALSE,24968904
417,2025-11-04 14:04:30,373075,Creative,24878447,"((
 exists (
	select 1 from dbo.bannerexposure with (nolock) where  bannerexposure.respondentid = answers373075.id and bannerexposure.surveyid = 373075 and bannerexposure.bannerid  in 
		(
			select cast(element as int) from surveyfiltergroupelements with(nolock) where typeid = 1 and filtergroupid in (724364)
		)
	)
 or 
 exists (
	select 1 from dbo.creativeexposure with (nolock) where  creativeexposure.respondentid = answers373075.id and creativeexposure.surveyid = 373075 and creativeexposure.creativeid  in 
		(
			select element from surveyfiltergroupelements with(nolock) where typeid = 2 and filtergroupid in (724364)
		)
	)
 or 
 exists (
	select 1 from dbo.placementexposure with (nolock) where  placementexposure.respondentid = answers373075.id and placementexposure.surveyid = 373075 and placementexposure.placementid  in 
		(
			select element from surveyfiltergroupelements with(nolock) where typeid = 3 and filtergroupid in (724364)
		)
	)
))",Campaign - New CX,0,HISPANIC,FALSE,24878447
574,2025-11-04 14:04:30,373075,Past Brand Recency - Instacart,21587575,(Q264_3 in (1)),Once a week,562,HISPANIC,FALSE,21587575
554,2025-11-04 14:04:30,373075,Last Delivery,21583696,(Q255=2),Within the past 2-4 weeks,710,HISPANIC,FALSE,21583696
34,2025-11-04 14:04:30,374821,Past Brand Recency - DoorDash,22228314,(Q235_1 in (1)),Once a week,5358,CORE,FALSE,22228314
404,2025-11-04 14:04:30,373075,Age,23041281,(Q164>=65),65+,206,HISPANIC,FALSE,23041281
578,2025-11-04 14:04:30,373075,Past Brand Recency - Uber Eats,21587571,(Q264_2 in (1)),Once a week,782,HISPANIC,FALSE,21587571
570,2025-11-04 14:04:30,373075,Past Brand Recency - Grubhub,21587583,(Q264_5 in (1)),Once a week,473,HISPANIC,FALSE,21587583
335,2025-11-04 14:04:30,374821,Creative,24969080,"((
 exists (
	select 1 from dbo.bannerexposure with (nolock) where  bannerexposure.respondentid = answers374821.id and bannerexposure.surveyid = 374821 and bannerexposure.bannerid  in 
		(
			select cast(element as int) from surveyfiltergroupelements with(nolock) where typeid = 1 and filtergroupid in (727263)
		)
	)
 or 
 exists (
	select 1 from dbo.creativeexposure with (nolock) where  creativeexposure.respondentid = answers374821.id and creativeexposure.surveyid = 374821 and creativeexposure.creativeid  in 
		(
			select element from surveyfiltergroupelements with(nolock) where typeid = 2 and filtergroupid in (727263)
		)
	)
 or 
 exists (
	select 1 from dbo.placementexposure with (nolock) where  placementexposure.respondentid = answers374821.id and placementexposure.surveyid = 374821 and placementexposure.placementid  in 
		(
			select element from surveyfiltergroupelements with(nolock) where typeid = 3 and filtergroupid in (727263)
		)
	)
))",Theme - Mother's Day,1803,CORE,FALSE,24969080
84,2025-11-04 14:04:30,374821,Delivery Use - Use an app/website for on-demand or same day delivery,22236022,"(substring(Q233_3,2,1)='2')",Personal Care & Beauty,5892,CORE,FALSE,22236022
218,2025-11-04 14:04:30,374821,Creative,24968963,"((
 exists (
	select 1 from dbo.bannerexposure with (nolock) where  bannerexposure.respondentid = answers374821.id and bannerexposure.surveyid = 374821 and bannerexposure.bannerid  in 
		(
			select cast(element as int) from surveyfiltergroupelements with(nolock) where typeid = 1 and filtergroupid in (727262)
		)
	)
 or 
 exists (
	select 1 from dbo.creativeexposure with (nolock) where  creativeexposure.respondentid = answers374821.id and creativeexposure.surveyid = 374821 and creativeexposure.creativeid  in 
		(
			select element from surveyfiltergroupelements with(nolock) where typeid = 2 and filtergroupid in (727262)
		)
	)
 or 
 exists (
	select 1 from dbo.placementexposure with (nolock) where  placementexposure.respondentid = answers374821.id and placementexposure.surveyid = 374821 and placementexposure.placementid  in 
		(
			select element from surveyfiltergroupelements with(nolock) where typeid = 3 and filtergroupid in (727262)
		)
	)
))",Placement Publisher - iHeart Podcast (US),743,CORE,FALSE,24968963
18,2025-11-04 14:04:30,374821,Delivery Category,22228246,"(substring(Q231,1,1)='2')","Prepared Restaurant Food (e.g., pizza, Thai food, Mexican food, sushi, etc.)",15197,CORE,FALSE,22228246
269,2025-11-04 14:04:30,374821,Creative,24969014,"((
 exists (
	select 1 from dbo.bannerexposure with (nolock) where  bannerexposure.respondentid = answers374821.id and bannerexposure.surveyid = 374821 and bannerexposure.bannerid  in 
		(
			select cast(element as int) from surveyfiltergroupelements with(nolock) where typeid = 1 and filtergroupid in (727265)
		)
	)
 or 
 exists (
	select 1 from dbo.creativeexposure with (nolock) where  creativeexposure.respondentid = answers374821.id and creativeexposure.surveyid = 374821 and creativeexposure.creativeid  in 
		(
			select element from surveyfiltergroupelements with(nolock) where typeid = 2 and filtergroupid in (727265)
		)
	)
 or 
 exists (
	select 1 from dbo.placementexposure with (nolock) where  placementexposure.respondentid = answers374821.id and placementexposure.surveyid = 374821 and placementexposure.placementid  in 
		(
			select element from surveyfiltergroupelements with(nolock) where typeid = 3 and filtergroupid in (727265)
		)
	)
))",Placement Targeting Tactic - 3P Behavioral,2284,CORE,FALSE,24969014
566,2025-11-04 14:04:30,373075,Past Brand Recency - DoorDash,21587567,(Q264_1 in (1)),Once a week,689,HISPANIC,FALSE,21587567
377,2025-11-04 14:04:30,374821,Site,25033344,(Q4 = '12594097'),Amazon CTV  (ES),0,CORE,FALSE,25033344
319,2025-11-04 14:04:30,374821,Creative,24969065,"((
 exists (
	select 1 from dbo.bannerexposure with (nolock) where  bannerexposure.respondentid = answers374821.id and bannerexposure.surveyid = 374821 and bannerexposure.bannerid  in 
		(
			select cast(element as int) from surveyfiltergroupelements with(nolock) where typeid = 1 and filtergroupid in (727210)
		)
	)
 or 
 exists (
	select 1 from dbo.creativeexposure with (nolock) where  creativeexposure.respondentid = answers374821.id and creativeexposure.surveyid = 374821 and creativeexposure.creativeid  in 
		(
			select element from surveyfiltergroupelements with(nolock) where typeid = 2 and filtergroupid in (727210)
		)
	)
 or 
 exists (
	select 1 from dbo.placementexposure with (nolock) where  placementexposure.respondentid = answers374821.id and placementexposure.surveyid = 374821 and placementexposure.placementid  in 
		(
			select element from surveyfiltergroupelements with(nolock) where typeid = 3 and filtergroupid in (727210)
		)
	)
))",Size/Length - Custom,4752,CORE,FALSE,24969065
265,2025-11-04 14:04:30,374821,Creative,24969010,"((
 exists (
	select 1 from dbo.bannerexposure with (nolock) where  bannerexposure.respondentid = answers374821.id and bannerexposure.surveyid = 374821 and bannerexposure.bannerid  in 
		(
			select cast(element as int) from surveyfiltergroupelements with(nolock) where typeid = 1 and filtergroupid in (727235)
		)
	)
 or 
 exists (
	select 1 from dbo.creativeexposure with (nolock) where  creativeexposure.respondentid = answers374821.id and creativeexposure.surveyid = 374821 and creativeexposure.creativeid  in 
		(
			select element from surveyfiltergroupelements with(nolock) where typeid = 2 and filtergroupid in (727235)
		)
	)
 or 
 exists (
	select 1 from dbo.placementexposure with (nolock) where  placementexposure.respondentid = answers374821.id and placementexposure.surveyid = 374821 and placementexposure.placementid  in 
		(
			select element from surveyfiltergroupelements with(nolock) where typeid = 3 and filtergroupid in (727235)
		)
	)
))",Placement Targeting Tactic - 2P Behavioral,6098,CORE,FALSE,24969010
576,2025-11-04 14:04:30,373075,Past Brand Recency - Uber Eats,21587573,(Q264_2 in (3)),I did not use in the past 30 days,807,HISPANIC,FALSE,21587573
232,2025-11-04 14:04:30,374821,Creative,24968977,"((
 exists (
	select 1 from dbo.bannerexposure with (nolock) where  bannerexposure.respondentid = answers374821.id and bannerexposure.surveyid = 374821 and bannerexposure.bannerid  in 
		(
			select cast(element as int) from surveyfiltergroupelements with(nolock) where typeid = 1 and filtergroupid in (727251)
		)
	)
 or 
 exists (
	select 1 from dbo.creativeexposure with (nolock) where  creativeexposure.respondentid = answers374821.id and creativeexposure.surveyid = 374821 and creativeexposure.creativeid  in 
		(
			select element from surveyfiltergroupelements with(nolock) where typeid = 2 and filtergroupid in (727251)
		)
	)
 or 
 exists (
	select 1 from dbo.placementexposure with (nolock) where  placementexposure.respondentid = answers374821.id and placementexposure.surveyid = 374821 and placementexposure.placementid  in 
		(
			select element from surveyfiltergroupelements with(nolock) where typeid = 3 and filtergroupid in (727251)
		)
	)
))",Placement Publisher - NBCU Peacock (US),2987,CORE,FALSE,24968977
176,2025-11-04 14:04:30,374821,Creative,24968921,"((
 exists (
	select 1 from dbo.bannerexposure with (nolock) where  bannerexposure.respondentid = answers374821.id and bannerexposure.surveyid = 374821 and bannerexposure.bannerid  in 
		(
			select cast(element as int) from surveyfiltergroupelements with(nolock) where typeid = 1 and filtergroupid in (727335)
		)
	)
 or 
 exists (
	select 1 from dbo.creativeexposure with (nolock) where  creativeexposure.respondentid = answers374821.id and creativeexposure.surveyid = 374821 and creativeexposure.creativeid  in 
		(
			select element from surveyfiltergroupelements with(nolock) where typeid = 2 and filtergroupid in (727335)
		)
	)
 or 
 exists (
	select 1 from dbo.placementexposure with (nolock) where  placementexposure.respondentid = answers374821.id and placementexposure.surveyid = 374821 and placementexposure.placementid  in 
		(
			select element from surveyfiltergroupelements with(nolock) where typeid = 3 and filtergroupid in (727335)
		)
	)
))",Creative Publisher - RTS.gg,0,CORE,FALSE,24968921
240,2025-11-04 14:04:30,374821,Creative,24968985,"((
 exists (
	select 1 from dbo.bannerexposure with (nolock) where  bannerexposure.respondentid = answers374821.id and bannerexposure.surveyid = 374821 and bannerexposure.bannerid  in 
		(
			select cast(element as int) from surveyfiltergroupelements with(nolock) where typeid = 1 and filtergroupid in (727405)
		)
	)
 or 
 exists (
	select 1 from dbo.creativeexposure with (nolock) where  creativeexposure.respondentid = answers374821.id and creativeexposure.surveyid = 374821 and creativeexposure.creativeid  in 
		(
			select element from surveyfiltergroupelements with(nolock) where typeid = 2 and filtergroupid in (727405)
		)
	)
 or 
 exists (
	select 1 from dbo.placementexposure with (nolock) where  placementexposure.respondentid = answers374821.id and placementexposure.surveyid = 374821 and placementexposure.placementid  in 
		(
			select element from surveyfiltergroupelements with(nolock) where typeid = 3 and filtergroupid in (727405)
		)
	)
))",Placement Publisher - Peacock TV,0,CORE,FALSE,24968985
248,2025-11-04 14:04:30,374821,Creative,24968993,"((
 exists (
	select 1 from dbo.bannerexposure with (nolock) where  bannerexposure.respondentid = answers374821.id and bannerexposure.surveyid = 374821 and bannerexposure.bannerid  in 
		(
			select cast(element as int) from surveyfiltergroupelements with(nolock) where typeid = 1 and filtergroupid in (727258)
		)
	)
 or 
 exists (
	select 1 from dbo.creativeexposure with (nolock) where  creativeexposure.respondentid = answers374821.id and creativeexposure.surveyid = 374821 and creativeexposure.creativeid  in 
		(
			select element from surveyfiltergroupelements with(nolock) where typeid = 2 and filtergroupid in (727258)
		)
	)
 or 
 exists (
	select 1 from dbo.placementexposure with (nolock) where  placementexposure.respondentid = answers374821.id and placementexposure.surveyid = 374821 and placementexposure.placementid  in 
		(
			select element from surveyfiltergroupelements with(nolock) where typeid = 3 and filtergroupid in (727258)
		)
	)
))",Placement Publisher - Soundcloud Mobile (US),31,CORE,FALSE,24968993
261,2025-11-04 14:04:30,374821,Creative,24969006,"((
 exists (
	select 1 from dbo.bannerexposure with (nolock) where  bannerexposure.respondentid = answers374821.id and bannerexposure.surveyid = 374821 and bannerexposure.bannerid  in 
		(
			select cast(element as int) from surveyfiltergroupelements with(nolock) where typeid = 1 and filtergroupid in (727300)
		)
	)
 or 
 exists (
	select 1 from dbo.creativeexposure with (nolock) where  creativeexposure.respondentid = answers374821.id and creativeexposure.surveyid = 374821 and creativeexposure.creativeid  in 
		(
			select element from surveyfiltergroupelements with(nolock) where typeid = 2 and filtergroupid in (727300)
		)
	)
 or 
 exists (
	select 1 from dbo.placementexposure with (nolock) where  placementexposure.respondentid = answers374821.id and placementexposure.surveyid = 374821 and placementexposure.placementid  in 
		(
			select element from surveyfiltergroupelements with(nolock) where typeid = 3 and filtergroupid in (727300)
		)
	)
))",Placement Publisher - Yelp Non DI (US),17,CORE,FALSE,24969006
210,2025-11-04 14:04:30,374821,Creative,24968955,"((
 exists (
	select 1 from dbo.bannerexposure with (nolock) where  bannerexposure.respondentid = answers374821.id and bannerexposure.surveyid = 374821 and bannerexposure.bannerid  in 
		(
			select cast(element as int) from surveyfiltergroupelements with(nolock) where typeid = 1 and filtergroupid in (727428)
		)
	)
 or 
 exists (
	select 1 from dbo.creativeexposure with (nolock) where  creativeexposure.respondentid = answers374821.id and creativeexposure.surveyid = 374821 and creativeexposure.creativeid  in 
		(
			select element from surveyfiltergroupelements with(nolock) where typeid = 2 and filtergroupid in (727428)
		)
	)
 or 
 exists (
	select 1 from dbo.placementexposure with (nolock) where  placementexposure.respondentid = answers374821.id and placementexposure.surveyid = 374821 and placementexposure.placementid  in 
		(
			select element from surveyfiltergroupelements with(nolock) where typeid = 3 and filtergroupid in (727428)
		)
	)
))",Placement Publisher - DSE,0,CORE,FALSE,24968955
192,2025-11-04 14:04:30,374821,Creative,24968937,"((
 exists (
	select 1 from dbo.bannerexposure with (nolock) where  bannerexposure.respondentid = answers374821.id and bannerexposure.surveyid = 374821 and bannerexposure.bannerid  in 
		(
			select cast(element as int) from surveyfiltergroupelements with(nolock) where typeid = 1 and filtergroupid in (727286)
		)
	)
 or 
 exists (
	select 1 from dbo.creativeexposure with (nolock) where  creativeexposure.respondentid = answers374821.id and creativeexposure.surveyid = 374821 and creativeexposure.creativeid  in 
		(
			select element from surveyfiltergroupelements with(nolock) where typeid = 2 and filtergroupid in (727286)
		)
	)
 or 
 exists (
	select 1 from dbo.placementexposure with (nolock) where  placementexposure.respondentid = answers374821.id and placementexposure.surveyid = 374821 and placementexposure.placementid  in 
		(
			select element from surveyfiltergroupelements with(nolock) where typeid = 3 and filtergroupid in (727286)
		)
	)
))",OTT Type - Static,348,CORE,FALSE,24968937
273,2025-11-04 14:04:30,374821,Creative,24969018,"((
 exists (
	select 1 from dbo.bannerexposure with (nolock) where  bannerexposure.respondentid = answers374821.id and bannerexposure.surveyid = 374821 and bannerexposure.bannerid  in 
		(
			select cast(element as int) from surveyfiltergroupelements with(nolock) where typeid = 1 and filtergroupid in (727362)
		)
	)
 or 
 exists (
	select 1 from dbo.creativeexposure with (nolock) where  creativeexposure.respondentid = answers374821.id and creativeexposure.surveyid = 374821 and creativeexposure.creativeid  in 
		(
			select element from surveyfiltergroupelements with(nolock) where typeid = 2 and filtergroupid in (727362)
		)
	)
 or 
 exists (
	select 1 from dbo.placementexposure with (nolock) where  placementexposure.respondentid = answers374821.id and placementexposure.surveyid = 374821 and placementexposure.placementid  in 
		(
			select element from surveyfiltergroupelements with(nolock) where typeid = 3 and filtergroupid in (727362)
		)
	)
))",Placement Targeting Tactic - Broad,652,CORE,FALSE,24969018
204,2025-11-04 14:04:30,374821,Creative,24968949,"((
 exists (
	select 1 from dbo.bannerexposure with (nolock) where  bannerexposure.respondentid = answers374821.id and bannerexposure.surveyid = 374821 and bannerexposure.bannerid  in 
		(
			select cast(element as int) from surveyfiltergroupelements with(nolock) where typeid = 1 and filtergroupid in (727282)
		)
	)
 or 
 exists (
	select 1 from dbo.creativeexposure with (nolock) where  creativeexposure.respondentid = answers374821.id and creativeexposure.surveyid = 374821 and creativeexposure.creativeid  in 
		(
			select element from surveyfiltergroupelements with(nolock) where typeid = 2 and filtergroupid in (727282)
		)
	)
 or 
 exists (
	select 1 from dbo.placementexposure with (nolock) where  placementexposure.respondentid = answers374821.id and placementexposure.surveyid = 374821 and placementexposure.placementid  in 
		(
			select element from surveyfiltergroupelements with(nolock) where typeid = 3 and filtergroupid in (727282)
		)
	)
))",Placement Publisher - Audioboom Podcast (US),121,CORE,FALSE,24968949
202,2025-11-04 14:04:30,374821,Creative,24968947,"((
 exists (
	select 1 from dbo.bannerexposure with (nolock) where  bannerexposure.respondentid = answers374821.id and bannerexposure.surveyid = 374821 and bannerexposure.bannerid  in 
		(
			select cast(element as int) from surveyfiltergroupelements with(nolock) where typeid = 1 and filtergroupid in (727378)
		)
	)
 or 
 exists (
	select 1 from dbo.creativeexposure with (nolock) where  creativeexposure.respondentid = answers374821.id and creativeexposure.surveyid = 374821 and creativeexposure.creativeid  in 
		(
			select element from surveyfiltergroupelements with(nolock) where typeid = 2 and filtergroupid in (727378)
		)
	)
 or 
 exists (
	select 1 from dbo.placementexposure with (nolock) where  placementexposure.respondentid = answers374821.id and placementexposure.surveyid = 374821 and placementexposure.placementid  in 
		(
			select element from surveyfiltergroupelements with(nolock) where typeid = 3 and filtergroupid in (727378)
		)
	)
))",Placement Publisher - Amazon,480,CORE,FALSE,24968947
351,2025-11-04 14:04:30,374821,Site All Hits,25033366,(Q4 = '12603704') or (Q2 like '%12603704%'),Amazon (NL),0,CORE,FALSE,25033366
246,2025-11-04 14:04:30,374821,Creative,24968991,"((
 exists (
	select 1 from dbo.bannerexposure with (nolock) where  bannerexposure.respondentid = answers374821.id and bannerexposure.surveyid = 374821 and bannerexposure.bannerid  in 
		(
			select cast(element as int) from surveyfiltergroupelements with(nolock) where typeid = 1 and filtergroupid in (727387)
		)
	)
 or 
 exists (
	select 1 from dbo.creativeexposure with (nolock) where  creativeexposure.respondentid = answers374821.id and creativeexposure.surveyid = 374821 and creativeexposure.creativeid  in 
		(
			select element from surveyfiltergroupelements with(nolock) where typeid = 2 and filtergroupid in (727387)
		)
	)
 or 
 exists (
	select 1 from dbo.placementexposure with (nolock) where  placementexposure.respondentid = answers374821.id and placementexposure.surveyid = 374821 and placementexposure.placementid  in 
		(
			select element from surveyfiltergroupelements with(nolock) where typeid = 3 and filtergroupid in (727387)
		)
	)
))",Placement Publisher - Samsung,2864,CORE,FALSE,24968991
412,2025-11-04 14:04:30,373075,Creative,24878441,"((
 exists (
	select 1 from dbo.bannerexposure with (nolock) where  bannerexposure.respondentid = answers373075.id and bannerexposure.surveyid = 373075 and bannerexposure.bannerid  in 
		(
			select cast(element as int) from surveyfiltergroupelements with(nolock) where typeid = 1 and filtergroupid in (724340)
		)
	)
 or 
 exists (
	select 1 from dbo.creativeexposure with (nolock) where  creativeexposure.respondentid = answers373075.id and creativeexposure.surveyid = 373075 and creativeexposure.creativeid  in 
		(
			select element from surveyfiltergroupelements with(nolock) where typeid = 2 and filtergroupid in (724340)
		)
	)
 or 
 exists (
	select 1 from dbo.placementexposure with (nolock) where  placementexposure.respondentid = answers373075.id and placementexposure.surveyid = 373075 and placementexposure.placementid  in 
		(
			select element from surveyfiltergroupelements with(nolock) where typeid = 3 and filtergroupid in (724340)
		)
	)
))",Campaign - DashPass Super Bowl,0,HISPANIC,FALSE,24878441
381,2025-11-04 14:04:30,374821,Site,25033332,(Q4 = '12593792'),Amazon CTV (FR),0,CORE,FALSE,25033332
2,2025-11-04 14:04:30,374821,Site All Hits,21967688,q4 in (select bannerid from adServerBanners where campaignid=79821 and site=120) or (Q2 like '%12416885%'),Billboard (US),268,CORE,FALSE,21967688
80,2025-11-04 14:04:30,374821,Activity,22228360,"(substring(Q241,11,1)='2')",Watched WWE,4813,CORE,FALSE,22228360
359,2025-11-04 14:04:30,374821,Site All Hits,25033343,(Q4 = '12594083') or (Q2 like '%12594083%'),Amazon CTV (IT),0,CORE,FALSE,25033343
214,2025-11-04 14:04:30,374821,Creative,24968959,"((
 exists (
	select 1 from dbo.bannerexposure with (nolock) where  bannerexposure.respondentid = answers374821.id and bannerexposure.surveyid = 374821 and bannerexposure.bannerid  in 
		(
			select cast(element as int) from surveyfiltergroupelements with(nolock) where typeid = 1 and filtergroupid in (727391)
		)
	)
 or 
 exists (
	select 1 from dbo.creativeexposure with (nolock) where  creativeexposure.respondentid = answers374821.id and creativeexposure.surveyid = 374821 and creativeexposure.creativeid  in 
		(
			select element from surveyfiltergroupelements with(nolock) where typeid = 2 and filtergroupid in (727391)
		)
	)
 or 
 exists (
	select 1 from dbo.placementexposure with (nolock) where  placementexposure.respondentid = answers374821.id and placementexposure.surveyid = 374821 and placementexposure.placementid  in 
		(
			select element from surveyfiltergroupelements with(nolock) where typeid = 3 and filtergroupid in (727391)
		)
	)
))",Placement Publisher - EyeQ,3616,CORE,FALSE,24968959
250,2025-11-04 14:04:30,374821,Creative,24968995,"((
 exists (
	select 1 from dbo.bannerexposure with (nolock) where  bannerexposure.respondentid = answers374821.id and bannerexposure.surveyid = 374821 and bannerexposure.bannerid  in 
		(
			select cast(element as int) from surveyfiltergroupelements with(nolock) where typeid = 1 and filtergroupid in (727283)
		)
	)
 or 
 exists (
	select 1 from dbo.creativeexposure with (nolock) where  creativeexposure.respondentid = answers374821.id and creativeexposure.surveyid = 374821 and creativeexposure.creativeid  in 
		(
			select element from surveyfiltergroupelements with(nolock) where typeid = 2 and filtergroupid in (727283)
		)
	)
 or 
 exists (
	select 1 from dbo.placementexposure with (nolock) where  placementexposure.respondentid = answers374821.id and placementexposure.surveyid = 374821 and placementexposure.placementid  in 
		(
			select element from surveyfiltergroupelements with(nolock) where typeid = 3 and filtergroupid in (727283)
		)
	)
))",Placement Publisher - Spotify Podcast (US),601,CORE,FALSE,24968995
373,2025-11-04 14:04:30,374821,Site,25033287,q4 in (select bannerid from adServerBanners where campaignid=79821 and site=24862),Amazon (JP),0,CORE,FALSE,25033287
206,2025-11-04 14:04:30,374821,Creative,24968951,"((
 exists (
	select 1 from dbo.bannerexposure with (nolock) where  bannerexposure.respondentid = answers374821.id and bannerexposure.surveyid = 374821 and bannerexposure.bannerid  in 
		(
			select cast(element as int) from surveyfiltergroupelements with(nolock) where typeid = 1 and filtergroupid in (727381)
		)
	)
 or 
 exists (
	select 1 from dbo.creativeexposure with (nolock) where  creativeexposure.respondentid = answers374821.id and creativeexposure.surveyid = 374821 and creativeexposure.creativeid  in 
		(
			select element from surveyfiltergroupelements with(nolock) where typeid = 2 and filtergroupid in (727381)
		)
	)
 or 
 exists (
	select 1 from dbo.placementexposure with (nolock) where  placementexposure.respondentid = answers374821.id and placementexposure.surveyid = 374821 and placementexposure.placementid  in 
		(
			select element from surveyfiltergroupelements with(nolock) where typeid = 3 and filtergroupid in (727381)
		)
	)
))",Placement Publisher - Bleacher Report,1027,CORE,FALSE,24968951
236,2025-11-04 14:04:30,374821,Creative,24968981,"((
 exists (
	select 1 from dbo.bannerexposure with (nolock) where  bannerexposure.respondentid = answers374821.id and bannerexposure.surveyid = 374821 and bannerexposure.bannerid  in 
		(
			select cast(element as int) from surveyfiltergroupelements with(nolock) where typeid = 1 and filtergroupid in (727401)
		)
	)
 or 
 exists (
	select 1 from dbo.creativeexposure with (nolock) where  creativeexposure.respondentid = answers374821.id and creativeexposure.surveyid = 374821 and creativeexposure.creativeid  in 
		(
			select element from surveyfiltergroupelements with(nolock) where typeid = 2 and filtergroupid in (727401)
		)
	)
 or 
 exists (
	select 1 from dbo.placementexposure with (nolock) where  placementexposure.respondentid = answers374821.id and placementexposure.surveyid = 374821 and placementexposure.placementid  in 
		(
			select element from surveyfiltergroupelements with(nolock) where typeid = 3 and filtergroupid in (727401)
		)
	)
))",Placement Publisher - Pandora Connected Home (US),5,CORE,FALSE,24968981
343,2025-11-04 14:04:30,374821,Creative,24969089,"((
 exists (
	select 1 from dbo.bannerexposure with (nolock) where  bannerexposure.respondentid = answers374821.id and bannerexposure.surveyid = 374821 and bannerexposure.bannerid  in 
		(
			select cast(element as int) from surveyfiltergroupelements with(nolock) where typeid = 1 and filtergroupid in (727239)
		)
	)
 or 
 exists (
	select 1 from dbo.creativeexposure with (nolock) where  creativeexposure.respondentid = answers374821.id and creativeexposure.surveyid = 374821 and creativeexposure.creativeid  in 
		(
			select element from surveyfiltergroupelements with(nolock) where typeid = 2 and filtergroupid in (727239)
		)
	)
 or 
 exists (
	select 1 from dbo.placementexposure with (nolock) where  placementexposure.respondentid = answers374821.id and placementexposure.surveyid = 374821 and placementexposure.placementid  in 
		(
			select element from surveyfiltergroupelements with(nolock) where typeid = 3 and filtergroupid in (727239)
		)
	)
))",Theme - Valentine's Day,2606,CORE,FALSE,24969089
244,2025-11-04 14:04:30,374821,Creative,24968989,"((
 exists (
	select 1 from dbo.bannerexposure with (nolock) where  bannerexposure.respondentid = answers374821.id and bannerexposure.surveyid = 374821 and bannerexposure.bannerid  in 
		(
			select cast(element as int) from surveyfiltergroupelements with(nolock) where typeid = 1 and filtergroupid in (727257)
		)
	)
 or 
 exists (
	select 1 from dbo.creativeexposure with (nolock) where  creativeexposure.respondentid = answers374821.id and creativeexposure.surveyid = 374821 and creativeexposure.creativeid  in 
		(
			select element from surveyfiltergroupelements with(nolock) where typeid = 2 and filtergroupid in (727257)
		)
	)
 or 
 exists (
	select 1 from dbo.placementexposure with (nolock) where  placementexposure.respondentid = answers374821.id and placementexposure.surveyid = 374821 and placementexposure.placementid  in 
		(
			select element from surveyfiltergroupelements with(nolock) where typeid = 3 and filtergroupid in (727257)
		)
	)
))",Placement Publisher - RTS (US),185,CORE,FALSE,24968989
396,2025-11-04 14:04:30,373075,Age (Grouped),21588899,(Q164 BETWEEN 45 AND 54),45-54,692,HISPANIC,FALSE,21588899
252,2025-11-04 14:04:30,374821,Creative,24968997,"((
 exists (
	select 1 from dbo.bannerexposure with (nolock) where  bannerexposure.respondentid = answers374821.id and bannerexposure.surveyid = 374821 and bannerexposure.bannerid  in 
		(
			select cast(element as int) from surveyfiltergroupelements with(nolock) where typeid = 1 and filtergroupid in (727259)
		)
	)
 or 
 exists (
	select 1 from dbo.creativeexposure with (nolock) where  creativeexposure.respondentid = answers374821.id and creativeexposure.surveyid = 374821 and creativeexposure.creativeid  in 
		(
			select element from surveyfiltergroupelements with(nolock) where typeid = 2 and filtergroupid in (727259)
		)
	)
 or 
 exists (
	select 1 from dbo.placementexposure with (nolock) where  placementexposure.respondentid = answers374821.id and placementexposure.surveyid = 374821 and placementexposure.placementid  in 
		(
			select element from surveyfiltergroupelements with(nolock) where typeid = 3 and filtergroupid in (727259)
		)
	)
))",Placement Publisher - The Midas Exchange (US),1384,CORE,FALSE,24968997
647,2025-11-04 14:04:30,373075,Site,25000283,q4 in (select bannerid from adServerBanners where campaignid=78558 and site=19514),Amazon Mobile (CA),0,HISPANIC,FALSE,25000283
200,2025-11-04 14:04:30,374821,Creative,24968945,"((
 exists (
	select 1 from dbo.bannerexposure with (nolock) where  bannerexposure.respondentid = answers374821.id and bannerexposure.surveyid = 374821 and bannerexposure.bannerid  in 
		(
			select cast(element as int) from surveyfiltergroupelements with(nolock) where typeid = 1 and filtergroupid in (727416)
		)
	)
 or 
 exists (
	select 1 from dbo.creativeexposure with (nolock) where  creativeexposure.respondentid = answers374821.id and creativeexposure.surveyid = 374821 and creativeexposure.creativeid  in 
		(
			select element from surveyfiltergroupelements with(nolock) where typeid = 2 and filtergroupid in (727416)
		)
	)
 or 
 exists (
	select 1 from dbo.placementexposure with (nolock) where  placementexposure.respondentid = answers374821.id and placementexposure.surveyid = 374821 and placementexposure.placementid  in 
		(
			select element from surveyfiltergroupelements with(nolock) where typeid = 3 and filtergroupid in (727416)
		)
	)
))",Placement Publisher - Activision Blizzard,0,CORE,FALSE,24968945
198,2025-11-04 14:04:30,374821,Creative,24968943,"((
 exists (
	select 1 from dbo.bannerexposure with (nolock) where  bannerexposure.respondentid = answers374821.id and bannerexposure.surveyid = 374821 and bannerexposure.bannerid  in 
		(
			select cast(element as int) from surveyfiltergroupelements with(nolock) where typeid = 1 and filtergroupid in (727434)
		)
	)
 or 
 exists (
	select 1 from dbo.creativeexposure with (nolock) where  creativeexposure.respondentid = answers374821.id and creativeexposure.surveyid = 374821 and creativeexposure.creativeid  in 
		(
			select element from surveyfiltergroupelements with(nolock) where typeid = 2 and filtergroupid in (727434)
		)
	)
 or 
 exists (
	select 1 from dbo.placementexposure with (nolock) where  placementexposure.respondentid = answers374821.id and placementexposure.surveyid = 374821 and placementexposure.placementid  in 
		(
			select element from surveyfiltergroupelements with(nolock) where typeid = 3 and filtergroupid in (727434)
		)
	)
))",Placement Location - Watch,6,CORE,FALSE,24968943
96,2025-11-04 14:04:30,374821,Past Brand Usage,22236480,(Q234_5 in (0)),Grubhub,12725,CORE,FALSE,22236480
383,2025-11-04 14:04:30,374821,Site,25033340,(Q4 = '12594083'),Amazon CTV (IT),0,CORE,FALSE,25033340
267,2025-11-04 14:04:30,374821,Creative,24969012,"((
 exists (
	select 1 from dbo.bannerexposure with (nolock) where  bannerexposure.respondentid = answers374821.id and bannerexposure.surveyid = 374821 and bannerexposure.bannerid  in 
		(
			select cast(element as int) from surveyfiltergroupelements with(nolock) where typeid = 1 and filtergroupid in (727270)
		)
	)
 or 
 exists (
	select 1 from dbo.creativeexposure with (nolock) where  creativeexposure.respondentid = answers374821.id and creativeexposure.surveyid = 374821 and creativeexposure.creativeid  in 
		(
			select element from surveyfiltergroupelements with(nolock) where typeid = 2 and filtergroupid in (727270)
		)
	)
 or 
 exists (
	select 1 from dbo.placementexposure with (nolock) where  placementexposure.respondentid = answers374821.id and placementexposure.surveyid = 374821 and placementexposure.placementid  in 
		(
			select element from surveyfiltergroupelements with(nolock) where typeid = 3 and filtergroupid in (727270)
		)
	)
))",Placement Targeting Tactic - 2P Contextual,3891,CORE,FALSE,24969012
400,2025-11-04 14:04:30,373075,Age,23041277,(Q164 BETWEEN 25 AND 34),25-34,1680,HISPANIC,FALSE,23041277
379,2025-11-04 14:04:30,374821,Site,25033351,(Q4 = '12594108'),Amazon CTV (AU),0,CORE,FALSE,25033351
225,2025-11-04 14:04:30,374821,Creative,24968970,"((
 exists (
	select 1 from dbo.bannerexposure with (nolock) where  bannerexposure.respondentid = answers374821.id and bannerexposure.surveyid = 374821 and bannerexposure.bannerid  in 
		(
			select cast(element as int) from surveyfiltergroupelements with(nolock) where typeid = 1 and filtergroupid in (727404)
		)
	)
 or 
 exists (
	select 1 from dbo.creativeexposure with (nolock) where  creativeexposure.respondentid = answers374821.id and creativeexposure.surveyid = 374821 and creativeexposure.creativeid  in 
		(
			select element from surveyfiltergroupelements with(nolock) where typeid = 2 and filtergroupid in (727404)
		)
	)
 or 
 exists (
	select 1 from dbo.placementexposure with (nolock) where  placementexposure.respondentid = answers374821.id and placementexposure.surveyid = 374821 and placementexposure.placementid  in 
		(
			select element from surveyfiltergroupelements with(nolock) where typeid = 3 and filtergroupid in (727404)
		)
	)
))",Placement Publisher - Media IQ Digital,1801,CORE,FALSE,24968970
92,2025-11-04 14:04:30,374821,Delivery Use - Use an app/website for on-demand or same day delivery,22236050,"(substring(Q233_11,2,1)='2')",Pet Supplies,4529,CORE,FALSE,22236050
357,2025-11-04 14:04:30,374821,Site All Hits,25033333,(Q4 = '12593792') or (Q2 like '%12593792%'),Amazon CTV (FR),0,CORE,FALSE,25033333
238,2025-11-04 14:04:30,374821,Creative,24968983,"((
 exists (
	select 1 from dbo.bannerexposure with (nolock) where  bannerexposure.respondentid = answers374821.id and bannerexposure.surveyid = 374821 and bannerexposure.bannerid  in 
		(
			select cast(element as int) from surveyfiltergroupelements with(nolock) where typeid = 1 and filtergroupid in (727414)
		)
	)
 or 
 exists (
	select 1 from dbo.creativeexposure with (nolock) where  creativeexposure.respondentid = answers374821.id and creativeexposure.surveyid = 374821 and creativeexposure.creativeid  in 
		(
			select element from surveyfiltergroupelements with(nolock) where typeid = 2 and filtergroupid in (727414)
		)
	)
 or 
 exists (
	select 1 from dbo.placementexposure with (nolock) where  placementexposure.respondentid = answers374821.id and placementexposure.surveyid = 374821 and placementexposure.placementid  in 
		(
			select element from surveyfiltergroupelements with(nolock) where typeid = 3 and filtergroupid in (727414)
		)
	)
))",Placement Publisher - Pandora Podcast Select (US),396,CORE,FALSE,24968983
565,2025-11-04 14:04:30,373075,Past Brand Recency - DoorDash,21587568,(Q264_1 in (2)),Less than once a week,720,HISPANIC,FALSE,21587568
408,2025-11-04 14:04:30,373075,Children in HH,21583728,"(substring(Q269,2,1)='2')","Yes, age 7-12",1404,HISPANIC,FALSE,21583728
242,2025-11-04 14:04:30,374821,Creative,24968987,"((
 exists (
	select 1 from dbo.bannerexposure with (nolock) where  bannerexposure.respondentid = answers374821.id and bannerexposure.surveyid = 374821 and bannerexposure.bannerid  in 
		(
			select cast(element as int) from surveyfiltergroupelements with(nolock) where typeid = 1 and filtergroupid in (727278)
		)
	)
 or 
 exists (
	select 1 from dbo.creativeexposure with (nolock) where  creativeexposure.respondentid = answers374821.id and creativeexposure.surveyid = 374821 and creativeexposure.creativeid  in 
		(
			select element from surveyfiltergroupelements with(nolock) where typeid = 2 and filtergroupid in (727278)
		)
	)
 or 
 exists (
	select 1 from dbo.placementexposure with (nolock) where  placementexposure.respondentid = answers374821.id and placementexposure.surveyid = 374821 and placementexposure.placementid  in 
		(
			select element from surveyfiltergroupelements with(nolock) where typeid = 3 and filtergroupid in (727278)
		)
	)
))",Placement Publisher - Realm,143,CORE,FALSE,24968987
216,2025-11-04 14:04:30,374821,Creative,24968961,"((
 exists (
	select 1 from dbo.bannerexposure with (nolock) where  bannerexposure.respondentid = answers374821.id and bannerexposure.surveyid = 374821 and bannerexposure.bannerid  in 
		(
			select cast(element as int) from surveyfiltergroupelements with(nolock) where typeid = 1 and filtergroupid in (727292)
		)
	)
 or 
 exists (
	select 1 from dbo.creativeexposure with (nolock) where  creativeexposure.respondentid = answers374821.id and creativeexposure.surveyid = 374821 and creativeexposure.creativeid  in 
		(
			select element from surveyfiltergroupelements with(nolock) where typeid = 2 and filtergroupid in (727292)
		)
	)
 or 
 exists (
	select 1 from dbo.placementexposure with (nolock) where  placementexposure.respondentid = answers374821.id and placementexposure.surveyid = 374821 and placementexposure.placementid  in 
		(
			select element from surveyfiltergroupelements with(nolock) where typeid = 3 and filtergroupid in (727292)
		)
	)
))",Placement Publisher - Good Karma Podcast (US),95,CORE,FALSE,24968961
555,2025-11-04 14:04:30,373075,Last Delivery,21583698,(Q255=4),Within the past 3-6 months,195,HISPANIC,FALSE,21583698
406,2025-11-04 14:04:30,373075,Children in HH,21583727,"(substring(Q269,1,1)='2')","Yes, age 0-6",1731,HISPANIC,FALSE,21583727
375,2025-11-04 14:04:30,374821,Site,25033364,(Q4 = '12603704'),Amazon (NL),0,CORE,FALSE,25033364
234,2025-11-04 14:04:30,374821,Creative,24968979,"((
 exists (
	select 1 from dbo.bannerexposure with (nolock) where  bannerexposure.respondentid = answers374821.id and bannerexposure.surveyid = 374821 and bannerexposure.bannerid  in 
		(
			select cast(element as int) from surveyfiltergroupelements with(nolock) where typeid = 1 and filtergroupid in (727424)
		)
	)
 or 
 exists (
	select 1 from dbo.creativeexposure with (nolock) where  creativeexposure.respondentid = answers374821.id and creativeexposure.surveyid = 374821 and creativeexposure.creativeid  in 
		(
			select element from surveyfiltergroupelements with(nolock) where typeid = 2 and filtergroupid in (727424)
		)
	)
 or 
 exists (
	select 1 from dbo.placementexposure with (nolock) where  placementexposure.respondentid = answers374821.id and placementexposure.surveyid = 374821 and placementexposure.placementid  in 
		(
			select element from surveyfiltergroupelements with(nolock) where typeid = 3 and filtergroupid in (727424)
		)
	)
))",Placement Publisher - Olyzon.TV,330,CORE,FALSE,24968979
208,2025-11-04 14:04:30,374821,Creative,24968953,"((
 exists (
	select 1 from dbo.bannerexposure with (nolock) where  bannerexposure.respondentid = answers374821.id and bannerexposure.surveyid = 374821 and bannerexposure.bannerid  in 
		(
			select cast(element as int) from surveyfiltergroupelements with(nolock) where typeid = 1 and filtergroupid in (727392)
		)
	)
 or 
 exists (
	select 1 from dbo.creativeexposure with (nolock) where  creativeexposure.respondentid = answers374821.id and creativeexposure.surveyid = 374821 and creativeexposure.creativeid  in 
		(
			select element from surveyfiltergroupelements with(nolock) where typeid = 2 and filtergroupid in (727392)
		)
	)
 or 
 exists (
	select 1 from dbo.placementexposure with (nolock) where  placementexposure.respondentid = answers374821.id and placementexposure.surveyid = 374821 and placementexposure.placementid  in 
		(
			select element from surveyfiltergroupelements with(nolock) where typeid = 3 and filtergroupid in (727392)
		)
	)
))",Placement Publisher - Disney+,4770,CORE,FALSE,24968953
212,2025-11-04 14:04:30,374821,Creative,24968957,"((
 exists (
	select 1 from dbo.bannerexposure with (nolock) where  bannerexposure.respondentid = answers374821.id and bannerexposure.surveyid = 374821 and bannerexposure.bannerid  in 
		(
			select cast(element as int) from surveyfiltergroupelements with(nolock) where typeid = 1 and filtergroupid in (727261)
		)
	)
 or 
 exists (
	select 1 from dbo.creativeexposure with (nolock) where  creativeexposure.respondentid = answers374821.id and creativeexposure.surveyid = 374821 and creativeexposure.creativeid  in 
		(
			select element from surveyfiltergroupelements with(nolock) where typeid = 2 and filtergroupid in (727261)
		)
	)
 or 
 exists (
	select 1 from dbo.placementexposure with (nolock) where  placementexposure.respondentid = answers374821.id and placementexposure.surveyid = 374821 and placementexposure.placementid  in 
		(
			select element from surveyfiltergroupelements with(nolock) where typeid = 3 and filtergroupid in (727261)
		)
	)
))",Placement Publisher - ESPN (US),546,CORE,FALSE,24968957
86,2025-11-04 14:04:30,374821,Delivery Use - Use an app/website for on-demand or same day delivery,22236030,"(substring(Q233_5,2,1)='2')",Fresh Food & Produce,6892,CORE,FALSE,22236030
416,2025-11-04 14:04:30,373075,Creative,24878446,"(((
 exists (
	select 1 from dbo.bannerexposure with (nolock) where  bannerexposure.respondentid = answers373075.id and bannerexposure.surveyid = 373075 and bannerexposure.bannerid  in 
		(
			select cast(element as int) from surveyfiltergroupelements with(nolock) where typeid = 1 and filtergroupid in (724365)
		)
	)
 or 
 exists (
	select 1 from dbo.creativeexposure with (nolock) where  creativeexposure.respondentid = answers373075.id and creativeexposure.surveyid = 373075 and creativeexposure.creativeid  in 
		(
			select element from surveyfiltergroupelements with(nolock) where typeid = 2 and filtergroupid in (724365)
		)
	)
 or 
 exists (
	select 1 from dbo.placementexposure with (nolock) where  placementexposure.respondentid = answers373075.id and placementexposure.surveyid = 373075 and placementexposure.placementid  in 
		(
			select element from surveyfiltergroupelements with(nolock) where typeid = 3 and filtergroupid in (724365)
		)
	)
)) or ((Q4 in (select value from surveyfilterelements with(nolock) where filterid=24878446 and type='mapctrlbanner'))))",Campaign - Mothers Day,1098,HISPANIC,TRUE,24878446
369,2025-11-04 14:04:30,374821,Site,25033308,q4 in (select bannerid from adServerBanners where campaignid=79821 and site=27103),Amazon (BR),0,CORE,FALSE,25033308
371,2025-11-04 14:04:30,374821,Site,25033360,(Q4 = '12601499'),Amazon (DE),0,CORE,FALSE,25033360
263,2025-11-04 14:04:30,374821,Creative,24969008,"((
 exists (
	select 1 from dbo.bannerexposure with (nolock) where  bannerexposure.respondentid = answers374821.id and bannerexposure.surveyid = 374821 and bannerexposure.bannerid  in 
		(
			select cast(element as int) from surveyfiltergroupelements with(nolock) where typeid = 1 and filtergroupid in (727226)
		)
	)
 or 
 exists (
	select 1 from dbo.creativeexposure with (nolock) where  creativeexposure.respondentid = answers374821.id and creativeexposure.surveyid = 374821 and creativeexposure.creativeid  in 
		(
			select element from surveyfiltergroupelements with(nolock) where typeid = 2 and filtergroupid in (727226)
		)
	)
 or 
 exists (
	select 1 from dbo.placementexposure with (nolock) where  placementexposure.respondentid = answers374821.id and placementexposure.surveyid = 374821 and placementexposure.placementid  in 
		(
			select element from surveyfiltergroupelements with(nolock) where typeid = 3 and filtergroupid in (727226)
		)
	)
))",Placement Targeting Tactic - 1P CRM,3793,CORE,FALSE,24969008
563,2025-11-04 14:04:30,373075,Past Brand Recency - Amazon,21587578,(Q264_4 in (0)),Several times a week,1050,HISPANIC,FALSE,21587578
367,2025-11-04 14:04:30,374821,Site All Hits,25033248,(Q4 = '12430861') or (Q2 like '%12430861%'),PLACEHOLDER,0,CORE,FALSE,25033248
90,2025-11-04 14:04:30,374821,Delivery Use - Use an app/website for on-demand or same day delivery,22236044,"(substring(Q233_9,2,1)='2')",Flowers,3133,CORE,FALSE,22236044
559,2025-11-04 14:04:30,373075,Overall,21594996,((Q3>0)) AND ID NOT IN (SELECT ID FROM Answers373075 WITH(NOLOCK) WHERE ((Q160=1))) AND ID NOT IN (SELECT ID FROM Answers373075 WITH(NOLOCK) WHERE (q4 in (select bannerid from adServerBanners where campaignid=78558 and site=1784))) AND ID NOT IN (SELECT ID FROM Answers373075 WITH(NOLOCK) WHERE (q4 in (select bannerid from adServerBanners where campaignid=78558 and site=9291))) AND ID NOT IN (SELECT ID FROM Answers373075 WITH(NOLOCK) WHERE (q4 in (select bannerid from adServerBanners where campaignid=78558 and site=25281))) AND ID NOT IN (SELECT ID FROM Answers373075 WITH(NOLOCK) WHERE (q4 in (select bannerid from adServerBanners where campaignid=78558 and site=10535))),Exposed (Ignite Only),2249,HISPANIC,TRUE,21594996
230,2025-11-04 14:04:30,374821,Creative,24968975,"((
 exists (
	select 1 from dbo.bannerexposure with (nolock) where  bannerexposure.respondentid = answers374821.id and bannerexposure.surveyid = 374821 and bannerexposure.bannerid  in 
		(
			select cast(element as int) from surveyfiltergroupelements with(nolock) where typeid = 1 and filtergroupid in (727266)
		)
	)
 or 
 exists (
	select 1 from dbo.creativeexposure with (nolock) where  creativeexposure.respondentid = answers374821.id and creativeexposure.surveyid = 374821 and creativeexposure.creativeid  in 
		(
			select element from surveyfiltergroupelements with(nolock) where typeid = 2 and filtergroupid in (727266)
		)
	)
 or 
 exists (
	select 1 from dbo.placementexposure with (nolock) where  placementexposure.respondentid = answers374821.id and placementexposure.surveyid = 374821 and placementexposure.placementid  in 
		(
			select element from surveyfiltergroupelements with(nolock) where typeid = 3 and filtergroupid in (727266)
		)
	)
))",Placement Publisher - Nativ.ly Podcast (US),0,CORE,FALSE,24968975
228,2025-11-04 14:04:30,374821,Creative,24968973,"((
 exists (
	select 1 from dbo.bannerexposure with (nolock) where  bannerexposure.respondentid = answers374821.id and bannerexposure.surveyid = 374821 and bannerexposure.bannerid  in 
		(
			select cast(element as int) from surveyfiltergroupelements with(nolock) where typeid = 1 and filtergroupid in (727233)
		)
	)
 or 
 exists (
	select 1 from dbo.creativeexposure with (nolock) where  creativeexposure.respondentid = answers374821.id and creativeexposure.surveyid = 374821 and creativeexposure.creativeid  in 
		(
			select element from surveyfiltergroupelements with(nolock) where typeid = 2 and filtergroupid in (727233)
		)
	)
 or 
 exists (
	select 1 from dbo.placementexposure with (nolock) where  placementexposure.respondentid = answers374821.id and placementexposure.surveyid = 374821 and placementexposure.placementid  in 
		(
			select element from surveyfiltergroupelements with(nolock) where typeid = 3 and filtergroupid in (727233)
		)
	)
))",Placement Publisher - MSG (US),292,CORE,FALSE,24968973
567,2025-11-04 14:04:30,373075,Past Brand Recency - DoorDash,21587566,(Q264_1 in (0)),Several times a week,803,HISPANIC,FALSE,21587566
82,2025-11-04 14:04:30,374821,Activity,22228362,"(substring(Q241,13,1)='2')",None of the above,1736,CORE,FALSE,22228362
226,2025-11-04 14:04:30,374821,Creative,24968971,"((
 exists (
	select 1 from dbo.bannerexposure with (nolock) where  bannerexposure.respondentid = answers374821.id and bannerexposure.surveyid = 374821 and bannerexposure.bannerid  in 
		(
			select cast(element as int) from surveyfiltergroupelements with(nolock) where typeid = 1 and filtergroupid in (727437)
		)
	)
 or 
 exists (
	select 1 from dbo.creativeexposure with (nolock) where  creativeexposure.respondentid = answers374821.id and creativeexposure.surveyid = 374821 and creativeexposure.creativeid  in 
		(
			select element from surveyfiltergroupelements with(nolock) where typeid = 2 and filtergroupid in (727437)
		)
	)
 or 
 exists (
	select 1 from dbo.placementexposure with (nolock) where  placementexposure.respondentid = answers374821.id and placementexposure.surveyid = 374821 and placementexposure.placementid  in 
		(
			select element from surveyfiltergroupelements with(nolock) where typeid = 3 and filtergroupid in (727437)
		)
	)
))",Placement Publisher - Meta Audience Network Consented (Meta DI) (US),271,CORE,FALSE,24968971
365,2025-11-04 14:04:30,374821,Site All Hits,25033339,(Q4 = '12594082') or (Q2 like '%12594082%'),Amazon Tablet (IT),0,CORE,FALSE,25033339
271,2025-11-04 14:04:30,374821,Creative,24969016,"((
 exists (
	select 1 from dbo.bannerexposure with (nolock) where  bannerexposure.respondentid = answers374821.id and bannerexposure.surveyid = 374821 and bannerexposure.bannerid  in 
		(
			select cast(element as int) from surveyfiltergroupelements with(nolock) where typeid = 1 and filtergroupid in (727264)
		)
	)
 or 
 exists (
	select 1 from dbo.creativeexposure with (nolock) where  creativeexposure.respondentid = answers374821.id and creativeexposure.surveyid = 374821 and creativeexposure.creativeid  in 
		(
			select element from surveyfiltergroupelements with(nolock) where typeid = 2 and filtergroupid in (727264)
		)
	)
 or 
 exists (
	select 1 from dbo.placementexposure with (nolock) where  placementexposure.respondentid = answers374821.id and placementexposure.surveyid = 374821 and placementexposure.placementid  in 
		(
			select element from surveyfiltergroupelements with(nolock) where typeid = 3 and filtergroupid in (727264)
		)
	)
))",Placement Targeting Tactic - 3P Demo,3978,CORE,FALSE,24969016
575,2025-11-04 14:04:30,373075,Past Brand Recency - Instacart,21587574,(Q264_3 in (0)),Several times a week,469,HISPANIC,FALSE,21587574
363,2025-11-04 14:04:30,374821,Site All Hits,23900792,"((q4 in (select bannerid from adServerBanners where campaignid=79821 and site=3141) or ID IN (select id from answers374821 cross apply [SQL#].[String_Split4k](Q2, ',', 2) SplitTable cross apply [SQL#].[String_Split4k](SplitTable.SplitVal, '-', 2) bannerid where bannerid.SplitNum = 1 and bannerid.SplitVal in ( select value from dbo.surveyfilterelements WHERE surveyfilterelements.filterid=22195377 and type='in-clause' and surveyfilterelements.question='Q2' ) )) OR (q4 in (select bannerid from adServerBanners where campaignid=79821 and site=21461) or ID IN (select id from answers374821 cross apply [SQL#].[String_Split4k](Q2, ',', 2) SplitTable cross apply [SQL#].[String_Split4k](SplitTable.SplitVal, '-', 2) bannerid where bannerid.SplitNum = 1 and bannerid.SplitVal in ( select value from dbo.surveyfilterelements WHERE surveyfilterelements.filterid=22195387 and type='in-clause' and surveyfilterelements.question='Q2' ) )) OR (q4 in (select bannerid from adServerBanners where campaignid=79821 and site=17277) or ID IN (select id from answers374821 cross apply [SQL#].[String_Split4k](Q2, ',', 2) SplitTable cross apply [SQL#].[String_Split4k](SplitTable.SplitVal, '-', 2) bannerid where bannerid.SplitNum = 1 and bannerid.SplitVal in ( select value from dbo.surveyfilterelements WHERE surveyfilterelements.filterid=22195381 and type='in-clause' and surveyfilterelements.question='Q2' ) )) OR (q4 in (select bannerid from adServerBanners where campaignid=79821 and site=21459) or ID IN (select id from answers374821 cross apply [SQL#].[String_Split4k](Q2, ',', 2) SplitTable cross apply [SQL#].[String_Split4k](SplitTable.SplitVal, '-', 2) bannerid where bannerid.SplitNum = 1 and bannerid.SplitVal in ( select value from dbo.surveyfilterelements WHERE surveyfilterelements.filterid=22195385 and type='in-clause' and surveyfilterelements.question='Q2' ) )))",Amazon Partners,1188,CORE,FALSE,23900792
361,2025-11-04 14:04:30,374821,Site All Hits,25033359,(Q4 = '12600805') or (Q2 like '%12600805%'),Amazon Mobile (DE),0,CORE,FALSE,25033359
571,2025-11-04 14:04:30,373075,Past Brand Recency - Grubhub,21587582,(Q264_5 in (0)),Several times a week,419,HISPANIC,FALSE,21587582
398,2025-11-04 14:04:30,373075,Age (Grouped),21588901,(Q164>=65),65+,206,HISPANIC,FALSE,21588901
224,2025-11-04 14:04:30,374821,Creative,24968969,"((
 exists (
	select 1 from dbo.bannerexposure with (nolock) where  bannerexposure.respondentid = answers374821.id and bannerexposure.surveyid = 374821 and bannerexposure.bannerid  in 
		(
			select cast(element as int) from surveyfiltergroupelements with(nolock) where typeid = 1 and filtergroupid in (727425)
		)
	)
 or 
 exists (
	select 1 from dbo.creativeexposure with (nolock) where  creativeexposure.respondentid = answers374821.id and creativeexposure.surveyid = 374821 and creativeexposure.creativeid  in 
		(
			select element from surveyfiltergroupelements with(nolock) where typeid = 2 and filtergroupid in (727425)
		)
	)
 or 
 exists (
	select 1 from dbo.placementexposure with (nolock) where  placementexposure.respondentid = answers374821.id and placementexposure.surveyid = 374821 and placementexposure.placementid  in 
		(
			select element from surveyfiltergroupelements with(nolock) where typeid = 3 and filtergroupid in (727425)
		)
	)
))","Placement Publisher - Learfield Communications, Inc",0,CORE,FALSE,24968969
579,2025-11-04 14:04:30,373075,Past Brand Recency - Uber Eats,21587570,(Q264_2 in (0)),Several times a week,657,HISPANIC,FALSE,21587570
222,2025-11-04 14:04:30,374821,Creative,24968967,"((
 exists (
	select 1 from dbo.bannerexposure with (nolock) where  bannerexposure.respondentid = answers374821.id and bannerexposure.surveyid = 374821 and bannerexposure.bannerid  in 
		(
			select cast(element as int) from surveyfiltergroupelements with(nolock) where typeid = 1 and filtergroupid in (727423)
		)
	)
 or 
 exists (
	select 1 from dbo.creativeexposure with (nolock) where  creativeexposure.respondentid = answers374821.id and creativeexposure.surveyid = 374821 and creativeexposure.creativeid  in 
		(
			select element from surveyfiltergroupelements with(nolock) where typeid = 2 and filtergroupid in (727423)
		)
	)
 or 
 exists (
	select 1 from dbo.placementexposure with (nolock) where  placementexposure.respondentid = answers374821.id and placementexposure.surveyid = 374821 and placementexposure.placementid  in 
		(
			select element from surveyfiltergroupelements with(nolock) where typeid = 3 and filtergroupid in (727423)
		)
	)
))",Placement Publisher - Katz Media,0,CORE,FALSE,24968967
259,2025-11-04 14:04:30,374821,Creative,24969004,"((
 exists (
	select 1 from dbo.bannerexposure with (nolock) where  bannerexposure.respondentid = answers374821.id and bannerexposure.surveyid = 374821 and bannerexposure.bannerid  in 
		(
			select cast(element as int) from surveyfiltergroupelements with(nolock) where typeid = 1 and filtergroupid in (727280)
		)
	)
 or 
 exists (
	select 1 from dbo.creativeexposure with (nolock) where  creativeexposure.respondentid = answers374821.id and creativeexposure.surveyid = 374821 and creativeexposure.creativeid  in 
		(
			select element from surveyfiltergroupelements with(nolock) where typeid = 2 and filtergroupid in (727280)
		)
	)
 or 
 exists (
	select 1 from dbo.placementexposure with (nolock) where  placementexposure.respondentid = answers374821.id and placementexposure.surveyid = 374821 and placementexposure.placementid  in 
		(
			select element from surveyfiltergroupelements with(nolock) where typeid = 3 and filtergroupid in (727280)
		)
	)
))",Placement Publisher - Westwood One Radio Podcast (US),137,CORE,FALSE,24969004
220,2025-11-04 14:04:30,374821,Creative,24968965,"((
 exists (
	select 1 from dbo.bannerexposure with (nolock) where  bannerexposure.respondentid = answers374821.id and bannerexposure.surveyid = 374821 and bannerexposure.bannerid  in 
		(
			select cast(element as int) from surveyfiltergroupelements with(nolock) where typeid = 1 and filtergroupid in (727435)
		)
	)
 or 
 exists (
	select 1 from dbo.creativeexposure with (nolock) where  creativeexposure.respondentid = answers374821.id and creativeexposure.surveyid = 374821 and creativeexposure.creativeid  in 
		(
			select element from surveyfiltergroupelements with(nolock) where typeid = 2 and filtergroupid in (727435)
		)
	)
 or 
 exists (
	select 1 from dbo.placementexposure with (nolock) where  placementexposure.respondentid = answers374821.id and placementexposure.surveyid = 374821 and placementexposure.placementid  in 
		(
			select element from surveyfiltergroupelements with(nolock) where typeid = 3 and filtergroupid in (727435)
		)
	)
))",Placement Publisher - Instagram Consented  (Meta DI) (US),319,CORE,FALSE,24968965
420,2025-11-04 14:04:30,373075,Creative,24878450,"(((
 exists (
	select 1 from dbo.bannerexposure with (nolock) where  bannerexposure.respondentid = answers373075.id and bannerexposure.surveyid = 373075 and bannerexposure.bannerid  in 
		(
			select cast(element as int) from surveyfiltergroupelements with(nolock) where typeid = 1 and filtergroupid in (724323)
		)
	)
 or 
 exists (
	select 1 from dbo.creativeexposure with (nolock) where  creativeexposure.respondentid = answers373075.id and creativeexposure.surveyid = 373075 and creativeexposure.creativeid  in 
		(
			select element from surveyfiltergroupelements with(nolock) where typeid = 2 and filtergroupid in (724323)
		)
	)
 or 
 exists (
	select 1 from dbo.placementexposure with (nolock) where  placementexposure.respondentid = answers373075.id and placementexposure.surveyid = 373075 and placementexposure.placementid  in 
		(
			select element from surveyfiltergroupelements with(nolock) where typeid = 3 and filtergroupid in (724323)
		)
	)
)) or ((Q4 in (select value from surveyfilterelements with(nolock) where filterid=24878450 and type='mapctrlbanner'))))",Campaign - Your Door to More,1163,HISPANIC,TRUE,24878450
94,2025-11-04 14:04:30,374821,Past Brand Usage,22236477,(Q234_3 in (0)),Instacart,14047,CORE,FALSE,22236477
72,2025-11-04 14:04:30,374821,Activity,22228352,"(substring(Q241,3,1)='2')","Streamed music (e.g. Spotify, Pandora, Apple Music)",11478,CORE,FALSE,22228352
557,2025-11-04 14:04:30,373075,Last Delivery,21583694,(Q255=0),Within the past week,2005,HISPANIC,FALSE,21583694
281,2025-11-04 14:04:30,374821,Creative,24969026,"((
 exists (
	select 1 from dbo.bannerexposure with (nolock) where  bannerexposure.respondentid = answers374821.id and bannerexposure.surveyid = 374821 and bannerexposure.bannerid  in 
		(
			select cast(element as int) from surveyfiltergroupelements with(nolock) where typeid = 1 and filtergroupid in (727398)
		)
	)
 or 
 exists (
	select 1 from dbo.creativeexposure with (nolock) where  creativeexposure.respondentid = answers374821.id and creativeexposure.surveyid = 374821 and creativeexposure.creativeid  in 
		(
			select element from surveyfiltergroupelements with(nolock) where typeid = 2 and filtergroupid in (727398)
		)
	)
 or 
 exists (
	select 1 from dbo.placementexposure with (nolock) where  placementexposure.respondentid = answers374821.id and placementexposure.surveyid = 374821 and placementexposure.placementid  in 
		(
			select element from surveyfiltergroupelements with(nolock) where typeid = 3 and filtergroupid in (727398)
		)
	)
))",Placement Targeting Tactic - Lineups,338,CORE,FALSE,24969026
414,2025-11-04 14:04:30,373075,Creative,24878444,"(((
 exists (
	select 1 from dbo.bannerexposure with (nolock) where  bannerexposure.respondentid = answers373075.id and bannerexposure.surveyid = 373075 and bannerexposure.bannerid  in 
		(
			select cast(element as int) from surveyfiltergroupelements with(nolock) where typeid = 1 and filtergroupid in (724290)
		)
	)
 or 
 exists (
	select 1 from dbo.creativeexposure with (nolock) where  creativeexposure.respondentid = answers373075.id and creativeexposure.surveyid = 373075 and creativeexposure.creativeid  in 
		(
			select element from surveyfiltergroupelements with(nolock) where typeid = 2 and filtergroupid in (724290)
		)
	)
 or 
 exists (
	select 1 from dbo.placementexposure with (nolock) where  placementexposure.respondentid = answers373075.id and placementexposure.surveyid = 373075 and placementexposure.placementid  in 
		(
			select element from surveyfiltergroupelements with(nolock) where typeid = 3 and filtergroupid in (724290)
		)
	)
)) or ((Q4 in (select value from surveyfilterelements with(nolock) where filterid=24878444 and type='mapctrlbanner'))))",Campaign - Hispanic,3424,HISPANIC,TRUE,24878444
551,2025-11-04 14:04:30,373075,Last Delivery,21583700,(Q255=6),More than 12 months ago,169,HISPANIC,FALSE,21583700
78,2025-11-04 14:04:30,374821,Activity,22228358,"(substring(Q241,9,1)='2')",Watched NWSL,2377,CORE,FALSE,22228358
509,2025-11-04 14:04:30,373075,Employment Status,21583724,(Q268=4),Stay-at-home spouse/parent,346,HISPANIC,FALSE,21583724
561,2025-11-04 14:04:30,373075,Past Brand Recency - Amazon,21587580,(Q264_4 in (2)),Less than once a week,1008,HISPANIC,FALSE,21587580
100,2025-11-04 14:04:30,374821,Age,22236733,(Q166 BETWEEN 45 AND 54),45-54,4984,CORE,FALSE,22236733
569,2025-11-04 14:04:30,373075,Past Brand Recency - Grubhub,21587584,(Q264_5 in (2)),Less than once a week,442,HISPANIC,FALSE,21587584
388,2025-11-04 14:04:30,374821,Site,25033338,(Q4 = '12594082'),Amazon Tablet (IT),0,CORE,FALSE,25033338
402,2025-11-04 14:04:30,373075,Age,23041279,(Q164 BETWEEN 45 AND 54),45-54,692,HISPANIC,FALSE,23041279
392,2025-11-04 14:04:30,374821,TV Network (All Hits),24446192,"ID IN (
           select distinct id from answers374821 with(nolock)
                cross apply [dbo].[splitstring](ISNULL(Q127, '') , ',') callsign
                where callsign.Value in 
                             (
                             select Value
                             from dbo.surveyfilterelements 
                             WHERE surveyfilterelements.filterid=24446192
                             and type='in-clause' and surveyfilterelements.question='Q127'
                             )
                            )",FanDuel Sports,0,CORE,TRUE,24446192
410,2025-11-04 14:04:30,373075,Creative,24878439,"((
 exists (
	select 1 from dbo.bannerexposure with (nolock) where  bannerexposure.respondentid = answers373075.id and bannerexposure.surveyid = 373075 and bannerexposure.bannerid  in 
		(
			select cast(element as int) from surveyfiltergroupelements with(nolock) where typeid = 1 and filtergroupid in (724336)
		)
	)
 or 
 exists (
	select 1 from dbo.creativeexposure with (nolock) where  creativeexposure.respondentid = answers373075.id and creativeexposure.surveyid = 373075 and creativeexposure.creativeid  in 
		(
			select element from surveyfiltergroupelements with(nolock) where typeid = 2 and filtergroupid in (724336)
		)
	)
 or 
 exists (
	select 1 from dbo.placementexposure with (nolock) where  placementexposure.respondentid = answers373075.id and placementexposure.surveyid = 373075 and placementexposure.placementid  in 
		(
			select element from surveyfiltergroupelements with(nolock) where typeid = 3 and filtergroupid in (724336)
		)
	)
))",Campaign - DashPass NBA,0,HISPANIC,FALSE,24878439
104,2025-11-04 14:04:30,374821,DashPass Use,22358549,(Q200_1 in (0)),Use it now,9131,CORE,FALSE,22358549
553,2025-11-04 14:04:30,373075,Last Delivery,21583697,(Q255=3),Within the past 1-3 months,450,HISPANIC,FALSE,21583697
76,2025-11-04 14:04:30,374821,Activity,22228356,"(substring(Q241,7,1)='2')",Watched MLB,5312,CORE,FALSE,22228356
418,2025-11-04 14:04:30,373075,Creative,24878448,"((
 exists (
	select 1 from dbo.bannerexposure with (nolock) where  bannerexposure.respondentid = answers373075.id and bannerexposure.surveyid = 373075 and bannerexposure.bannerid  in 
		(
			select cast(element as int) from surveyfiltergroupelements with(nolock) where typeid = 1 and filtergroupid in (724354)
		)
	)
 or 
 exists (
	select 1 from dbo.creativeexposure with (nolock) where  creativeexposure.respondentid = answers373075.id and creativeexposure.surveyid = 373075 and creativeexposure.creativeid  in 
		(
			select element from surveyfiltergroupelements with(nolock) where typeid = 2 and filtergroupid in (724354)
		)
	)
 or 
 exists (
	select 1 from dbo.placementexposure with (nolock) where  placementexposure.respondentid = answers373075.id and placementexposure.surveyid = 373075 and placementexposure.placementid  in 
		(
			select element from surveyfiltergroupelements with(nolock) where typeid = 3 and filtergroupid in (724354)
		)
	)
))",Campaign - New Verticals Tampa,0,HISPANIC,FALSE,24878448
285,2025-11-04 14:04:30,374821,Creative,24969030,"((
 exists (
	select 1 from dbo.bannerexposure with (nolock) where  bannerexposure.respondentid = answers374821.id and bannerexposure.surveyid = 374821 and bannerexposure.bannerid  in 
		(
			select cast(element as int) from surveyfiltergroupelements with(nolock) where typeid = 1 and filtergroupid in (727374)
		)
	)
 or 
 exists (
	select 1 from dbo.creativeexposure with (nolock) where  creativeexposure.respondentid = answers374821.id and creativeexposure.surveyid = 374821 and creativeexposure.creativeid  in 
		(
			select element from surveyfiltergroupelements with(nolock) where typeid = 2 and filtergroupid in (727374)
		)
	)
 or 
 exists (
	select 1 from dbo.placementexposure with (nolock) where  placementexposure.respondentid = answers374821.id and placementexposure.surveyid = 374821 and placementexposure.placementid  in 
		(
			select element from surveyfiltergroupelements with(nolock) where typeid = 3 and filtergroupid in (727374)
		)
	)
))",Size/Length - :06 - :15s,65,CORE,FALSE,24969030
573,2025-11-04 14:04:30,373075,Past Brand Recency - Instacart,21587576,(Q264_3 in (2)),Less than once a week,533,HISPANIC,FALSE,21587576
68,2025-11-04 14:04:30,374821,Children in HH,22228348,"(substring(Q240,3,1)='2')","Yes, age 13-17",5692,CORE,FALSE,22228348
577,2025-11-04 14:04:30,373075,Past Brand Recency - Uber Eats,21587572,(Q264_2 in (2)),Less than once a week,750,HISPANIC,FALSE,21587572
257,2025-11-04 14:04:30,374821,Creative,24969002,"((
 exists (
	select 1 from dbo.bannerexposure with (nolock) where  bannerexposure.respondentid = answers374821.id and bannerexposure.surveyid = 374821 and bannerexposure.bannerid  in 
		(
			select cast(element as int) from surveyfiltergroupelements with(nolock) where typeid = 1 and filtergroupid in (727403)
		)
	)
 or 
 exists (
	select 1 from dbo.creativeexposure with (nolock) where  creativeexposure.respondentid = answers374821.id and creativeexposure.surveyid = 374821 and creativeexposure.creativeid  in 
		(
			select element from surveyfiltergroupelements with(nolock) where typeid = 2 and filtergroupid in (727403)
		)
	)
 or 
 exists (
	select 1 from dbo.placementexposure with (nolock) where  placementexposure.respondentid = answers374821.id and placementexposure.surveyid = 374821 and placementexposure.placementid  in 
		(
			select element from surveyfiltergroupelements with(nolock) where typeid = 3 and filtergroupid in (727403)
		)
	)
))",Placement Publisher - Twitch (US),356,CORE,FALSE,24969002
549,2025-11-04 14:04:30,373075,Language,21583685,(Q157=1),Spanish/Español,575,HISPANIC,FALSE,21583685
505,2025-11-04 14:04:30,373075,Delivery Item,21583713,"(substring(Q257,7,1)='2')","Pet Supplies (e.g., food, toys, treats, etc.)",2246,HISPANIC,FALSE,21583713
507,2025-11-04 14:04:30,373075,Employment Status,21583725,(Q268=5),Retired,267,HISPANIC,FALSE,21583725
277,2025-11-04 14:04:30,374821,Creative,24969022,"((
 exists (
	select 1 from dbo.bannerexposure with (nolock) where  bannerexposure.respondentid = answers374821.id and bannerexposure.surveyid = 374821 and bannerexposure.bannerid  in 
		(
			select cast(element as int) from surveyfiltergroupelements with(nolock) where typeid = 1 and filtergroupid in (727267)
		)
	)
 or 
 exists (
	select 1 from dbo.creativeexposure with (nolock) where  creativeexposure.respondentid = answers374821.id and creativeexposure.surveyid = 374821 and creativeexposure.creativeid  in 
		(
			select element from surveyfiltergroupelements with(nolock) where typeid = 2 and filtergroupid in (727267)
		)
	)
 or 
 exists (
	select 1 from dbo.placementexposure with (nolock) where  placementexposure.respondentid = answers374821.id and placementexposure.surveyid = 374821 and placementexposure.placementid  in 
		(
			select element from surveyfiltergroupelements with(nolock) where typeid = 3 and filtergroupid in (727267)
		)
	)
))",Placement Targeting Tactic - Demo,575,CORE,FALSE,24969022
394,2025-11-04 14:04:30,373075,Age (Grouped),21588896,(Q164 BETWEEN 25 AND 34),25-34,1680,HISPANIC,FALSE,21588896
289,2025-11-04 14:04:30,374821,Creative,24969035,"((
 exists (
	select 1 from dbo.bannerexposure with (nolock) where  bannerexposure.respondentid = answers374821.id and bannerexposure.surveyid = 374821 and bannerexposure.bannerid  in 
		(
			select cast(element as int) from surveyfiltergroupelements with(nolock) where typeid = 1 and filtergroupid in (727366)
		)
	)
 or 
 exists (
	select 1 from dbo.creativeexposure with (nolock) where  creativeexposure.respondentid = answers374821.id and creativeexposure.surveyid = 374821 and creativeexposure.creativeid  in 
		(
			select element from surveyfiltergroupelements with(nolock) where typeid = 2 and filtergroupid in (727366)
		)
	)
 or 
 exists (
	select 1 from dbo.placementexposure with (nolock) where  placementexposure.respondentid = answers374821.id and placementexposure.surveyid = 374821 and placementexposure.placementid  in 
		(
			select element from surveyfiltergroupelements with(nolock) where typeid = 3 and filtergroupid in (727366)
		)
	)
))",Size/Length - :15 - :60s,307,CORE,FALSE,24969035
390,2025-11-04 14:04:30,374821,TV Network (All Hits),24446189,"ID IN (
           select distinct id from answers374821 with(nolock)
                cross apply [dbo].[splitstring](ISNULL(Q127, '') , ',') callsign
                where callsign.Value in 
                             (
                             select Value
                             from dbo.surveyfilterelements 
                             WHERE surveyfilterelements.filterid=24446189
                             and type='in-clause' and surveyfilterelements.question='Q127'
                             )
                            )",ABC-5,38,CORE,TRUE,24446189
102,2025-11-04 14:04:30,374821,Overall,22236816,((Q3>0)) AND ID NOT IN (SELECT ID FROM Answers374821 WITH(NOLOCK) WHERE ((Q161=1))) AND ID NOT IN (SELECT ID FROM Answers374821 WITH(NOLOCK) WHERE (q4 in (select bannerid from adServerBanners where campaignid=79821 and site=1784))) AND ID NOT IN (SELECT ID FROM Answers374821 WITH(NOLOCK) WHERE (q4 in (select bannerid from adServerBanners where campaignid=79821 and site=22693))) AND ID NOT IN (SELECT ID FROM Answers374821 WITH(NOLOCK) WHERE (q4 in (select bannerid from adServerBanners where campaignid=79821 and site=9291))) AND ID NOT IN (SELECT ID FROM Answers374821 WITH(NOLOCK) WHERE ((Q4 = '12430861'))) AND ID NOT IN (SELECT ID FROM Answers374821 WITH(NOLOCK) WHERE (q4 in (select bannerid from adServerBanners where campaignid=79821 and site=25281))) AND ID NOT IN (SELECT ID FROM Answers374821 WITH(NOLOCK) WHERE (q4 in (select bannerid from adServerBanners where campaignid=79821 and site=10535))) AND ID NOT IN (SELECT ID FROM Answers374821 WITH(NOLOCK) WHERE (q4 in (select bannerid from adServerBanners where campaignid=79821 and site=19645))),Exposed (Ignite Only),8099,CORE,TRUE,22236816
98,2025-11-04 14:04:30,374821,Age,22236709,(Q166 BETWEEN 25 AND 34),25-34,7800,CORE,FALSE,22236709
511,2025-11-04 14:04:30,373075,Employment Status,21583720,(Q268=0),Work at a full time job (30 hours or more a week),3186,HISPANIC,FALSE,21583720
503,2025-11-04 14:04:30,373075,Delivery Item,21583714,"(substring(Q257,8,1)='2')",None of the above,251,HISPANIC,FALSE,21583714
287,2025-11-04 14:04:30,374821,Creative,24969032,"((
 exists (
	select 1 from dbo.bannerexposure with (nolock) where  bannerexposure.respondentid = answers374821.id and bannerexposure.surveyid = 374821 and bannerexposure.bannerid  in 
		(
			select cast(element as int) from surveyfiltergroupelements with(nolock) where typeid = 1 and filtergroupid in (727368)
		)
	)
 or 
 exists (
	select 1 from dbo.creativeexposure with (nolock) where  creativeexposure.respondentid = answers374821.id and creativeexposure.surveyid = 374821 and creativeexposure.creativeid  in 
		(
			select element from surveyfiltergroupelements with(nolock) where typeid = 2 and filtergroupid in (727368)
		)
	)
 or 
 exists (
	select 1 from dbo.placementexposure with (nolock) where  placementexposure.respondentid = answers374821.id and placementexposure.surveyid = 374821 and placementexposure.placementid  in 
		(
			select element from surveyfiltergroupelements with(nolock) where typeid = 3 and filtergroupid in (727368)
		)
	)
))",Size/Length - :06 - :60s,198,CORE,FALSE,24969032
128,2025-11-04 14:04:30,374821,Recruitment Month,24546100,( starttime >= '10/01/2025' and starttime < '11/01/2025' ),October 2025,1347,CORE,FALSE,24546100
74,2025-11-04 14:04:30,374821,Activity,22228354,"(substring(Q241,5,1)='2')",Watched WNBA,3845,CORE,FALSE,22228354
283,2025-11-04 14:04:30,374821,Creative,24969028,"((
 exists (
	select 1 from dbo.bannerexposure with (nolock) where  bannerexposure.respondentid = answers374821.id and bannerexposure.surveyid = 374821 and bannerexposure.bannerid  in 
		(
			select cast(element as int) from surveyfiltergroupelements with(nolock) where typeid = 1 and filtergroupid in (727274)
		)
	)
 or 
 exists (
	select 1 from dbo.creativeexposure with (nolock) where  creativeexposure.respondentid = answers374821.id and creativeexposure.surveyid = 374821 and creativeexposure.creativeid  in 
		(
			select element from surveyfiltergroupelements with(nolock) where typeid = 2 and filtergroupid in (727274)
		)
	)
 or 
 exists (
	select 1 from dbo.placementexposure with (nolock) where  placementexposure.respondentid = answers374821.id and placementexposure.surveyid = 374821 and placementexposure.placementid  in 
		(
			select element from surveyfiltergroupelements with(nolock) where typeid = 3 and filtergroupid in (727274)
		)
	)
))",Placement Targeting Tactic - Retargeting,310,CORE,FALSE,24969028
70,2025-11-04 14:04:30,374821,Activity,22228350,"(substring(Q241,1,1)='2')",Played video games on your PC or video game console,9310,CORE,FALSE,22228350
66,2025-11-04 14:04:30,374821,Children in HH,22228346,"(substring(Q240,1,1)='2')","Yes, age 0-6",7451,CORE,FALSE,22228346
279,2025-11-04 14:04:30,374821,Creative,24969024,"((
 exists (
	select 1 from dbo.bannerexposure with (nolock) where  bannerexposure.respondentid = answers374821.id and bannerexposure.surveyid = 374821 and bannerexposure.bannerid  in 
		(
			select cast(element as int) from surveyfiltergroupelements with(nolock) where typeid = 1 and filtergroupid in (727420)
		)
	)
 or 
 exists (
	select 1 from dbo.creativeexposure with (nolock) where  creativeexposure.respondentid = answers374821.id and creativeexposure.surveyid = 374821 and creativeexposure.creativeid  in 
		(
			select element from surveyfiltergroupelements with(nolock) where typeid = 2 and filtergroupid in (727420)
		)
	)
 or 
 exists (
	select 1 from dbo.placementexposure with (nolock) where  placementexposure.respondentid = answers374821.id and placementexposure.surveyid = 374821 and placementexposure.placementid  in 
		(
			select element from surveyfiltergroupelements with(nolock) where typeid = 3 and filtergroupid in (727420)
		)
	)
))",Placement Targeting Tactic - Keyword,12,CORE,FALSE,24969024
275,2025-11-04 14:04:30,374821,Creative,24969020,"((
 exists (
	select 1 from dbo.bannerexposure with (nolock) where  bannerexposure.respondentid = answers374821.id and bannerexposure.surveyid = 374821 and bannerexposure.bannerid  in 
		(
			select cast(element as int) from surveyfiltergroupelements with(nolock) where typeid = 1 and filtergroupid in (727421)
		)
	)
 or 
 exists (
	select 1 from dbo.creativeexposure with (nolock) where  creativeexposure.respondentid = answers374821.id and creativeexposure.surveyid = 374821 and creativeexposure.creativeid  in 
		(
			select element from surveyfiltergroupelements with(nolock) where typeid = 2 and filtergroupid in (727421)
		)
	)
 or 
 exists (
	select 1 from dbo.placementexposure with (nolock) where  placementexposure.respondentid = answers374821.id and placementexposure.surveyid = 374821 and placementexposure.placementid  in 
		(
			select element from surveyfiltergroupelements with(nolock) where typeid = 3 and filtergroupid in (727421)
		)
	)
))",Placement Targeting Tactic - Custom Affinity,216,CORE,FALSE,24969020