_ROW,_FIVETRAN_SYNCED,IS_TEMPLATED_FILTER,IS_BULK_LOADED,CACHE_SQL,LAST_EFFECTIVE_BASE,CACHED_SQL,SQL,ACCOUNT_ID,LAST_COUNT_TIME,ID,TAG,SURVEY_ID,QUESTION_ID,IS_CACHED_FILTER,IS_GROUP_FILTER,READ_ONLY,LAST_COUNT,CONTROL_FILTER_ID,COMPOUND,IS_HIDDEN,HIDE_IN_FIELDING_REPORT,GROUP_NAME,OPTIMIZE_SQL,ALWAYS_USE_CACHE_COUNT,CREATED_BY,NAME,LAST_CACHE_UPDATE,LAST_MODIFIED,READ_ONLY_INTERNAL,USE_CACHE_COUNT,A_TABLE,ERRORED
167,2025-11-04 14:06:23,TRUE,FALSE,FALSE,-1,null,"((
 exists (
	select 1 from dbo.bannerexposure with (nolock) where  bannerexposure.respondentid = answers374821.id and bannerexposure.surveyid = 374821 and bannerexposure.bannerid  in 
		(
			select cast(element as int) from surveyfiltergroupelements with(nolock) where typeid = 1 and filtergroupid in (727368)
		)
	)
 or 
 exists (
	select 1 from dbo.creativeexposure with (nolock) where  creativeexposure.respondentid = answers374821.id and creativeexposure.surveyid = 374821 and creativeexposure.creativeid  in 
		(
			select element from surveyfiltergroupelements with(nolock) where typeid = 2 and filtergroupid in (727368)
		)
	)
 or 
 exists (
	select 1 from dbo.placementexposure with (nolock) where  placementexposure.respondentid = answers374821.id and placementexposure.surveyid = 374821 and placementexposure.placementid  in 
		(
			select element from surveyfiltergroupelements with(nolock) where typeid = 3 and filtergroupid in (727368)
		)
	)
))",-1,2025-10-30 10:38:08,24969032,null,374821,0,FALSE,TRUE,FALSE,198,null,FALSE,FALSE,TRUE,Creative,FALSE,FALSE,1,Creative:  Size/Length - :06 - :60s,null,2025-10-28 12:45:47,FALSE,FALSE,Answers374821,FALSE
644,2025-11-04 14:06:23,FALSE,FALSE,FALSE,-1,null,"(1=1) and (substring(Q269,2,1)='2')",-1,2025-10-30 9:18:00,21583728,null,373075,0,FALSE,FALSE,FALSE,1400,null,FALSE,FALSE,TRUE,Children in HH,FALSE,FALSE,1,"Children in HH: Yes, age 7-12",null,2024-12-05 9:23:50,FALSE,FALSE,Answers373075,FALSE
465,2025-11-04 14:06:23,FALSE,FALSE,FALSE,-1,null,"(substring(Q250_11,4,1)='2')",-1,2025-06-11 11:20:04,21083173,null,372250,0,FALSE,FALSE,FALSE,1215,null,FALSE,FALSE,TRUE,Delivery Use - Used an app/website for pickup,FALSE,FALSE,1,Delivery Use - Used an app/website for pickup: Pet Supplies,null,2025-05-15 18:03:59,FALSE,FALSE,Answers372250,FALSE
803,2025-11-04 14:06:23,FALSE,FALSE,FALSE,-1,null,(Q264_1 in (0)),-1,2025-10-30 9:18:10,21587566,null,373075,0,FALSE,FALSE,FALSE,798,null,FALSE,FALSE,TRUE,Past Brand Recency - DoorDash,FALSE,FALSE,1,Past Brand Recency - DoorDash: Several times a week,null,2024-12-05 11:40:05,FALSE,FALSE,Answers373075,FALSE
27,2025-11-04 14:06:23,TRUE,FALSE,FALSE,-1,null,"((
 exists (
	select 1 from dbo.bannerexposure with (nolock) where  bannerexposure.respondentid = answers374821.id and bannerexposure.surveyid = 374821 and bannerexposure.bannerid  in 
		(
			select cast(element as int) from surveyfiltergroupelements with(nolock) where typeid = 1 and filtergroupid in (727304)
		)
	)
 or 
 exists (
	select 1 from dbo.creativeexposure with (nolock) where  creativeexposure.respondentid = answers374821.id and creativeexposure.surveyid = 374821 and creativeexposure.creativeid  in 
		(
			select element from surveyfiltergroupelements with(nolock) where typeid = 2 and filtergroupid in (727304)
		)
	)
 or 
 exists (
	select 1 from dbo.placementexposure with (nolock) where  placementexposure.respondentid = answers374821.id and placementexposure.surveyid = 374821 and placementexposure.placementid  in 
		(
			select element from surveyfiltergroupelements with(nolock) where typeid = 3 and filtergroupid in (727304)
		)
	)
))",-1,2025-10-30 10:36:57,24968890,null,374821,0,FALSE,TRUE,FALSE,0,null,FALSE,FALSE,TRUE,Creative,FALSE,FALSE,1,Creative:  Creative Publisher - Bleacher Report,null,2025-10-28 12:45:09,FALSE,FALSE,Answers374821,FALSE
761,2025-11-04 14:06:23,FALSE,FALSE,FALSE,-1,null,Q3>=10,-1,2025-10-30 9:18:09,21361290,null,373075,0,FALSE,FALSE,FALSE,1005,null,FALSE,FALSE,TRUE,"Frequency (1, 2-3, 4-9, 10+)",FALSE,FALSE,2,"Frequency (1, 2-3, 4-9, 10+): 10+",null,2024-11-21 15:19:49,FALSE,FALSE,Answers373075,FALSE
763,2025-11-04 14:06:23,FALSE,FALSE,FALSE,-1,null,Q3 between 4 and 9,-1,2025-10-30 9:18:09,21361292,null,373075,0,FALSE,FALSE,FALSE,606,null,FALSE,FALSE,TRUE,"Frequency (1, 2-3, 4-9, 10+)",FALSE,FALSE,2,"Frequency (1, 2-3, 4-9, 10+): 4-9",null,2024-11-21 15:19:49,FALSE,FALSE,Answers373075,FALSE
324,2025-11-04 14:06:23,FALSE,FALSE,FALSE,-1,null,. . 22195377 . OR . . 22195387 . OR . . 22195381 . OR . . 22195385 .,-1,2025-10-30 9:17:48,23900792,null,374821,0,FALSE,FALSE,FALSE,1183,null,TRUE,FALSE,TRUE,Site All Hits,FALSE,FALSE,1,Site All Hits: Amazon Partners,null,2025-08-25 11:38:00,FALSE,FALSE,Answers374821,FALSE
625,2025-11-04 14:06:23,FALSE,TRUE,FALSE,-1,null,(Q767>0) OR (Q264=0),-1,2025-09-05 15:51:46,23363457,null,372250,0,FALSE,FALSE,FALSE,9871,null,FALSE,FALSE,TRUE,TV ISCI,FALSE,FALSE,1,TV ISCI: Worried15_DRTV,null,2025-05-22 14:06:10,FALSE,FALSE,Answers372250,FALSE
622,2025-11-04 14:06:23,FALSE,TRUE,FALSE,-1,null,(Q764>0) OR (Q264=0),-1,2025-09-05 15:51:47,23363460,null,372250,0,FALSE,FALSE,FALSE,9869,null,FALSE,FALSE,TRUE,TV ISCI,FALSE,FALSE,1,TV ISCI: WMDDFB14,null,2025-05-22 14:06:10,FALSE,FALSE,Answers372250,FALSE
758,2025-11-04 14:06:23,FALSE,FALSE,FALSE,-1,null,Q3 between 2 and 3,-1,2025-10-30 9:18:09,21361287,null,373075,0,FALSE,FALSE,FALSE,377,null,FALSE,FALSE,TRUE,"Frequency (1, 2-3, 4+)",FALSE,FALSE,2,"Frequency (1, 2-3, 4+): 2-3",null,2024-11-21 15:19:49,FALSE,FALSE,Answers373075,FALSE
627,2025-11-04 14:06:23,FALSE,FALSE,FALSE,-1,null,( . 21083247 . OR . . 23390804 . OR . . 21083237 . OR . . 21097360 ) AND . NOT_IN 21083235 . AND . NOT_IN 23390783 . AND . NOT_IN 21083238 . AND . NOT_IN 21097355 .,-1,2025-06-11 11:31:10,23390840,null,372250,0,FALSE,FALSE,FALSE,3187,null,TRUE,FALSE,TRUE,XM Combos,FALSE,FALSE,1,XM Combos: 0. Any Control,null,2025-05-28 15:09:58,FALSE,FALSE,Answers372250,FALSE
512,2025-11-04 14:06:23,FALSE,FALSE,FALSE,-1,null,(Q252_5 in (3)),-1,2025-06-11 11:29:20,21083219,null,372250,0,FALSE,FALSE,FALSE,3216,null,FALSE,FALSE,TRUE,Past Brand Recency - Grubhub,FALSE,FALSE,1,Past Brand Recency - Grubhub: I did not use in the past 30 days,null,2025-05-15 18:03:58,FALSE,FALSE,Answers372250,FALSE
766,2025-11-04 14:06:23,FALSE,FALSE,FALSE,-1,null,(Q3>=20),-1,2025-10-30 9:18:09,21361296,null,373075,0,FALSE,FALSE,FALSE,627,null,FALSE,FALSE,TRUE,"Frequency (1, 2-3, 4-9, 10-19, 20+)",FALSE,FALSE,2,"Frequency (1, 2-3, 4-9, 10-19, 20+): 20+",null,2024-11-21 15:19:49,FALSE,FALSE,Answers373075,FALSE
470,2025-11-04 14:06:23,FALSE,FALSE,FALSE,-1,null,(Q255=4),-1,2025-06-11 11:20:08,21081582,null,372250,0,FALSE,FALSE,FALSE,2104,null,FALSE,FALSE,TRUE,Employment Status,FALSE,FALSE,0,Employment Status: Stay-at-home spouse/parent,null,2025-05-15 18:03:57,FALSE,FALSE,Answers372250,FALSE
633,2025-11-04 14:06:23,FALSE,FALSE,FALSE,-1,null,(Q164 BETWEEN 55 AND 64),-1,2025-10-30 9:17:59,21588900,null,373075,0,FALSE,FALSE,FALSE,413,null,FALSE,FALSE,TRUE,Age (Grouped),FALSE,FALSE,1,Age (Grouped): 55-64,null,2025-07-25 10:29:02,FALSE,FALSE,Answers373075,FALSE
630,2025-11-04 14:06:23,FALSE,FALSE,FALSE,-1,null,(Q164 BETWEEN 25 AND 34),-1,2025-10-30 9:17:59,21588896,null,373075,0,FALSE,FALSE,FALSE,1675,null,FALSE,FALSE,TRUE,Age (Grouped),FALSE,FALSE,1,Age (Grouped): 25-34,null,2025-07-25 10:29:02,FALSE,FALSE,Answers373075,FALSE
617,2025-11-04 14:06:23,FALSE,TRUE,FALSE,-1,null,(Q759>0) OR (Q264=0),-1,2025-09-05 15:51:45,23363465,null,372250,0,FALSE,FALSE,FALSE,9872,null,FALSE,FALSE,TRUE,TV ISCI,FALSE,FALSE,1,TV ISCI: RDOR0772000H,null,2025-05-22 14:06:10,FALSE,FALSE,Answers372250,FALSE
475,2025-11-04 14:06:23,FALSE,FALSE,FALSE,-1,null,"(substring(Q254,2,1)='2')",-1,2025-06-11 11:20:08,21081587,null,372250,0,FALSE,FALSE,FALSE,4230,null,FALSE,FALSE,TRUE,Ethnicity,FALSE,FALSE,0,Ethnicity: Black/African American,null,2025-05-15 18:03:57,FALSE,FALSE,Answers372250,FALSE
468,2025-11-04 14:06:23,FALSE,FALSE,FALSE,-1,null,(Q255=5),-1,2025-06-11 11:20:08,21081580,null,372250,0,FALSE,FALSE,FALSE,1772,null,FALSE,FALSE,TRUE,Employment Status,FALSE,FALSE,0,Employment Status: Retired,null,2025-05-15 18:03:57,FALSE,FALSE,Answers372250,FALSE
460,2025-11-04 14:06:23,FALSE,FALSE,FALSE,-1,null,"(substring(Q250_2,4,1)='2')",-1,2025-06-11 11:20:05,21083167,null,372250,0,FALSE,FALSE,FALSE,2125,null,FALSE,FALSE,TRUE,Delivery Use - Used an app/website for pickup,FALSE,FALSE,1,Delivery Use - Used an app/website for pickup: Groceries,null,2025-05-15 18:03:59,FALSE,FALSE,Answers372250,FALSE
452,2025-11-04 14:06:23,FALSE,FALSE,FALSE,-1,null,"(substring(Q250_7,2,1)='2')",-1,2025-06-11 11:20:00,21081575,null,372250,0,FALSE,FALSE,FALSE,6255,null,FALSE,FALSE,TRUE,Delivery Use - Used an app/website for on-demand or same day delivery,FALSE,FALSE,0,Delivery Use - Used an app/website for on-demand or same day delivery: Packaged Food & Non-Alcoholic Beverages,null,2025-05-15 18:03:55,FALSE,FALSE,Answers372250,FALSE
608,2025-11-04 14:06:23,FALSE,TRUE,FALSE,-1,null,(Q748>0) OR (Q264=0),-1,2025-09-05 15:51:43,23363474,null,372250,0,FALSE,FALSE,FALSE,9870,null,FALSE,FALSE,TRUE,TV ISCI,FALSE,FALSE,1,TV ISCI: DashPassOffice30,null,2025-05-22 14:06:10,FALSE,FALSE,Answers372250,FALSE
638,2025-11-04 14:06:23,FALSE,FALSE,FALSE,-1,null,(Q164 BETWEEN 45 AND 54),-1,2025-10-30 8:51:34,23041279,null,373075,0,FALSE,FALSE,FALSE,692,null,FALSE,FALSE,TRUE,Age,FALSE,FALSE,1,Age: 45-54,null,2025-07-25 10:29:14,FALSE,FALSE,Answers373075,FALSE
182,2025-11-04 14:06:23,TRUE,FALSE,FALSE,-1,null,"((
 exists (
	select 1 from dbo.bannerexposure with (nolock) where  bannerexposure.respondentid = answers374821.id and bannerexposure.surveyid = 374821 and bannerexposure.bannerid  in 
		(
			select cast(element as int) from surveyfiltergroupelements with(nolock) where typeid = 1 and filtergroupid in (727215)
		)
	)
 or 
 exists (
	select 1 from dbo.creativeexposure with (nolock) where  creativeexposure.respondentid = answers374821.id and creativeexposure.surveyid = 374821 and creativeexposure.creativeid  in 
		(
			select element from surveyfiltergroupelements with(nolock) where typeid = 2 and filtergroupid in (727215)
		)
	)
 or 
 exists (
	select 1 from dbo.placementexposure with (nolock) where  placementexposure.respondentid = answers374821.id and placementexposure.surveyid = 374821 and placementexposure.placementid  in 
		(
			select element from surveyfiltergroupelements with(nolock) where typeid = 3 and filtergroupid in (727215)
		)
	)
))",-1,2025-10-30 10:38:18,24969048,null,374821,0,FALSE,TRUE,FALSE,844,null,FALSE,FALSE,TRUE,Creative,FALSE,FALSE,1,Creative:  Size/Length - 300x250,null,2025-10-28 12:45:49,FALSE,FALSE,Answers374821,FALSE
12,2025-11-04 14:06:23,FALSE,FALSE,FALSE,-1,null,"(1=1) and (substring(Q241,5,1)='2')",-1,2025-10-30 8:43:58,22228354,null,374821,0,FALSE,FALSE,FALSE,3836,null,FALSE,FALSE,TRUE,Activity,FALSE,FALSE,1,Activity: Watched WNBA,null,2025-02-06 14:26:32,FALSE,FALSE,Answers374821,FALSE
521,2025-11-04 14:06:23,FALSE,FALSE,FALSE,-1,null,(Q252_2 in (2)),-1,2025-06-11 11:29:20,21083206,null,372250,0,FALSE,FALSE,FALSE,3157,null,FALSE,FALSE,TRUE,Past Brand Recency - Uber Eats,FALSE,FALSE,1,Past Brand Recency - Uber Eats: Less than once a week,null,2025-05-15 18:03:57,FALSE,FALSE,Answers372250,FALSE
150,2025-11-04 14:06:23,TRUE,FALSE,FALSE,-1,null,"((
 exists (
	select 1 from dbo.bannerexposure with (nolock) where  bannerexposure.respondentid = answers374821.id and bannerexposure.surveyid = 374821 and bannerexposure.bannerid  in 
		(
			select cast(element as int) from surveyfiltergroupelements with(nolock) where typeid = 1 and filtergroupid in (727212)
		)
	)
 or 
 exists (
	select 1 from dbo.creativeexposure with (nolock) where  creativeexposure.respondentid = answers374821.id and creativeexposure.surveyid = 374821 and creativeexposure.creativeid  in 
		(
			select element from surveyfiltergroupelements with(nolock) where typeid = 2 and filtergroupid in (727212)
		)
	)
 or 
 exists (
	select 1 from dbo.placementexposure with (nolock) where  placementexposure.respondentid = answers374821.id and placementexposure.surveyid = 374821 and placementexposure.placementid  in 
		(
			select element from surveyfiltergroupelements with(nolock) where typeid = 3 and filtergroupid in (727212)
		)
	)
))",-1,2025-10-30 10:37:57,24969015,null,374821,0,FALSE,TRUE,FALSE,8530,null,FALSE,FALSE,TRUE,Creative,FALSE,FALSE,1,Creative:  Placement Targeting Tactic - 3P Contextual,null,2025-10-28 12:45:45,FALSE,FALSE,Answers374821,FALSE
313,2025-11-04 14:06:23,FALSE,FALSE,FALSE,-1,null,q4 in (select bannerid from adServerBanners where campaignid=79821 and site=22782) or (Q2 like '%12442064%' or Q2 like '%12453998%' or Q2 like '%12593791%' or Q2 like '%12595491%'),-1,2001-01-01 0:00:00,25033285,null,374821,0,FALSE,FALSE,FALSE,null,null,FALSE,FALSE,FALSE,Site All Hits,FALSE,FALSE,0,Site All Hits: Amazon CTV  (DE),null,2025-10-30 18:02:10,FALSE,FALSE,Answers374821,FALSE
753,2025-11-04 14:06:23,FALSE,FALSE,FALSE,-1,null,"(1=1) and (substring(Q180,4,1)='2')",-1,2025-10-30 9:18:09,21583689,null,373075,0,FALSE,FALSE,FALSE,84,null,FALSE,FALSE,TRUE,Ethnicity,FALSE,FALSE,1,Ethnicity: Native Hawaiian or Other Pacific Islander,null,2024-12-05 9:23:50,FALSE,FALSE,Answers373075,FALSE
745,2025-11-04 14:06:23,FALSE,FALSE,FALSE,-1,null,(1=1) and (Q268=4),-1,2025-10-30 9:18:08,21583724,null,373075,0,FALSE,FALSE,FALSE,346,null,FALSE,FALSE,TRUE,Employment Status,FALSE,FALSE,1,Employment Status: Stay-at-home spouse/parent,null,2024-12-05 9:23:50,FALSE,FALSE,Answers373075,FALSE
44,2025-11-04 14:06:23,TRUE,FALSE,FALSE,-1,null,"((
 exists (
	select 1 from dbo.bannerexposure with (nolock) where  bannerexposure.respondentid = answers374821.id and bannerexposure.surveyid = 374821 and bannerexposure.bannerid  in 
		(
			select cast(element as int) from surveyfiltergroupelements with(nolock) where typeid = 1 and filtergroupid in (727349)
		)
	)
 or 
 exists (
	select 1 from dbo.creativeexposure with (nolock) where  creativeexposure.respondentid = answers374821.id and creativeexposure.surveyid = 374821 and creativeexposure.creativeid  in 
		(
			select element from surveyfiltergroupelements with(nolock) where typeid = 2 and filtergroupid in (727349)
		)
	)
 or 
 exists (
	select 1 from dbo.placementexposure with (nolock) where  placementexposure.respondentid = answers374821.id and placementexposure.surveyid = 374821 and placementexposure.placementid  in 
		(
			select element from surveyfiltergroupelements with(nolock) where typeid = 3 and filtergroupid in (727349)
		)
	)
))",-1,2025-10-30 10:37:04,24968909,null,374821,0,FALSE,TRUE,FALSE,0,null,FALSE,FALSE,TRUE,Creative,FALSE,FALSE,1,Creative:  Creative Publisher - Olyzon.TV,null,2025-10-28 12:45:17,FALSE,FALSE,Answers374821,FALSE
782,2025-11-04 14:06:23,FALSE,FALSE,FALSE,-1,null,(1=1) and (Q267=2),-1,2025-10-30 9:18:09,21583717,null,373075,0,FALSE,FALSE,FALSE,31,null,FALSE,FALSE,TRUE,Gender,FALSE,FALSE,1,Gender: Non-binary or gender fluid,null,2024-12-05 9:23:50,FALSE,FALSE,Answers373075,FALSE
667,2025-11-04 14:06:23,TRUE,FALSE,FALSE,-1,null,"(((
 exists (
	select 1 from dbo.bannerexposure with (nolock) where  bannerexposure.respondentid = answers373075.id and bannerexposure.surveyid = 373075 and bannerexposure.bannerid  in 
		(
			select cast(element as int) from surveyfiltergroupelements with(nolock) where typeid = 1 and filtergroupid in (684293)
		)
	)
 or 
 exists (
	select 1 from dbo.creativeexposure with (nolock) where  creativeexposure.respondentid = answers373075.id and creativeexposure.surveyid = 373075 and creativeexposure.creativeid  in 
		(
			select element from surveyfiltergroupelements with(nolock) where typeid = 2 and filtergroupid in (684293)
		)
	)
 or 
 exists (
	select 1 from dbo.placementexposure with (nolock) where  placementexposure.respondentid = answers373075.id and placementexposure.surveyid = 373075 and placementexposure.placementid  in 
		(
			select element from surveyfiltergroupelements with(nolock) where typeid = 3 and filtergroupid in (684293)
		)
	)
)) or ((Q4 in (select value from surveyfilterelements with(nolock) where filterid=24878473 and type='mapctrlbanner'))))",-1,2025-10-30 9:18:01,24878473,null,373075,0,FALSE,TRUE,TRUE,1594,null,FALSE,FALSE,TRUE,Creative,FALSE,FALSE,2,Creative:  Patrice Publishers - Spotify,null,2025-10-23 10:46:37,FALSE,FALSE,Answers373075,FALSE
824,2025-11-04 14:06:23,FALSE,FALSE,FALSE,-1,null,(Q4 = '12601498') or (Q2 like '%12601498%'),-1,2025-10-30 9:18:15,25000312,null,373075,0,FALSE,FALSE,FALSE,0,null,FALSE,FALSE,FALSE,Site All Hits,FALSE,FALSE,0,Site All Hits: Amazon (DE),null,2025-10-29 14:12:14,FALSE,FALSE,Answers373075,FALSE
347,2025-11-04 14:06:23,FALSE,FALSE,FALSE,-1,null,q4 in (select bannerid from adServerBanners where campaignid=79821 and site=13883) or (Q2 like '%12439764%' or Q2 like '%12439766%'),-1,2025-10-30 9:18:57,22175113,null,374821,0,FALSE,FALSE,FALSE,25,null,FALSE,FALSE,TRUE,Site All Hits,FALSE,FALSE,0,Site All Hits: Pandora Auto (US),null,2025-08-25 11:38:00,FALSE,FALSE,Answers374821,FALSE
830,2025-11-04 14:06:23,FALSE,FALSE,FALSE,-1,null,q4 in (select bannerid from adServerBanners where campaignid=78558 and site=22782) or (Q2 like '%12593783%' or Q2 like '%12595490%'),-1,2025-10-30 9:18:16,25000292,null,373075,0,FALSE,FALSE,FALSE,0,null,FALSE,FALSE,FALSE,Site All Hits,FALSE,FALSE,0,Site All Hits: Amazon CTV  (DE),null,2025-10-29 14:12:14,FALSE,FALSE,Answers373075,FALSE
172,2025-11-04 14:06:23,TRUE,FALSE,FALSE,-1,null,"((
 exists (
	select 1 from dbo.bannerexposure with (nolock) where  bannerexposure.respondentid = answers374821.id and bannerexposure.surveyid = 374821 and bannerexposure.bannerid  in 
		(
			select cast(element as int) from surveyfiltergroupelements with(nolock) where typeid = 1 and filtergroupid in (727288)
		)
	)
 or 
 exists (
	select 1 from dbo.creativeexposure with (nolock) where  creativeexposure.respondentid = answers374821.id and creativeexposure.surveyid = 374821 and creativeexposure.creativeid  in 
		(
			select element from surveyfiltergroupelements with(nolock) where typeid = 2 and filtergroupid in (727288)
		)
	)
 or 
 exists (
	select 1 from dbo.placementexposure with (nolock) where  placementexposure.respondentid = answers374821.id and placementexposure.surveyid = 374821 and placementexposure.placementid  in 
		(
			select element from surveyfiltergroupelements with(nolock) where typeid = 3 and filtergroupid in (727288)
		)
	)
))",-1,2025-10-30 10:38:26,24969038,null,374821,0,FALSE,TRUE,FALSE,0,null,FALSE,FALSE,TRUE,Creative,FALSE,FALSE,1,Creative:  Size/Length - 1200x1000,null,2025-10-28 12:45:48,FALSE,FALSE,Answers374821,FALSE
329,2025-11-04 14:06:23,FALSE,FALSE,FALSE,-1,null,q4 in (select bannerid from adServerBanners where campaignid=79821 and site=120) or (Q2 like '%12416885%'),-1,2025-10-30 9:18:22,21967688,null,374821,0,FALSE,FALSE,FALSE,267,null,FALSE,FALSE,TRUE,Site All Hits,FALSE,FALSE,0,Site All Hits: Billboard (US),null,2025-08-25 11:38:00,FALSE,FALSE,Answers374821,FALSE
305,2025-11-04 14:06:23,FALSE,FALSE,FALSE,-1,null,q4 in (select bannerid from adServerBanners where campaignid=79821 and site=25485) or (Q2 like '%12616081%' or Q2 like '%12690015%'),-1,2001-01-01 0:00:00,25033369,null,374821,0,FALSE,FALSE,FALSE,null,null,FALSE,FALSE,FALSE,Site All Hits,FALSE,FALSE,0,Site All Hits: Amazon (AU),null,2025-10-30 18:02:11,FALSE,FALSE,Answers374821,FALSE
808,2025-11-04 14:06:23,FALSE,FALSE,FALSE,-1,null,(Q264_3 in (3)),-1,2025-10-30 9:18:11,21587577,null,373075,0,FALSE,FALSE,FALSE,621,null,FALSE,FALSE,TRUE,Past Brand Recency - Instacart,FALSE,FALSE,1,Past Brand Recency - Instacart: I did not use in the past 30 days,null,2024-12-05 11:40:05,FALSE,FALSE,Answers373075,FALSE
22,2025-11-04 14:06:23,TRUE,FALSE,FALSE,-1,null,"((
 exists (
	select 1 from dbo.bannerexposure with (nolock) where  bannerexposure.respondentid = answers374821.id and bannerexposure.surveyid = 374821 and bannerexposure.bannerid  in 
		(
			select cast(element as int) from surveyfiltergroupelements with(nolock) where typeid = 1 and filtergroupid in (727343)
		)
	)
 or 
 exists (
	select 1 from dbo.creativeexposure with (nolock) where  creativeexposure.respondentid = answers374821.id and creativeexposure.surveyid = 374821 and creativeexposure.creativeid  in 
		(
			select element from surveyfiltergroupelements with(nolock) where typeid = 2 and filtergroupid in (727343)
		)
	)
 or 
 exists (
	select 1 from dbo.placementexposure with (nolock) where  placementexposure.respondentid = answers374821.id and placementexposure.surveyid = 374821 and placementexposure.placementid  in 
		(
			select element from surveyfiltergroupelements with(nolock) where typeid = 3 and filtergroupid in (727343)
		)
	)
))",-1,2025-10-30 10:36:48,24968885,null,374821,0,FALSE,TRUE,FALSE,256,null,FALSE,FALSE,TRUE,Creative,FALSE,FALSE,1,Creative:  Creative Publisher - Acast Podcast (US),null,2025-10-28 12:45:07,FALSE,FALSE,Answers374821,FALSE
345,2025-11-04 14:06:23,FALSE,FALSE,FALSE,-1,null,q4 in (select bannerid from adServerBanners where campaignid=79821 and site=29142) or (Q2 like '%12602026%' or Q2 like '%12606098%' or Q2 like '%12606099%' or Q2 like '%12612627%' or Q2 like '%12612629%' or Q2 like '%12612631%' or Q2 like '%12690763%' or Q2 like '%12690764%' or Q2 like '%12690765%'),-1,2025-10-30 9:19:15,23873077,null,374821,0,FALSE,FALSE,FALSE,976,null,FALSE,FALSE,TRUE,Site All Hits,FALSE,FALSE,0,Site All Hits: Netflix DI (US),null,2025-10-24 15:12:13,FALSE,FALSE,Answers374821,FALSE
315,2025-11-04 14:06:23,FALSE,FALSE,FALSE,-1,null,(Q4 = '12594080') or (Q2 like '%12594080%'),-1,2001-01-01 0:00:00,25033337,null,374821,0,FALSE,FALSE,FALSE,null,null,FALSE,FALSE,FALSE,Site All Hits,FALSE,FALSE,0,Site All Hits: Amazon CTV  (UK),null,2025-10-30 18:02:11,FALSE,FALSE,Answers374821,FALSE
814,2025-11-04 14:06:23,FALSE,FALSE,FALSE,-1,null,(Q264_2 in (1)),-1,2025-10-30 9:18:12,21587571,null,373075,0,FALSE,FALSE,FALSE,780,null,FALSE,FALSE,TRUE,Past Brand Recency - Uber Eats,FALSE,FALSE,1,Past Brand Recency - Uber Eats: Once a week,null,2024-12-05 11:40:05,FALSE,FALSE,Answers373075,FALSE
798,2025-11-04 14:06:23,FALSE,FALSE,FALSE,-1,null,(Q264_4 in (1)),-1,2025-10-30 9:18:10,21587579,null,373075,0,FALSE,FALSE,FALSE,1030,null,FALSE,FALSE,TRUE,Past Brand Recency - Amazon,FALSE,FALSE,1,Past Brand Recency - Amazon: Once a week,null,2024-12-05 11:40:05,FALSE,FALSE,Answers373075,FALSE
822,2025-11-04 14:06:23,FALSE,FALSE,FALSE,-1,null,q4 in (select bannerid from adServerBanners where campaignid=78558 and site=27103) or (Q2 like '%12493363%' or Q2 like '%12593752%' or Q2 like '%12593934%' or Q2 like '%12687817%' or Q2 like '%12687890%'),-1,2025-10-30 9:18:14,25000280,null,373075,0,FALSE,FALSE,FALSE,0,null,FALSE,FALSE,FALSE,Site All Hits,FALSE,FALSE,0,Site All Hits: Amazon (BR),null,2025-10-29 14:12:13,FALSE,FALSE,Answers373075,FALSE
776,2025-11-04 14:06:23,FALSE,FALSE,FALSE,-1,null,(Q3= 7),-1,2025-10-30 9:18:09,21361305,null,373075,0,FALSE,FALSE,FALSE,91,null,FALSE,FALSE,TRUE,Frequency,FALSE,FALSE,2,Frequency: 7,null,2024-11-21 15:19:49,FALSE,FALSE,Answers373075,FALSE
800,2025-11-04 14:06:23,FALSE,FALSE,FALSE,-1,null,(Q264_1 in (3)),-1,2025-10-30 9:18:11,21587569,null,373075,0,FALSE,FALSE,FALSE,795,null,FALSE,FALSE,TRUE,Past Brand Recency - DoorDash,FALSE,FALSE,1,Past Brand Recency - DoorDash: I did not use in the past 30 days,null,2024-12-05 11:40:05,FALSE,FALSE,Answers373075,FALSE
665,2025-11-04 14:06:23,TRUE,FALSE,FALSE,-1,null,"(((
 exists (
	select 1 from dbo.bannerexposure with (nolock) where  bannerexposure.respondentid = answers373075.id and bannerexposure.surveyid = 373075 and bannerexposure.bannerid  in 
		(
			select cast(element as int) from surveyfiltergroupelements with(nolock) where typeid = 1 and filtergroupid in (642364)
		)
	)
 or 
 exists (
	select 1 from dbo.creativeexposure with (nolock) where  creativeexposure.respondentid = answers373075.id and creativeexposure.surveyid = 373075 and creativeexposure.creativeid  in 
		(
			select element from surveyfiltergroupelements with(nolock) where typeid = 2 and filtergroupid in (642364)
		)
	)
 or 
 exists (
	select 1 from dbo.placementexposure with (nolock) where  placementexposure.respondentid = answers373075.id and placementexposure.surveyid = 373075 and placementexposure.placementid  in 
		(
			select element from surveyfiltergroupelements with(nolock) where typeid = 3 and filtergroupid in (642364)
		)
	)
)) or ((Q4 in (select value from surveyfilterelements with(nolock) where filterid=24878471 and type='mapctrlbanner'))))",-1,2025-10-30 9:18:01,24878471,null,373075,0,FALSE,TRUE,TRUE,2052,null,FALSE,FALSE,TRUE,Creative,FALSE,FALSE,2,Creative:  New Filter Creative Size/Length - 30s,null,2025-10-23 10:46:30,FALSE,FALSE,Answers373075,FALSE
337,2025-11-04 14:06:23,FALSE,FALSE,FALSE,-1,null,q4 in (select bannerid from adServerBanners where campaignid=79821 and site=259) or (Q2 like '%12700024%' or Q2 like '%12700025%' or Q2 like '%12700026%' or Q2 like '%12700027%'),-1,2001-01-01 0:00:00,25033391,null,374821,0,FALSE,FALSE,FALSE,null,null,FALSE,FALSE,FALSE,Site All Hits,FALSE,FALSE,0,Site All Hits: Hearst Corporation (US),null,2025-10-30 18:02:11,FALSE,FALSE,Answers374821,FALSE
792,2025-11-04 14:06:23,FALSE,FALSE,FALSE,-1,null,(1=1) and (Q255=5),-1,2025-10-30 9:18:11,21583699,null,373075,0,FALSE,FALSE,FALSE,131,null,FALSE,FALSE,TRUE,Last Delivery,FALSE,FALSE,1,Last Delivery: Within the past 6-12 months,null,2024-12-05 9:23:50,FALSE,FALSE,Answers373075,FALSE
657,2025-11-04 14:06:23,TRUE,FALSE,FALSE,-1,null,"(((
 exists (
	select 1 from dbo.bannerexposure with (nolock) where  bannerexposure.respondentid = answers373075.id and bannerexposure.surveyid = 373075 and bannerexposure.bannerid  in 
		(
			select cast(element as int) from surveyfiltergroupelements with(nolock) where typeid = 1 and filtergroupid in (724329)
		)
	)
 or 
 exists (
	select 1 from dbo.creativeexposure with (nolock) where  creativeexposure.respondentid = answers373075.id and creativeexposure.surveyid = 373075 and creativeexposure.creativeid  in 
		(
			select element from surveyfiltergroupelements with(nolock) where typeid = 2 and filtergroupid in (724329)
		)
	)
 or 
 exists (
	select 1 from dbo.placementexposure with (nolock) where  placementexposure.respondentid = answers373075.id and placementexposure.surveyid = 373075 and placementexposure.placementid  in 
		(
			select element from surveyfiltergroupelements with(nolock) where typeid = 3 and filtergroupid in (724329)
		)
	)
)) or ((Q4 in (select value from surveyfilterelements with(nolock) where filterid=24878451 and type='mapctrlbanner'))))",-1,2025-10-30 9:18:01,24878451,null,373075,0,FALSE,TRUE,TRUE,12,null,FALSE,FALSE,TRUE,Creative,FALSE,FALSE,2,Creative:  Campaign - YouTube Select Hispanic,null,2025-10-23 10:45:56,FALSE,FALSE,Answers373075,FALSE
649,2025-11-04 14:06:23,TRUE,FALSE,FALSE,-1,null,"((
 exists (
	select 1 from dbo.bannerexposure with (nolock) where  bannerexposure.respondentid = answers373075.id and bannerexposure.surveyid = 373075 and bannerexposure.bannerid  in 
		(
			select cast(element as int) from surveyfiltergroupelements with(nolock) where typeid = 1 and filtergroupid in (724327)
		)
	)
 or 
 exists (
	select 1 from dbo.creativeexposure with (nolock) where  creativeexposure.respondentid = answers373075.id and creativeexposure.surveyid = 373075 and creativeexposure.creativeid  in 
		(
			select element from surveyfiltergroupelements with(nolock) where typeid = 2 and filtergroupid in (724327)
		)
	)
 or 
 exists (
	select 1 from dbo.placementexposure with (nolock) where  placementexposure.respondentid = answers373075.id and placementexposure.surveyid = 373075 and placementexposure.placementid  in 
		(
			select element from surveyfiltergroupelements with(nolock) where typeid = 3 and filtergroupid in (724327)
		)
	)
))",-1,2025-10-30 9:18:01,24878442,null,373075,0,FALSE,TRUE,FALSE,0,null,FALSE,FALSE,TRUE,Creative,FALSE,FALSE,1,Creative:  Campaign - Fall Football,null,2025-10-23 10:45:20,FALSE,FALSE,Answers373075,FALSE
790,2025-11-04 14:06:23,FALSE,FALSE,FALSE,-1,null,(1=1) and (Q255=2),-1,2025-10-30 9:18:09,21583696,null,373075,0,FALSE,FALSE,FALSE,708,null,FALSE,FALSE,TRUE,Last Delivery,FALSE,FALSE,1,Last Delivery: Within the past 2-4 weeks,null,2024-12-05 9:23:50,FALSE,FALSE,Answers373075,FALSE
595,2025-11-04 14:06:23,FALSE,FALSE,FALSE,-1,null,"(1=1) and (substring(Q260,1,1)='2')",-1,2025-06-11 11:29:35,23445337,null,372250,0,FALSE,FALSE,FALSE,11950,null,FALSE,FALSE,TRUE,Super Bowl Viewing,FALSE,FALSE,1,Super Bowl Viewing: Super Bowl LVI (2022),null,2025-06-05 11:44:12,FALSE,FALSE,Answers372250,FALSE
118,2025-11-04 14:06:23,TRUE,FALSE,FALSE,-1,null,"((
 exists (
	select 1 from dbo.bannerexposure with (nolock) where  bannerexposure.respondentid = answers374821.id and bannerexposure.surveyid = 374821 and bannerexposure.bannerid  in 
		(
			select cast(element as int) from surveyfiltergroupelements with(nolock) where typeid = 1 and filtergroupid in (727414)
		)
	)
 or 
 exists (
	select 1 from dbo.creativeexposure with (nolock) where  creativeexposure.respondentid = answers374821.id and creativeexposure.surveyid = 374821 and creativeexposure.creativeid  in 
		(
			select element from surveyfiltergroupelements with(nolock) where typeid = 2 and filtergroupid in (727414)
		)
	)
 or 
 exists (
	select 1 from dbo.placementexposure with (nolock) where  placementexposure.respondentid = answers374821.id and placementexposure.surveyid = 374821 and placementexposure.placementid  in 
		(
			select element from surveyfiltergroupelements with(nolock) where typeid = 3 and filtergroupid in (727414)
		)
	)
))",-1,2025-10-30 10:37:44,24968983,null,374821,0,FALSE,TRUE,FALSE,392,null,FALSE,FALSE,TRUE,Creative,FALSE,FALSE,1,Creative:  Placement Publisher - Pandora Podcast Select (US),null,2025-10-28 12:45:41,FALSE,FALSE,Answers374821,FALSE
297,2025-11-04 14:06:23,FALSE,FALSE,FALSE,-1,null,(Q234_5 in (0)),-1,2001-01-01 0:00:00,22236480,null,374821,0,FALSE,FALSE,FALSE,12316,null,FALSE,FALSE,TRUE,Past Brand Usage,FALSE,FALSE,1,Past Brand Usage: Grubhub,null,2025-02-07 14:11:27,FALSE,FALSE,Answers374821,FALSE
832,2025-11-04 14:06:23,FALSE,FALSE,FALSE,-1,null,(Q4 = '12594076') or (Q2 like '%12594076%'),-1,2025-10-30 9:18:15,25000296,null,373075,0,FALSE,FALSE,FALSE,0,null,FALSE,FALSE,FALSE,Site All Hits,FALSE,FALSE,0,Site All Hits: Amazon CTV  (UK),null,2025-10-29 14:12:14,FALSE,FALSE,Answers373075,FALSE
835,2025-11-04 14:06:23,FALSE,FALSE,FALSE,-1,null,(Q4 = '12593784') or (Q2 like '%12593784%'),-1,2025-10-30 9:18:15,25000294,null,373075,0,FALSE,FALSE,FALSE,0,null,FALSE,FALSE,FALSE,Site All Hits,FALSE,FALSE,0,Site All Hits: Amazon CTV (FR),null,2025-10-29 14:12:14,FALSE,FALSE,Answers373075,FALSE
534,2025-11-04 14:06:23,FALSE,FALSE,FALSE,-1,null,"q4 in (select bannerid from adServerBanners where campaignid=72361 and site=21459) or ID IN (select id from answers372250 cross apply [SQL#].[String_Split4k](Q2, ',', 2) SplitTable cross apply [SQL#].[String_Split4k](SplitTable.SplitVal, '-', 2) bannerid where bannerid.SplitNum = 1 and bannerid.SplitVal in ( select value from dbo.surveyfilterelements WHERE surveyfilterelements.filterid=20870687 and type='in-clause' and surveyfilterelements.question='Q2' ) )",-1,2001-01-01 0:00:00,20870687,null,372250,0,FALSE,FALSE,FALSE,null,null,FALSE,FALSE,FALSE,Site All Hits,FALSE,FALSE,0,Site All Hits: Amazon Tablet (US),null,2025-10-18 22:12:08,FALSE,FALSE,Answers372250,FALSE
888,2025-11-04 14:06:23,FALSE,FALSE,FALSE,-1,null,(Q4 = '12642432'),-1,2025-10-30 9:18:14,25000317,null,373075,0,FALSE,FALSE,FALSE,0,null,FALSE,FALSE,FALSE,Site,FALSE,FALSE,0,Site: Amazon Tablet (UK),null,2025-10-29 14:12:14,FALSE,FALSE,Answers373075,FALSE
497,2025-11-04 14:06:23,FALSE,FALSE,FALSE,-1,null,(Q247=6),-1,2025-06-11 11:21:44,21081606,null,372250,0,FALSE,FALSE,FALSE,890,null,FALSE,FALSE,TRUE,Last Delivery,FALSE,FALSE,0,Last Delivery: More than 12 months ago,null,2025-05-15 18:03:57,FALSE,FALSE,Answers372250,FALSE
54,2025-11-04 14:06:23,TRUE,FALSE,FALSE,-1,null,"((
 exists (
	select 1 from dbo.bannerexposure with (nolock) where  bannerexposure.respondentid = answers374821.id and bannerexposure.surveyid = 374821 and bannerexposure.bannerid  in 
		(
			select cast(element as int) from surveyfiltergroupelements with(nolock) where typeid = 1 and filtergroupid in (727309)
		)
	)
 or 
 exists (
	select 1 from dbo.creativeexposure with (nolock) where  creativeexposure.respondentid = answers374821.id and creativeexposure.surveyid = 374821 and creativeexposure.creativeid  in 
		(
			select element from surveyfiltergroupelements with(nolock) where typeid = 2 and filtergroupid in (727309)
		)
	)
 or 
 exists (
	select 1 from dbo.placementexposure with (nolock) where  placementexposure.respondentid = answers374821.id and placementexposure.surveyid = 374821 and placementexposure.placementid  in 
		(
			select element from surveyfiltergroupelements with(nolock) where typeid = 3 and filtergroupid in (727309)
		)
	)
))",-1,2025-10-30 10:37:19,24968919,null,374821,0,FALSE,TRUE,FALSE,408,null,FALSE,FALSE,TRUE,Creative,FALSE,FALSE,1,Creative:  Creative Publisher - Raptive,null,2025-10-28 12:45:23,FALSE,FALSE,Answers374821,FALSE
140,2025-11-04 14:06:23,TRUE,FALSE,FALSE,-1,null,"((
 exists (
	select 1 from dbo.bannerexposure with (nolock) where  bannerexposure.respondentid = answers374821.id and bannerexposure.surveyid = 374821 and bannerexposure.bannerid  in 
		(
			select cast(element as int) from surveyfiltergroupelements with(nolock) where typeid = 1 and filtergroupid in (727281)
		)
	)
 or 
 exists (
	select 1 from dbo.creativeexposure with (nolock) where  creativeexposure.respondentid = answers374821.id and creativeexposure.surveyid = 374821 and creativeexposure.creativeid  in 
		(
			select element from surveyfiltergroupelements with(nolock) where typeid = 2 and filtergroupid in (727281)
		)
	)
 or 
 exists (
	select 1 from dbo.placementexposure with (nolock) where  placementexposure.respondentid = answers374821.id and placementexposure.surveyid = 374821 and placementexposure.placementid  in 
		(
			select element from surveyfiltergroupelements with(nolock) where typeid = 3 and filtergroupid in (727281)
		)
	)
))",-1,2025-10-30 10:37:52,24969005,null,374821,0,FALSE,TRUE,FALSE,0,null,FALSE,FALSE,TRUE,Creative,FALSE,FALSE,1,Creative:  Placement Publisher - Wondery Podcast (US),null,2025-10-28 12:45:44,FALSE,FALSE,Answers374821,FALSE
734,2025-11-04 14:06:23,FALSE,FALSE,FALSE,-1,null,"(1=1) and (substring(Q257,2,1)='2')",-1,2025-10-30 9:18:05,21583708,null,373075,0,FALSE,FALSE,FALSE,2201,null,FALSE,FALSE,TRUE,Delivery Item,FALSE,FALSE,1,"Delivery Item: Alcoholic Beverages (e.g., wine, beer, liquor, etc.)",null,2024-12-05 9:23:50,FALSE,FALSE,Answers373075,FALSE
731,2025-11-04 14:06:23,FALSE,FALSE,FALSE,-1,null,"(1=1) and (substring(Q256,5,1)='2')",-1,2025-10-30 9:18:05,21583706,null,373075,0,FALSE,FALSE,FALSE,165,null,FALSE,FALSE,TRUE,Delivery Category,FALSE,FALSE,1,Delivery Category: None of the above,null,2024-12-05 9:23:50,FALSE,FALSE,Answers373075,FALSE
542,2025-11-04 14:06:23,FALSE,FALSE,FALSE,-1,null,"q4 in (select bannerid from adServerBanners where campaignid=72361 and site=20887) or ID IN (select id from answers372250 cross apply [SQL#].[String_Split4k](Q2, ',', 2) SplitTable cross apply [SQL#].[String_Split4k](SplitTable.SplitVal, '-', 2) bannerid where bannerid.SplitNum = 1 and bannerid.SplitVal in ( select value from dbo.surveyfilterelements WHERE surveyfilterelements.filterid=20870656 and type='in-clause' and surveyfilterelements.question='Q2' ) )",-1,2001-01-01 0:00:00,20870656,null,372250,0,FALSE,FALSE,FALSE,null,null,FALSE,FALSE,FALSE,Site All Hits,FALSE,FALSE,0,Site All Hits: Draft Kings,null,2025-10-18 22:12:07,FALSE,FALSE,Answers372250,FALSE
502,2025-11-04 14:06:23,FALSE,FALSE,FALSE,-1,null,(Q247=5),-1,2025-06-11 11:21:44,21081611,null,372250,0,FALSE,FALSE,FALSE,714,null,FALSE,FALSE,TRUE,Last Delivery,FALSE,FALSE,0,Last Delivery: Within the past 6-12 months,null,2025-05-15 18:03:56,FALSE,FALSE,Answers372250,FALSE
526,2025-11-04 14:06:23,FALSE,FALSE,FALSE,-1,null,(Q251_5 in (0)),-1,2025-06-11 11:29:21,21081618,null,372250,0,FALSE,FALSE,FALSE,11355,null,FALSE,FALSE,TRUE,Past Brand Usage,FALSE,FALSE,0,Past Brand Usage: Grubhub,null,2025-05-15 18:03:55,FALSE,FALSE,Answers372250,FALSE
603,2025-11-04 14:06:23,FALSE,TRUE,FALSE,-1,null,(Q743>0) OR (Q264=0),-1,2025-09-05 15:51:41,23363479,null,372250,0,FALSE,FALSE,FALSE,9870,null,FALSE,FALSE,TRUE,TV ISCI,FALSE,FALSE,1,TV ISCI: 1207862,null,2025-05-22 14:06:10,FALSE,FALSE,Answers372250,FALSE
590,2025-11-04 14:06:23,FALSE,FALSE,FALSE,-1,null,(1=1) and (Q261=2),-1,2025-06-11 11:29:38,23445343,null,372250,0,FALSE,FALSE,FALSE,799,null,FALSE,FALSE,TRUE,Super Bowl Viewing Recency,FALSE,FALSE,1,Super Bowl Viewing Recency: Past 15-30 days,null,2025-06-05 11:44:12,FALSE,FALSE,Answers372250,FALSE
598,2025-11-04 14:06:23,FALSE,FALSE,FALSE,-1,null,(completetime>'4/1/2024') and (completetime<'5/1/2024'),-1,2025-06-12 15:27:02,23480444,null,372250,0,FALSE,FALSE,TRUE,2480,null,FALSE,FALSE,TRUE,Timestamp,FALSE,FALSE,1,Timestamp: 4/1/2024-4/30/2024,null,2025-06-11 13:31:30,FALSE,FALSE,Answers372250,FALSE
606,2025-11-04 14:06:23,FALSE,TRUE,FALSE,-1,null,(Q746>0) OR (Q264=0),-1,2025-09-05 15:51:43,23363476,null,372250,0,FALSE,FALSE,FALSE,9870,null,FALSE,FALSE,TRUE,TV ISCI,FALSE,FALSE,1,TV ISCI: DashPassNBA15,null,2025-05-22 14:06:10,FALSE,FALSE,Answers372250,FALSE
539,2025-11-04 14:06:23,FALSE,FALSE,FALSE,-1,null,q4 in (select bannerid from adServerBanners where campaignid=72361 and site=11582) or (Q2 like '%12072965%' or Q2 like '%12364758%' or Q2 like '%12364759%' or Q2 like '%12364760%' or Q2 like '%12364761%' or Q2 like '%12364762%' or Q2 like '%12364763%'),-1,2025-09-17 12:00:41,20870707,null,372250,0,FALSE,FALSE,FALSE,910,null,FALSE,FALSE,FALSE,Site All Hits,FALSE,FALSE,0,Site All Hits: CBS (US),null,2024-11-12 10:42:07,FALSE,FALSE,Answers372250,FALSE
819,2025-11-04 14:06:23,FALSE,FALSE,FALSE,-1,null,(Q261_3 in (1)),-1,2025-10-30 9:18:11,21587525,null,373075,0,FALSE,FALSE,FALSE,2182,null,FALSE,FALSE,TRUE,Past Brand Usage - Have Tried,FALSE,FALSE,1,Past Brand Usage - Have Tried: Instacart,null,2024-12-05 11:33:01,FALSE,FALSE,Answers373075,FALSE
113,2025-11-04 14:06:23,TRUE,FALSE,FALSE,-1,null,"((
 exists (
	select 1 from dbo.bannerexposure with (nolock) where  bannerexposure.respondentid = answers374821.id and bannerexposure.surveyid = 374821 and bannerexposure.bannerid  in 
		(
			select cast(element as int) from surveyfiltergroupelements with(nolock) where typeid = 1 and filtergroupid in (727297)
		)
	)
 or 
 exists (
	select 1 from dbo.creativeexposure with (nolock) where  creativeexposure.respondentid = answers374821.id and creativeexposure.surveyid = 374821 and creativeexposure.creativeid  in 
		(
			select element from surveyfiltergroupelements with(nolock) where typeid = 2 and filtergroupid in (727297)
		)
	)
 or 
 exists (
	select 1 from dbo.placementexposure with (nolock) where  placementexposure.respondentid = answers374821.id and placementexposure.surveyid = 374821 and placementexposure.placementid  in 
		(
			select element from surveyfiltergroupelements with(nolock) where typeid = 3 and filtergroupid in (727297)
		)
	)
))",-1,2025-10-30 10:37:40,24968978,null,374821,0,FALSE,TRUE,FALSE,809,null,FALSE,FALSE,TRUE,Creative,FALSE,FALSE,1,Creative:  Placement Publisher - Netflix DI (US),null,2025-10-28 12:45:41,FALSE,FALSE,Answers374821,FALSE
718,2025-11-04 14:06:23,TRUE,FALSE,FALSE,-1,null,"((
 exists (
	select 1 from dbo.bannerexposure with (nolock) where  bannerexposure.respondentid = answers373075.id and bannerexposure.surveyid = 373075 and bannerexposure.bannerid  in 
		(
			select cast(element as int) from surveyfiltergroupelements with(nolock) where typeid = 1 and filtergroupid in (724331)
		)
	)
 or 
 exists (
	select 1 from dbo.creativeexposure with (nolock) where  creativeexposure.respondentid = answers373075.id and creativeexposure.surveyid = 373075 and creativeexposure.creativeid  in 
		(
			select element from surveyfiltergroupelements with(nolock) where typeid = 2 and filtergroupid in (724331)
		)
	)
 or 
 exists (
	select 1 from dbo.placementexposure with (nolock) where  placementexposure.respondentid = answers373075.id and placementexposure.surveyid = 373075 and placementexposure.placementid  in 
		(
			select element from surveyfiltergroupelements with(nolock) where typeid = 3 and filtergroupid in (724331)
		)
	)
))",-1,2025-10-30 9:18:06,24878557,null,373075,0,FALSE,TRUE,FALSE,0,null,FALSE,FALSE,TRUE,Creative,FALSE,FALSE,1,Creative:  Theme - Surveillance,null,2025-10-23 10:50:11,FALSE,FALSE,Answers373075,FALSE
433,2025-11-04 14:06:23,FALSE,FALSE,FALSE,-1,null,"(substring(Q249,7,1)='2')",-1,2025-06-11 11:15:43,21081567,null,372250,0,FALSE,FALSE,FALSE,11510,null,FALSE,FALSE,TRUE,Delivery Item,FALSE,FALSE,0,"Delivery Item: Pet Supplies (e.g., food, toys, treats, etc.)",null,2025-05-15 18:03:57,FALSE,FALSE,Answers372250,FALSE
611,2025-11-04 14:06:23,FALSE,TRUE,FALSE,-1,null,(Q751>0) OR (Q264=0),-1,2025-09-05 15:51:42,23363471,null,372250,0,FALSE,FALSE,FALSE,9878,null,FALSE,FALSE,TRUE,TV ISCI,FALSE,FALSE,1,TV ISCI: DSHD0192000H,null,2025-05-22 14:06:10,FALSE,FALSE,Answers372250,FALSE
438,2025-11-04 14:06:23,FALSE,FALSE,FALSE,-1,null,"(substring(Q250_2,3,1)='2')",-1,2025-06-11 11:17:49,21083178,null,372250,0,FALSE,FALSE,FALSE,3366,null,FALSE,FALSE,TRUE,Delivery Use - Used an app/website for non-same day delivery,FALSE,FALSE,1,Delivery Use - Used an app/website for non-same day delivery: Groceries,null,2025-05-15 18:03:59,FALSE,FALSE,Answers372250,FALSE
851,2025-11-04 14:06:23,FALSE,FALSE,FALSE,-1,null,q4 in (select bannerid from adServerBanners where campaignid=78558 and site=54) or (Q2 like '%12358565%' or Q2 like '%12358566%' or Q2 like '%12358567%' or Q2 like '%12358568%' or Q2 like '%12358569%' or Q2 like '%12358570%' or Q2 like '%12358571%' or Q2 like '%12358572%' or Q2 like '%12441741%'),-1,2025-10-30 9:18:16,21280988,null,373075,0,FALSE,FALSE,FALSE,436,null,FALSE,FALSE,TRUE,Site All Hits,FALSE,FALSE,0,Site All Hits: ESPN (US),null,2025-10-23 9:54:36,FALSE,FALSE,Answers373075,FALSE
241,2025-11-04 14:06:23,FALSE,FALSE,FALSE,-1,null,"(substring(Q233_6,2,1)='2')",-1,2001-01-01 0:00:00,22236033,null,374821,0,FALSE,FALSE,FALSE,4081,null,FALSE,FALSE,TRUE,Delivery Use - Use an app/website for on-demand or same day delivery,FALSE,FALSE,1,Delivery Use - Use an app/website for on-demand or same day delivery: Alcoholic Beverages,null,2025-02-07 13:52:20,FALSE,FALSE,Answers374821,FALSE
750,2025-11-04 14:06:23,FALSE,FALSE,FALSE,-1,null,"(1=1) and (substring(Q180,2,1)='2')",-1,2025-10-30 9:18:09,21583687,null,373075,0,FALSE,FALSE,FALSE,302,null,FALSE,FALSE,TRUE,Ethnicity,FALSE,FALSE,1,Ethnicity: Black/African American,null,2024-12-05 9:23:50,FALSE,FALSE,Answers373075,FALSE
342,2025-11-04 14:06:23,FALSE,FALSE,FALSE,-1,null,. . 22379509 . OR . . 22379511 . OR . . 22379507 .,-1,2025-10-30 9:18:45,23339477,null,374821,0,FALSE,FALSE,FALSE,1864,null,TRUE,FALSE,TRUE,Site All Hits,FALSE,FALSE,1,Site All Hits: Meta (Grouped),null,2025-08-25 11:38:00,FALSE,FALSE,Answers374821,FALSE
883,2025-11-04 14:06:23,FALSE,FALSE,FALSE,-1,null,q4 in (select bannerid from adServerBanners where campaignid=78558 and site=19514),-1,2025-10-30 9:18:14,25000283,null,373075,0,FALSE,FALSE,FALSE,0,null,FALSE,FALSE,FALSE,Site,FALSE,FALSE,0,Site: Amazon Mobile (CA),null,2025-10-29 14:12:13,FALSE,FALSE,Answers373075,FALSE
310,2025-11-04 14:06:23,FALSE,FALSE,FALSE,-1,null,q4 in (select bannerid from adServerBanners where campaignid=79821 and site=24862) or (Q2 like '%12442065%' or Q2 like '%12453999%' or Q2 like '%12509025%' or Q2 like '%12594068%' or Q2 like '%12594081%' or Q2 like '%12688201%' or Q2 like '%12689331%'),-1,2001-01-01 0:00:00,25033289,null,374821,0,FALSE,FALSE,FALSE,null,null,FALSE,FALSE,FALSE,Site All Hits,FALSE,FALSE,0,Site All Hits: Amazon (JP),null,2025-10-30 18:02:10,FALSE,FALSE,Answers374821,FALSE
278,2025-11-04 14:06:23,FALSE,FALSE,FALSE,-1,null,(Q235_4 in (0)),-1,2001-01-01 0:00:00,22228325,null,374821,0,FALSE,FALSE,FALSE,6748,null,FALSE,FALSE,TRUE,Past Brand Recency - Amazon,FALSE,FALSE,1,Past Brand Recency - Amazon: Several times a week,null,2025-02-06 14:26:32,FALSE,FALSE,Answers374821,FALSE
771,2025-11-04 14:06:23,FALSE,FALSE,FALSE,-1,null,(Q3= 2),-1,2025-10-30 9:18:09,21361300,null,373075,0,FALSE,FALSE,FALSE,225,null,FALSE,FALSE,TRUE,Frequency,FALSE,FALSE,2,Frequency: 2,null,2024-11-21 15:19:49,FALSE,FALSE,Answers373075,FALSE
787,2025-11-04 14:06:23,FALSE,FALSE,FALSE,-1,null,(1=1) and (Q255=6),-1,2025-10-30 9:18:11,21583700,null,373075,0,FALSE,FALSE,FALSE,169,null,FALSE,FALSE,TRUE,Last Delivery,FALSE,FALSE,1,Last Delivery: More than 12 months ago,null,2024-12-05 9:23:50,FALSE,FALSE,Answers373075,FALSE
17,2025-11-04 14:06:23,FALSE,FALSE,FALSE,-1,null,(Q166 BETWEEN 45 AND 54),-1,2025-10-29 17:56:09,22236733,null,374821,0,FALSE,FALSE,FALSE,4962,null,FALSE,FALSE,TRUE,Age,FALSE,FALSE,1,Age: 45-54,null,2025-02-07 14:52:54,FALSE,FALSE,Answers374821,FALSE
635,2025-11-04 14:06:23,FALSE,FALSE,FALSE,-1,null,(Q164 BETWEEN 18 AND 24),-1,2025-10-30 8:51:34,23041276,null,373075,0,FALSE,FALSE,FALSE,648,null,FALSE,FALSE,TRUE,Age,FALSE,FALSE,1,Age: 18-24,null,2025-07-25 10:29:14,FALSE,FALSE,Answers373075,FALSE
49,2025-11-04 14:06:23,TRUE,FALSE,FALSE,-1,null,"((
 exists (
	select 1 from dbo.bannerexposure with (nolock) where  bannerexposure.respondentid = answers374821.id and bannerexposure.surveyid = 374821 and bannerexposure.bannerid  in 
		(
			select cast(element as int) from surveyfiltergroupelements with(nolock) where typeid = 1 and filtergroupid in (727316)
		)
	)
 or 
 exists (
	select 1 from dbo.creativeexposure with (nolock) where  creativeexposure.respondentid = answers374821.id and creativeexposure.surveyid = 374821 and creativeexposure.creativeid  in 
		(
			select element from surveyfiltergroupelements with(nolock) where typeid = 2 and filtergroupid in (727316)
		)
	)
 or 
 exists (
	select 1 from dbo.placementexposure with (nolock) where  placementexposure.respondentid = answers374821.id and placementexposure.surveyid = 374821 and placementexposure.placementid  in 
		(
			select element from surveyfiltergroupelements with(nolock) where typeid = 3 and filtergroupid in (727316)
		)
	)
))",-1,2025-10-30 10:37:00,24968914,null,374821,0,FALSE,TRUE,FALSE,4257,null,FALSE,FALSE,TRUE,Creative,FALSE,FALSE,1,Creative:  Creative Publisher - Peacock,null,2025-10-28 12:45:20,FALSE,FALSE,Answers374821,FALSE
145,2025-11-04 14:06:23,TRUE,FALSE,FALSE,-1,null,"((
 exists (
	select 1 from dbo.bannerexposure with (nolock) where  bannerexposure.respondentid = answers374821.id and bannerexposure.surveyid = 374821 and bannerexposure.bannerid  in 
		(
			select cast(element as int) from surveyfiltergroupelements with(nolock) where typeid = 1 and filtergroupid in (727235)
		)
	)
 or 
 exists (
	select 1 from dbo.creativeexposure with (nolock) where  creativeexposure.respondentid = answers374821.id and creativeexposure.surveyid = 374821 and creativeexposure.creativeid  in 
		(
			select element from surveyfiltergroupelements with(nolock) where typeid = 2 and filtergroupid in (727235)
		)
	)
 or 
 exists (
	select 1 from dbo.placementexposure with (nolock) where  placementexposure.respondentid = answers374821.id and placementexposure.surveyid = 374821 and placementexposure.placementid  in 
		(
			select element from surveyfiltergroupelements with(nolock) where typeid = 3 and filtergroupid in (727235)
		)
	)
))",-1,2025-10-30 10:37:54,24969010,null,374821,0,FALSE,TRUE,FALSE,6085,null,FALSE,FALSE,TRUE,Creative,FALSE,FALSE,1,Creative:  Placement Targeting Tactic - 2P Behavioral,null,2025-10-28 12:45:45,FALSE,FALSE,Answers374821,FALSE
726,2025-11-04 14:06:23,FALSE,FALSE,FALSE,-1,null,(Q194_1 in (2)),-1,2025-10-30 9:18:05,21594965,null,373075,0,FALSE,FALSE,TRUE,1338,null,FALSE,FALSE,TRUE,DashPass Use,FALSE,FALSE,1,DashPass Use: Heard of it but haven't used it,null,2024-12-05 18:32:57,FALSE,FALSE,Answers373075,FALSE
694,2025-11-04 14:06:23,TRUE,FALSE,FALSE,-1,null,"(((
 exists (
	select 1 from dbo.bannerexposure with (nolock) where  bannerexposure.respondentid = answers373075.id and bannerexposure.surveyid = 373075 and bannerexposure.bannerid  in 
		(
			select cast(element as int) from surveyfiltergroupelements with(nolock) where typeid = 1 and filtergroupid in (724307)
		)
	)
 or 
 exists (
	select 1 from dbo.creativeexposure with (nolock) where  creativeexposure.respondentid = answers373075.id and creativeexposure.surveyid = 373075 and creativeexposure.creativeid  in 
		(
			select element from surveyfiltergroupelements with(nolock) where typeid = 2 and filtergroupid in (724307)
		)
	)
 or 
 exists (
	select 1 from dbo.placementexposure with (nolock) where  placementexposure.respondentid = answers373075.id and placementexposure.surveyid = 373075 and placementexposure.placementid  in 
		(
			select element from surveyfiltergroupelements with(nolock) where typeid = 3 and filtergroupid in (724307)
		)
	)
)) or ((Q4 in (select value from surveyfilterelements with(nolock) where filterid=24878533 and type='mapctrlbanner'))))",-1,2025-10-30 9:18:03,24878533,null,373075,0,FALSE,TRUE,TRUE,869,null,FALSE,FALSE,TRUE,Creative,FALSE,FALSE,2,Creative:  Size/Length - 728x90,null,2025-10-23 10:48:40,FALSE,FALSE,Answers373075,FALSE
827,2025-11-04 14:06:23,FALSE,FALSE,FALSE,-1,null,q4 in (select bannerid from adServerBanners where campaignid=78558 and site=26592) or (Q2 like '%12493362%' or Q2 like '%12593751%' or Q2 like '%12593785%' or Q2 like '%12687816%' or Q2 like '%12687889%'),-1,2025-10-30 9:18:16,25000278,null,373075,0,FALSE,FALSE,FALSE,0,null,FALSE,FALSE,FALSE,Site All Hits,FALSE,FALSE,0,Site All Hits: Amazon (MX),null,2025-10-29 14:12:13,FALSE,FALSE,Answers373075,FALSE
177,2025-11-04 14:06:23,TRUE,FALSE,FALSE,-1,null,"((
 exists (
	select 1 from dbo.bannerexposure with (nolock) where  bannerexposure.respondentid = answers374821.id and bannerexposure.surveyid = 374821 and bannerexposure.bannerid  in 
		(
			select cast(element as int) from surveyfiltergroupelements with(nolock) where typeid = 1 and filtergroupid in (727230)
		)
	)
 or 
 exists (
	select 1 from dbo.creativeexposure with (nolock) where  creativeexposure.respondentid = answers374821.id and creativeexposure.surveyid = 374821 and creativeexposure.creativeid  in 
		(
			select element from surveyfiltergroupelements with(nolock) where typeid = 2 and filtergroupid in (727230)
		)
	)
 or 
 exists (
	select 1 from dbo.placementexposure with (nolock) where  placementexposure.respondentid = answers374821.id and placementexposure.surveyid = 374821 and placementexposure.placementid  in 
		(
			select element from surveyfiltergroupelements with(nolock) where typeid = 3 and filtergroupid in (727230)
		)
	)
))",-1,2025-10-30 10:38:12,24969043,null,374821,0,FALSE,TRUE,FALSE,8123,null,FALSE,FALSE,TRUE,Creative,FALSE,FALSE,1,Creative:  Size/Length - 15s,null,2025-10-28 12:45:48,FALSE,FALSE,Answers374821,FALSE
662,2025-11-04 14:06:23,TRUE,FALSE,FALSE,-1,null,"((
 exists (
	select 1 from dbo.bannerexposure with (nolock) where  bannerexposure.respondentid = answers373075.id and bannerexposure.surveyid = 373075 and bannerexposure.bannerid  in 
		(
			select cast(element as int) from surveyfiltergroupelements with(nolock) where typeid = 1 and filtergroupid in (724303)
		)
	)
 or 
 exists (
	select 1 from dbo.creativeexposure with (nolock) where  creativeexposure.respondentid = answers373075.id and creativeexposure.surveyid = 373075 and creativeexposure.creativeid  in 
		(
			select element from surveyfiltergroupelements with(nolock) where typeid = 2 and filtergroupid in (724303)
		)
	)
 or 
 exists (
	select 1 from dbo.placementexposure with (nolock) where  placementexposure.respondentid = answers373075.id and placementexposure.surveyid = 373075 and placementexposure.placementid  in 
		(
			select element from surveyfiltergroupelements with(nolock) where typeid = 3 and filtergroupid in (724303)
		)
	)
))",-1,2025-10-30 9:18:02,24878456,null,373075,0,FALSE,TRUE,FALSE,0,null,FALSE,FALSE,TRUE,Creative,FALSE,FALSE,1,Creative:  Format - SOC,null,2025-10-23 10:46:16,FALSE,FALSE,Answers373075,FALSE
374,2025-11-04 14:06:23,FALSE,FALSE,FALSE,-1,null,(Q4 = '12594083'),-1,2001-01-01 0:00:00,25033340,null,374821,0,FALSE,FALSE,FALSE,null,null,FALSE,FALSE,FALSE,Site,FALSE,FALSE,0,Site: Amazon CTV (IT),null,2025-10-30 18:02:11,FALSE,FALSE,Answers374821,FALSE
209,2025-11-04 14:06:23,TRUE,FALSE,FALSE,-1,null,"((
 exists (
	select 1 from dbo.bannerexposure with (nolock) where  bannerexposure.respondentid = answers374821.id and bannerexposure.surveyid = 374821 and bannerexposure.bannerid  in 
		(
			select cast(element as int) from surveyfiltergroupelements with(nolock) where typeid = 1 and filtergroupid in (727350)
		)
	)
 or 
 exists (
	select 1 from dbo.creativeexposure with (nolock) where  creativeexposure.respondentid = answers374821.id and creativeexposure.surveyid = 374821 and creativeexposure.creativeid  in 
		(
			select element from surveyfiltergroupelements with(nolock) where typeid = 2 and filtergroupid in (727350)
		)
	)
 or 
 exists (
	select 1 from dbo.placementexposure with (nolock) where  placementexposure.respondentid = answers374821.id and placementexposure.surveyid = 374821 and placementexposure.placementid  in 
		(
			select element from surveyfiltergroupelements with(nolock) where typeid = 3 and filtergroupid in (727350)
		)
	)
))",-1,2025-10-30 10:38:34,24969075,null,374821,0,FALSE,TRUE,FALSE,0,null,FALSE,FALSE,TRUE,Creative,FALSE,FALSE,1,Creative:  Theme - Hisapnic,null,2025-10-28 12:45:52,FALSE,FALSE,Answers374821,FALSE
795,2025-11-04 14:06:23,FALSE,FALSE,FALSE,-1,null,. . 21361309 . AND . NOT_IN 21583488 . AND . NOT_IN 21280995 . AND . NOT_IN 21282819 . AND . NOT_IN 21280999 . AND . NOT_IN 23947505 .,-1,2025-10-31 9:30:00,21594996,null,373075,0,FALSE,FALSE,TRUE,2248,null,TRUE,FALSE,FALSE,Overall,FALSE,FALSE,1,Overall: Exposed (Ignite Only),null,2025-10-22 14:14:57,FALSE,FALSE,Answers373075,FALSE
762,2025-11-04 14:06:23,FALSE,FALSE,FALSE,-1,null,Q3 between 2 and 3,-1,2025-10-30 9:18:09,21361291,null,373075,0,FALSE,FALSE,FALSE,377,null,FALSE,FALSE,TRUE,"Frequency (1, 2-3, 4-9, 10+)",FALSE,FALSE,2,"Frequency (1, 2-3, 4-9, 10+): 2-3",null,2024-11-21 15:19:49,FALSE,FALSE,Answers373075,FALSE
325,2025-11-04 14:06:23,FALSE,FALSE,FALSE,-1,null,q4 in (select bannerid from adServerBanners where campaignid=79821 and site=22778) or (Q2 like '%12442063%' or Q2 like '%12453997%' or Q2 like '%12509819%' or Q2 like '%12593931%' or Q2 like '%12594366%' or Q2 like '%12687821%' or Q2 like '%12688157%'),-1,2001-01-01 0:00:00,25033282,null,374821,0,FALSE,FALSE,FALSE,null,null,FALSE,FALSE,FALSE,Site All Hits,FALSE,FALSE,0,Site All Hits: Amazon Tablet (CA),null,2025-10-30 18:02:10,FALSE,FALSE,Answers374821,FALSE
464,2025-11-04 14:06:23,FALSE,FALSE,FALSE,-1,null,"(substring(Q250_3,4,1)='2')",-1,2025-06-11 11:20:04,21083166,null,372250,0,FALSE,FALSE,FALSE,1429,null,FALSE,FALSE,TRUE,Delivery Use - Used an app/website for pickup,FALSE,FALSE,1,Delivery Use - Used an app/website for pickup: Personal Care & Beauty,null,2025-05-15 18:03:59,FALSE,FALSE,Answers372250,FALSE
623,2025-11-04 14:06:23,FALSE,TRUE,FALSE,-1,null,(Q765>0) OR (Q264=0),-1,2025-09-05 15:51:46,23363459,null,372250,0,FALSE,FALSE,FALSE,9868,null,FALSE,FALSE,TRUE,TV ISCI,FALSE,FALSE,1,TV ISCI: WMDDNBA40,null,2025-05-22 14:06:10,FALSE,FALSE,Answers372250,FALSE
170,2025-11-04 14:06:23,TRUE,FALSE,FALSE,-1,null,"((
 exists (
	select 1 from dbo.bannerexposure with (nolock) where  bannerexposure.respondentid = answers374821.id and bannerexposure.surveyid = 374821 and bannerexposure.bannerid  in 
		(
			select cast(element as int) from surveyfiltergroupelements with(nolock) where typeid = 1 and filtergroupid in (727371)
		)
	)
 or 
 exists (
	select 1 from dbo.creativeexposure with (nolock) where  creativeexposure.respondentid = answers374821.id and creativeexposure.surveyid = 374821 and creativeexposure.creativeid  in 
		(
			select element from surveyfiltergroupelements with(nolock) where typeid = 2 and filtergroupid in (727371)
		)
	)
 or 
 exists (
	select 1 from dbo.placementexposure with (nolock) where  placementexposure.respondentid = answers374821.id and placementexposure.surveyid = 374821 and placementexposure.placementid  in 
		(
			select element from surveyfiltergroupelements with(nolock) where typeid = 3 and filtergroupid in (727371)
		)
	)
))",-1,2025-10-30 10:38:10,24969036,null,374821,0,FALSE,TRUE,FALSE,10,null,FALSE,FALSE,TRUE,Creative,FALSE,FALSE,1,Creative:  Size/Length - :60,null,2025-10-28 12:45:48,FALSE,FALSE,Answers374821,FALSE
804,2025-11-04 14:06:23,FALSE,FALSE,FALSE,-1,null,(Q264_5 in (3)),-1,2025-10-30 9:18:11,21587585,null,373075,0,FALSE,FALSE,FALSE,643,null,FALSE,FALSE,TRUE,Past Brand Recency - Grubhub,FALSE,FALSE,1,Past Brand Recency - Grubhub: I did not use in the past 30 days,null,2024-12-05 11:40:05,FALSE,FALSE,Answers373075,FALSE
163,2025-11-04 14:06:23,TRUE,FALSE,FALSE,-1,null,"((
 exists (
	select 1 from dbo.bannerexposure with (nolock) where  bannerexposure.respondentid = answers374821.id and bannerexposure.surveyid = 374821 and bannerexposure.bannerid  in 
		(
			select cast(element as int) from surveyfiltergroupelements with(nolock) where typeid = 1 and filtergroupid in (727274)
		)
	)
 or 
 exists (
	select 1 from dbo.creativeexposure with (nolock) where  creativeexposure.respondentid = answers374821.id and creativeexposure.surveyid = 374821 and creativeexposure.creativeid  in 
		(
			select element from surveyfiltergroupelements with(nolock) where typeid = 2 and filtergroupid in (727274)
		)
	)
 or 
 exists (
	select 1 from dbo.placementexposure with (nolock) where  placementexposure.respondentid = answers374821.id and placementexposure.surveyid = 374821 and placementexposure.placementid  in 
		(
			select element from surveyfiltergroupelements with(nolock) where typeid = 3 and filtergroupid in (727274)
		)
	)
))",-1,2025-10-30 10:38:07,24969028,null,374821,0,FALSE,TRUE,FALSE,310,null,FALSE,FALSE,TRUE,Creative,FALSE,FALSE,1,Creative:  Placement Targeting Tactic - Retargeting,null,2025-10-28 12:45:47,FALSE,FALSE,Answers374821,FALSE
24,2025-11-04 14:06:23,TRUE,FALSE,FALSE,-1,null,"((
 exists (
	select 1 from dbo.bannerexposure with (nolock) where  bannerexposure.respondentid = answers374821.id and bannerexposure.surveyid = 374821 and bannerexposure.bannerid  in 
		(
			select cast(element as int) from surveyfiltergroupelements with(nolock) where typeid = 1 and filtergroupid in (727318)
		)
	)
 or 
 exists (
	select 1 from dbo.creativeexposure with (nolock) where  creativeexposure.respondentid = answers374821.id and creativeexposure.surveyid = 374821 and creativeexposure.creativeid  in 
		(
			select element from surveyfiltergroupelements with(nolock) where typeid = 2 and filtergroupid in (727318)
		)
	)
 or 
 exists (
	select 1 from dbo.placementexposure with (nolock) where  placementexposure.respondentid = answers374821.id and placementexposure.surveyid = 374821 and placementexposure.placementid  in 
		(
			select element from surveyfiltergroupelements with(nolock) where typeid = 3 and filtergroupid in (727318)
		)
	)
))",-1,2025-10-30 10:36:50,24968887,null,374821,0,FALSE,TRUE,FALSE,478,null,FALSE,FALSE,TRUE,Creative,FALSE,FALSE,1,Creative:  Creative Publisher - Amazon (US),null,2025-10-28 12:45:08,FALSE,FALSE,Answers374821,FALSE
759,2025-11-04 14:06:23,FALSE,FALSE,FALSE,-1,null,Q3>=4,-1,2025-10-30 9:18:09,21361288,null,373075,0,FALSE,FALSE,FALSE,1611,null,FALSE,FALSE,TRUE,"Frequency (1, 2-3, 4+)",FALSE,FALSE,2,"Frequency (1, 2-3, 4+): 4+",null,2024-11-21 15:19:49,FALSE,FALSE,Answers373075,FALSE
31,2025-11-04 14:06:23,TRUE,FALSE,FALSE,-1,null,"((
 exists (
	select 1 from dbo.bannerexposure with (nolock) where  bannerexposure.respondentid = answers374821.id and bannerexposure.surveyid = 374821 and bannerexposure.bannerid  in 
		(
			select cast(element as int) from surveyfiltergroupelements with(nolock) where typeid = 1 and filtergroupid in (727355)
		)
	)
 or 
 exists (
	select 1 from dbo.creativeexposure with (nolock) where  creativeexposure.respondentid = answers374821.id and creativeexposure.surveyid = 374821 and creativeexposure.creativeid  in 
		(
			select element from surveyfiltergroupelements with(nolock) where typeid = 2 and filtergroupid in (727355)
		)
	)
 or 
 exists (
	select 1 from dbo.placementexposure with (nolock) where  placementexposure.respondentid = answers374821.id and placementexposure.surveyid = 374821 and placementexposure.placementid  in 
		(
			select element from surveyfiltergroupelements with(nolock) where typeid = 3 and filtergroupid in (727355)
		)
	)
))",-1,2025-10-30 10:36:59,24968895,null,374821,0,FALSE,TRUE,FALSE,0,null,FALSE,FALSE,TRUE,Creative,FALSE,FALSE,1,Creative:  Creative Publisher - DSE,null,2025-10-28 12:45:10,FALSE,FALSE,Answers374821,FALSE
162,2025-11-04 14:06:23,TRUE,FALSE,FALSE,-1,null,"((
 exists (
	select 1 from dbo.bannerexposure with (nolock) where  bannerexposure.respondentid = answers374821.id and bannerexposure.surveyid = 374821 and bannerexposure.bannerid  in 
		(
			select cast(element as int) from surveyfiltergroupelements with(nolock) where typeid = 1 and filtergroupid in (727408)
		)
	)
 or 
 exists (
	select 1 from dbo.creativeexposure with (nolock) where  creativeexposure.respondentid = answers374821.id and creativeexposure.surveyid = 374821 and creativeexposure.creativeid  in 
		(
			select element from surveyfiltergroupelements with(nolock) where typeid = 2 and filtergroupid in (727408)
		)
	)
 or 
 exists (
	select 1 from dbo.placementexposure with (nolock) where  placementexposure.respondentid = answers374821.id and placementexposure.surveyid = 374821 and placementexposure.placementid  in 
		(
			select element from surveyfiltergroupelements with(nolock) where typeid = 3 and filtergroupid in (727408)
		)
	)
))",-1,2025-10-30 10:38:05,24969027,null,374821,0,FALSE,TRUE,FALSE,0,null,FALSE,FALSE,TRUE,Creative,FALSE,FALSE,1,Creative:  Placement Targeting Tactic - Please Ignore these fields,null,2025-10-28 12:45:47,FALSE,FALSE,Answers374821,FALSE
767,2025-11-04 14:06:23,FALSE,FALSE,FALSE,-1,null,(Q3 between 2 and 3),-1,2025-10-30 9:18:09,21361295,null,373075,0,FALSE,FALSE,FALSE,377,null,FALSE,FALSE,TRUE,"Frequency (1, 2-3, 4-9, 10-19, 20+)",FALSE,FALSE,2,"Frequency (1, 2-3, 4-9, 10-19, 20+): 2-3",null,2024-11-21 15:19:49,FALSE,FALSE,Answers373075,FALSE
32,2025-11-04 14:06:23,TRUE,FALSE,FALSE,-1,null,"((
 exists (
	select 1 from dbo.bannerexposure with (nolock) where  bannerexposure.respondentid = answers374821.id and bannerexposure.surveyid = 374821 and bannerexposure.bannerid  in 
		(
			select cast(element as int) from surveyfiltergroupelements with(nolock) where typeid = 1 and filtergroupid in (727345)
		)
	)
 or 
 exists (
	select 1 from dbo.creativeexposure with (nolock) where  creativeexposure.respondentid = answers374821.id and creativeexposure.surveyid = 374821 and creativeexposure.creativeid  in 
		(
			select element from surveyfiltergroupelements with(nolock) where typeid = 2 and filtergroupid in (727345)
		)
	)
 or 
 exists (
	select 1 from dbo.placementexposure with (nolock) where  placementexposure.respondentid = answers374821.id and placementexposure.surveyid = 374821 and placementexposure.placementid  in 
		(
			select element from surveyfiltergroupelements with(nolock) where typeid = 3 and filtergroupid in (727345)
		)
	)
))",-1,2025-10-30 10:36:51,24968896,null,374821,0,FALSE,TRUE,FALSE,458,null,FALSE,FALSE,TRUE,Creative,FALSE,FALSE,1,Creative:  Creative Publisher - DV360,null,2025-10-28 12:45:12,FALSE,FALSE,Answers374821,FALSE
326,2025-11-04 14:06:23,FALSE,FALSE,FALSE,-1,null,(Q4 = '12594082') or (Q2 like '%12594082%'),-1,2001-01-01 0:00:00,25033339,null,374821,0,FALSE,FALSE,FALSE,null,null,FALSE,FALSE,FALSE,Site All Hits,FALSE,FALSE,0,Site All Hits: Amazon Tablet (IT),null,2025-10-30 18:02:11,FALSE,FALSE,Answers374821,FALSE
631,2025-11-04 14:06:23,FALSE,FALSE,FALSE,-1,null,(Q164 BETWEEN 35 AND 44),-1,2025-10-30 9:17:59,21588897,null,373075,0,FALSE,FALSE,FALSE,1620,null,FALSE,FALSE,TRUE,Age (Grouped),FALSE,FALSE,1,Age (Grouped): 35-44,null,2025-07-25 10:29:02,FALSE,FALSE,Answers373075,FALSE
472,2025-11-04 14:06:23,FALSE,FALSE,FALSE,-1,null,(Q255=0),-1,2025-06-11 11:20:11,21081584,null,372250,0,FALSE,FALSE,FALSE,14544,null,FALSE,FALSE,TRUE,Employment Status,FALSE,FALSE,0,Employment Status: Work at a full time job (30 hours or more a week),null,2025-05-15 18:03:56,FALSE,FALSE,Answers372250,FALSE
754,2025-11-04 14:06:23,FALSE,FALSE,FALSE,-1,null,"(1=1) and (substring(Q180,7,1)='2')",-1,2025-10-30 9:18:09,21583692,null,373075,0,FALSE,FALSE,FALSE,38,null,FALSE,FALSE,TRUE,Ethnicity,FALSE,FALSE,1,Ethnicity: Other,null,2024-12-05 9:23:50,FALSE,FALSE,Answers373075,FALSE
514,2025-11-04 14:06:23,FALSE,FALSE,FALSE,-1,null,(Q252_5 in (1)),-1,2025-06-11 11:29:20,21083217,null,372250,0,FALSE,FALSE,FALSE,2815,null,FALSE,FALSE,TRUE,Past Brand Recency - Grubhub,FALSE,FALSE,1,Past Brand Recency - Grubhub: Once a week,null,2025-05-15 18:03:58,FALSE,FALSE,Answers372250,FALSE
615,2025-11-04 14:06:23,FALSE,TRUE,FALSE,-1,null,(Q757>0) OR (Q264=0),-1,2025-09-05 15:51:45,23363467,null,372250,0,FALSE,FALSE,FALSE,9880,null,FALSE,FALSE,TRUE,TV ISCI,FALSE,FALSE,1,TV ISCI: RDOR0765000H,null,2025-05-22 14:06:10,FALSE,FALSE,Answers372250,FALSE
456,2025-11-04 14:06:23,FALSE,FALSE,FALSE,-1,null,"(substring(Q250_6,4,1)='2')",-1,2025-06-11 11:20:00,21083169,null,372250,0,FALSE,FALSE,FALSE,870,null,FALSE,FALSE,TRUE,Delivery Use - Used an app/website for pickup,FALSE,FALSE,1,Delivery Use - Used an app/website for pickup: Alcoholic Beverages,null,2025-05-15 18:03:59,FALSE,FALSE,Answers372250,FALSE
28,2025-11-04 14:06:23,TRUE,FALSE,FALSE,-1,null,"((
 exists (
	select 1 from dbo.bannerexposure with (nolock) where  bannerexposure.respondentid = answers374821.id and bannerexposure.surveyid = 374821 and bannerexposure.bannerid  in 
		(
			select cast(element as int) from surveyfiltergroupelements with(nolock) where typeid = 1 and filtergroupid in (727336)
		)
	)
 or 
 exists (
	select 1 from dbo.creativeexposure with (nolock) where  creativeexposure.respondentid = answers374821.id and creativeexposure.surveyid = 374821 and creativeexposure.creativeid  in 
		(
			select element from surveyfiltergroupelements with(nolock) where typeid = 2 and filtergroupid in (727336)
		)
	)
 or 
 exists (
	select 1 from dbo.placementexposure with (nolock) where  placementexposure.respondentid = answers374821.id and placementexposure.surveyid = 374821 and placementexposure.placementid  in 
		(
			select element from surveyfiltergroupelements with(nolock) where typeid = 3 and filtergroupid in (727336)
		)
	)
))",-1,2025-10-30 10:36:58,24968892,null,374821,0,FALSE,TRUE,FALSE,0,null,FALSE,FALSE,TRUE,Creative,FALSE,FALSE,1,Creative:  Creative Publisher - CBS,null,2025-10-28 12:45:10,FALSE,FALSE,Answers374821,FALSE
628,2025-11-04 14:06:23,FALSE,FALSE,FALSE,-1,null,( . 23388325 . OR . . 23390783 . OR . . 21083238 . OR . . 21097355 ),-1,2025-06-11 11:31:11,23390838,null,372250,0,FALSE,FALSE,FALSE,20593,null,TRUE,FALSE,TRUE,XM Combos,FALSE,FALSE,1,XM Combos: 0. Any Exposed,null,2025-05-28 15:08:03,FALSE,FALSE,Answers372250,FALSE
469,2025-11-04 14:06:23,FALSE,FALSE,FALSE,-1,null,(Q255=2),-1,2025-06-11 11:20:07,21081581,null,372250,0,FALSE,FALSE,FALSE,1656,null,FALSE,FALSE,TRUE,Employment Status,FALSE,FALSE,0,Employment Status: Self-employed,null,2025-05-15 18:03:57,FALSE,FALSE,Answers372250,FALSE
166,2025-11-04 14:06:23,TRUE,FALSE,FALSE,-1,null,"((
 exists (
	select 1 from dbo.bannerexposure with (nolock) where  bannerexposure.respondentid = answers374821.id and bannerexposure.surveyid = 374821 and bannerexposure.bannerid  in 
		(
			select cast(element as int) from surveyfiltergroupelements with(nolock) where typeid = 1 and filtergroupid in (727364)
		)
	)
 or 
 exists (
	select 1 from dbo.creativeexposure with (nolock) where  creativeexposure.respondentid = answers374821.id and creativeexposure.surveyid = 374821 and creativeexposure.creativeid  in 
		(
			select element from surveyfiltergroupelements with(nolock) where typeid = 2 and filtergroupid in (727364)
		)
	)
 or 
 exists (
	select 1 from dbo.placementexposure with (nolock) where  placementexposure.respondentid = answers374821.id and placementexposure.surveyid = 374821 and placementexposure.placementid  in 
		(
			select element from surveyfiltergroupelements with(nolock) where typeid = 3 and filtergroupid in (727364)
		)
	)
))",-1,2025-10-30 10:38:08,24969031,null,374821,0,FALSE,TRUE,FALSE,370,null,FALSE,FALSE,TRUE,Creative,FALSE,FALSE,1,Creative:  Size/Length - :06 - :30s,null,2025-10-28 12:45:47,FALSE,FALSE,Answers374821,FALSE
620,2025-11-04 14:06:23,FALSE,TRUE,FALSE,-1,null,(Q762>0) OR (Q264=0),-1,2025-09-05 15:51:45,23363462,null,372250,0,FALSE,FALSE,FALSE,10192,null,FALSE,FALSE,TRUE,TV ISCI,FALSE,FALSE,1,TV ISCI: RDOR0783000H,null,2025-05-22 14:06:10,FALSE,FALSE,Answers372250,FALSE
612,2025-11-04 14:06:23,FALSE,TRUE,FALSE,-1,null,(Q752>0) OR (Q264=0),-1,2025-09-05 15:51:42,23363470,null,372250,0,FALSE,FALSE,FALSE,10054,null,FALSE,FALSE,TRUE,TV ISCI,FALSE,FALSE,1,TV ISCI: DSHD0193000H,null,2025-05-22 14:06:10,FALSE,FALSE,Answers372250,FALSE
453,2025-11-04 14:06:23,FALSE,FALSE,FALSE,-1,null,"(substring(Q250_3,2,1)='2')",-1,2025-06-11 11:20:00,21081576,null,372250,0,FALSE,FALSE,FALSE,4865,null,FALSE,FALSE,TRUE,Delivery Use - Used an app/website for on-demand or same day delivery,FALSE,FALSE,0,Delivery Use - Used an app/website for on-demand or same day delivery: Personal Care & Beauty,null,2025-05-15 18:03:55,FALSE,FALSE,Answers372250,FALSE
461,2025-11-04 14:06:23,FALSE,FALSE,FALSE,-1,null,"(substring(Q250_8,4,1)='2')",-1,2025-06-11 11:20:05,21083175,null,372250,0,FALSE,FALSE,FALSE,1351,null,FALSE,FALSE,TRUE,Delivery Use - Used an app/website for pickup,FALSE,FALSE,1,Delivery Use - Used an app/website for pickup: Health & Medicine,null,2025-05-15 18:03:59,FALSE,FALSE,Answers372250,FALSE
624,2025-11-04 14:06:23,FALSE,TRUE,FALSE,-1,null,(Q766>0) OR (Q264=0),-1,2025-09-05 15:51:46,23363458,null,372250,0,FALSE,FALSE,FALSE,9869,null,FALSE,FALSE,TRUE,TV ISCI,FALSE,FALSE,1,TV ISCI: WMDDWNBA41,null,2025-05-22 14:06:10,FALSE,FALSE,Answers372250,FALSE
341,2025-11-04 14:06:23,FALSE,FALSE,FALSE,-1,null,"q4 in (select bannerid from adServerBanners where campaignid=79821 and site=22109) or ID IN (select id from answers374821 cross apply [SQL#].[String_Split4k](Q2, ',', 2) SplitTable cross apply [SQL#].[String_Split4k](SplitTable.SplitVal, '-', 2) bannerid where bannerid.SplitNum = 1 and bannerid.SplitVal in ( select value from dbo.surveyfilterelements WHERE surveyfilterelements.filterid=24090270 and type='in-clause' and surveyfilterelements.question='Q2' ) )",-1,2001-01-01 0:00:00,24090270,null,374821,0,FALSE,FALSE,FALSE,null,null,FALSE,FALSE,FALSE,Site All Hits,FALSE,FALSE,0,Site All Hits: Learfield  (US),null,2025-10-30 18:02:11,FALSE,FALSE,Answers374821,FALSE
820,2025-11-04 14:06:23,FALSE,FALSE,FALSE,-1,null,(Q261_2 in (1)),-1,2025-10-30 9:18:11,21587523,null,373075,0,FALSE,FALSE,FALSE,2991,null,FALSE,FALSE,TRUE,Past Brand Usage - Have Tried,FALSE,FALSE,1,Past Brand Usage - Have Tried: Uber Eats,null,2024-12-05 11:32:39,FALSE,FALSE,Answers373075,FALSE
33,2025-11-04 14:06:23,TRUE,FALSE,FALSE,-1,null,"((
 exists (
	select 1 from dbo.bannerexposure with (nolock) where  bannerexposure.respondentid = answers374821.id and bannerexposure.surveyid = 374821 and bannerexposure.bannerid  in 
		(
			select cast(element as int) from surveyfiltergroupelements with(nolock) where typeid = 1 and filtergroupid in (727306)
		)
	)
 or 
 exists (
	select 1 from dbo.creativeexposure with (nolock) where  creativeexposure.respondentid = answers374821.id and creativeexposure.surveyid = 374821 and creativeexposure.creativeid  in 
		(
			select element from surveyfiltergroupelements with(nolock) where typeid = 2 and filtergroupid in (727306)
		)
	)
 or 
 exists (
	select 1 from dbo.placementexposure with (nolock) where  placementexposure.respondentid = answers374821.id and placementexposure.surveyid = 374821 and placementexposure.placementid  in 
		(
			select element from surveyfiltergroupelements with(nolock) where typeid = 3 and filtergroupid in (727306)
		)
	)
))",-1,2025-10-30 10:36:52,24968897,null,374821,0,FALSE,TRUE,FALSE,0,null,FALSE,FALSE,TRUE,Creative,FALSE,FALSE,1,Creative:  Creative Publisher - ESPN Sports,null,2025-10-28 12:45:13,FALSE,FALSE,Answers374821,FALSE
477,2025-11-04 14:06:23,FALSE,FALSE,FALSE,-1,null,"(substring(Q254,5,1)='2')",-1,2025-06-11 11:20:08,21081589,null,372250,0,FALSE,FALSE,FALSE,483,null,FALSE,FALSE,TRUE,Ethnicity,FALSE,FALSE,0,Ethnicity: Native American,null,2025-05-15 18:03:56,FALSE,FALSE,Answers372250,FALSE
636,2025-11-04 14:06:23,FALSE,FALSE,FALSE,-1,null,(Q164 BETWEEN 25 AND 34),-1,2025-10-30 8:51:34,23041277,null,373075,0,FALSE,FALSE,FALSE,1675,null,FALSE,FALSE,TRUE,Age,FALSE,FALSE,1,Age: 25-34,null,2025-07-25 10:29:14,FALSE,FALSE,Answers373075,FALSE
513,2025-11-04 14:06:23,FALSE,FALSE,FALSE,-1,null,(Q252_5 in (2)),-1,2025-06-11 11:29:20,21083218,null,372250,0,FALSE,FALSE,FALSE,2434,null,FALSE,FALSE,TRUE,Past Brand Recency - Grubhub,FALSE,FALSE,1,Past Brand Recency - Grubhub: Less than once a week,null,2025-05-15 18:03:58,FALSE,FALSE,Answers372250,FALSE
309,2025-11-04 14:06:23,FALSE,FALSE,FALSE,-1,null,(Q4 = '12691499') or (Q2 like '%12691499%'),-1,2001-01-01 0:00:00,25033385,null,374821,0,FALSE,FALSE,FALSE,null,null,FALSE,FALSE,FALSE,Site All Hits,FALSE,FALSE,0,Site All Hits: Amazon (IN),null,2025-10-30 18:02:11,FALSE,FALSE,Answers374821,FALSE
519,2025-11-04 14:06:23,FALSE,FALSE,FALSE,-1,null,(Q252_3 in (0)),-1,2025-06-11 11:29:20,21083208,null,372250,0,FALSE,FALSE,FALSE,3078,null,FALSE,FALSE,TRUE,Past Brand Recency - Instacart,FALSE,FALSE,1,Past Brand Recency - Instacart: Several times a week,null,2025-05-15 18:03:57,FALSE,FALSE,Answers372250,FALSE
614,2025-11-04 14:06:23,FALSE,TRUE,FALSE,-1,null,(Q756>0) OR (Q264=0),-1,2025-09-05 15:51:45,23363468,null,372250,0,FALSE,FALSE,FALSE,9872,null,FALSE,FALSE,TRUE,TV ISCI,FALSE,FALSE,1,TV ISCI: RDOR0761000H,null,2025-05-22 14:06:10,FALSE,FALSE,Answers372250,FALSE
751,2025-11-04 14:06:23,FALSE,FALSE,FALSE,-1,null,"(1=1) and (substring(Q180,6,1)='2')",-1,2025-10-30 9:18:09,21583691,null,373075,0,FALSE,FALSE,FALSE,5254,null,FALSE,FALSE,FALSE,Ethnicity,FALSE,FALSE,1,Ethnicity: Hispanic,null,2024-12-05 9:23:50,FALSE,FALSE,Answers373075,FALSE
16,2025-11-04 14:06:23,FALSE,FALSE,FALSE,-1,null,(Q166 BETWEEN 35 AND 44),-1,2025-10-29 17:56:09,22236729,null,374821,0,FALSE,FALSE,FALSE,9310,null,FALSE,FALSE,TRUE,Age,FALSE,FALSE,1,Age: 35-44,null,2025-02-07 14:52:33,FALSE,FALSE,Answers374821,FALSE
619,2025-11-04 14:06:23,FALSE,TRUE,FALSE,-1,null,(Q761>0) OR (Q264=0),-1,2025-09-05 15:51:45,23363463,null,372250,0,FALSE,FALSE,FALSE,10090,null,FALSE,FALSE,TRUE,TV ISCI,FALSE,FALSE,1,TV ISCI: RDOR0779000H,null,2025-05-22 14:06:10,FALSE,FALSE,Answers372250,FALSE
743,2025-11-04 14:06:23,FALSE,FALSE,FALSE,-1,null,(1=1) and (Q268=5),-1,2025-10-30 9:18:09,21583725,null,373075,0,FALSE,FALSE,FALSE,267,null,FALSE,FALSE,TRUE,Employment Status,FALSE,FALSE,1,Employment Status: Retired,null,2024-12-05 9:23:50,FALSE,FALSE,Answers373075,FALSE
178,2025-11-04 14:06:23,TRUE,FALSE,FALSE,-1,null,"((
 exists (
	select 1 from dbo.bannerexposure with (nolock) where  bannerexposure.respondentid = answers374821.id and bannerexposure.surveyid = 374821 and bannerexposure.bannerid  in 
		(
			select cast(element as int) from surveyfiltergroupelements with(nolock) where typeid = 1 and filtergroupid in (727273)
		)
	)
 or 
 exists (
	select 1 from dbo.creativeexposure with (nolock) where  creativeexposure.respondentid = answers374821.id and creativeexposure.surveyid = 374821 and creativeexposure.creativeid  in 
		(
			select element from surveyfiltergroupelements with(nolock) where typeid = 2 and filtergroupid in (727273)
		)
	)
 or 
 exists (
	select 1 from dbo.placementexposure with (nolock) where  placementexposure.respondentid = answers374821.id and placementexposure.surveyid = 374821 and placementexposure.placementid  in 
		(
			select element from surveyfiltergroupelements with(nolock) where typeid = 3 and filtergroupid in (727273)
		)
	)
))",-1,2025-10-30 10:38:16,24969044,null,374821,0,FALSE,TRUE,FALSE,0,null,FALSE,FALSE,TRUE,Creative,FALSE,FALSE,1,Creative:  Size/Length - 160x600,null,2025-10-28 12:45:48,FALSE,FALSE,Answers374821,FALSE
454,2025-11-04 14:06:23,FALSE,FALSE,FALSE,-1,null,"(substring(Q250_11,2,1)='2')",-1,2025-06-11 11:20:00,21081577,null,372250,0,FALSE,FALSE,FALSE,3902,null,FALSE,FALSE,TRUE,Delivery Use - Used an app/website for on-demand or same day delivery,FALSE,FALSE,0,Delivery Use - Used an app/website for on-demand or same day delivery: Pet Supplies,null,2025-05-15 18:03:57,FALSE,FALSE,Answers372250,FALSE
40,2025-11-04 14:06:23,TRUE,FALSE,FALSE,-1,null,"((
 exists (
	select 1 from dbo.bannerexposure with (nolock) where  bannerexposure.respondentid = answers374821.id and bannerexposure.surveyid = 374821 and bannerexposure.bannerid  in 
		(
			select cast(element as int) from surveyfiltergroupelements with(nolock) where typeid = 1 and filtergroupid in (727358)
		)
	)
 or 
 exists (
	select 1 from dbo.creativeexposure with (nolock) where  creativeexposure.respondentid = answers374821.id and creativeexposure.surveyid = 374821 and creativeexposure.creativeid  in 
		(
			select element from surveyfiltergroupelements with(nolock) where typeid = 2 and filtergroupid in (727358)
		)
	)
 or 
 exists (
	select 1 from dbo.placementexposure with (nolock) where  placementexposure.respondentid = answers374821.id and placementexposure.surveyid = 374821 and placementexposure.placementid  in 
		(
			select element from surveyfiltergroupelements with(nolock) where typeid = 3 and filtergroupid in (727358)
		)
	)
))",-1,2025-10-30 10:36:56,24968904,null,374821,0,FALSE,TRUE,FALSE,962,null,FALSE,FALSE,TRUE,Creative,FALSE,FALSE,1,Creative:  Creative Publisher - Meta,null,2025-10-28 12:45:15,FALSE,FALSE,Answers374821,FALSE
812,2025-11-04 14:06:23,FALSE,FALSE,FALSE,-1,null,(Q264_2 in (3)),-1,2025-10-30 9:18:12,21587573,null,373075,0,FALSE,FALSE,FALSE,807,null,FALSE,FALSE,TRUE,Past Brand Recency - Uber Eats,FALSE,FALSE,1,Past Brand Recency - Uber Eats: I did not use in the past 30 days,null,2024-12-05 11:40:05,FALSE,FALSE,Answers373075,FALSE
459,2025-11-04 14:06:23,FALSE,FALSE,FALSE,-1,null,"(substring(Q250_5,4,1)='2')",-1,2025-06-11 11:20:05,21083172,null,372250,0,FALSE,FALSE,FALSE,1814,null,FALSE,FALSE,TRUE,Delivery Use - Used an app/website for pickup,FALSE,FALSE,1,Delivery Use - Used an app/website for pickup: Fresh Food & Produce,null,2025-05-15 18:03:59,FALSE,FALSE,Answers372250,FALSE
154,2025-11-04 14:06:23,TRUE,FALSE,FALSE,-1,null,"((
 exists (
	select 1 from dbo.bannerexposure with (nolock) where  bannerexposure.respondentid = answers374821.id and bannerexposure.surveyid = 374821 and bannerexposure.bannerid  in 
		(
			select cast(element as int) from surveyfiltergroupelements with(nolock) where typeid = 1 and filtergroupid in (727222)
		)
	)
 or 
 exists (
	select 1 from dbo.creativeexposure with (nolock) where  creativeexposure.respondentid = answers374821.id and creativeexposure.surveyid = 374821 and creativeexposure.creativeid  in 
		(
			select element from surveyfiltergroupelements with(nolock) where typeid = 2 and filtergroupid in (727222)
		)
	)
 or 
 exists (
	select 1 from dbo.placementexposure with (nolock) where  placementexposure.respondentid = answers374821.id and placementexposure.surveyid = 374821 and placementexposure.placementid  in 
		(
			select element from surveyfiltergroupelements with(nolock) where typeid = 3 and filtergroupid in (727222)
		)
	)
))",-1,2025-10-30 10:38:05,24969019,null,374821,0,FALSE,TRUE,FALSE,2391,null,FALSE,FALSE,TRUE,Creative,FALSE,FALSE,1,Creative:  Placement Targeting Tactic - Contextual,null,2025-10-28 12:45:46,FALSE,FALSE,Answers374821,FALSE
349,2025-11-04 14:06:23,FALSE,FALSE,FALSE,-1,null,"q4 in (select bannerid from adServerBanners where campaignid=79821 and site=2432) or ID IN (select id from answers374821 cross apply [SQL#].[String_Split4k](Q2, ',', 2) SplitTable cross apply [SQL#].[String_Split4k](SplitTable.SplitVal, '-', 2) bannerid where bannerid.SplitNum = 1 and bannerid.SplitVal in ( select value from dbo.surveyfilterelements WHERE surveyfilterelements.filterid=22175117 and type='in-clause' and surveyfilterelements.question='Q2' ) )",-1,2001-01-01 0:00:00,22175117,null,374821,0,FALSE,FALSE,FALSE,null,null,FALSE,FALSE,FALSE,Site All Hits,FALSE,FALSE,0,Site All Hits: Pandora Mobile (US),null,2025-10-30 18:02:10,FALSE,FALSE,Answers374821,FALSE
146,2025-11-04 14:06:23,TRUE,FALSE,FALSE,-1,null,"((
 exists (
	select 1 from dbo.bannerexposure with (nolock) where  bannerexposure.respondentid = answers374821.id and bannerexposure.surveyid = 374821 and bannerexposure.bannerid  in 
		(
			select cast(element as int) from surveyfiltergroupelements with(nolock) where typeid = 1 and filtergroupid in (727237)
		)
	)
 or 
 exists (
	select 1 from dbo.creativeexposure with (nolock) where  creativeexposure.respondentid = answers374821.id and creativeexposure.surveyid = 374821 and creativeexposure.creativeid  in 
		(
			select element from surveyfiltergroupelements with(nolock) where typeid = 2 and filtergroupid in (727237)
		)
	)
 or 
 exists (
	select 1 from dbo.placementexposure with (nolock) where  placementexposure.respondentid = answers374821.id and placementexposure.surveyid = 374821 and placementexposure.placementid  in 
		(
			select element from surveyfiltergroupelements with(nolock) where typeid = 3 and filtergroupid in (727237)
		)
	)
))",-1,2025-10-30 10:37:55,24969011,null,374821,0,FALSE,TRUE,FALSE,1724,null,FALSE,FALSE,TRUE,Creative,FALSE,FALSE,1,Creative:  Placement Targeting Tactic - 2P Conquesting,null,2025-10-28 12:45:45,FALSE,FALSE,Answers374821,FALSE
747,2025-11-04 14:06:23,FALSE,FALSE,FALSE,-1,null,(1=1) and (Q268=0),-1,2025-10-30 9:18:08,21583720,null,373075,0,FALSE,FALSE,FALSE,3178,null,FALSE,FALSE,TRUE,Employment Status,FALSE,FALSE,1,Employment Status: Work at a full time job (30 hours or more a week),null,2024-12-05 9:23:50,FALSE,FALSE,Answers373075,FALSE
317,2025-11-04 14:06:23,FALSE,FALSE,FALSE,-1,null,q4 in (select bannerid from adServerBanners where campaignid=79821 and site=22777) or (Q2 like '%12441850%' or Q2 like '%12453996%' or Q2 like '%12493789%' or Q2 like '%12593758%' or Q2 like '%12593790%' or Q2 like '%12687820%' or Q2 like '%12687892%'),-1,2001-01-01 0:00:00,25033275,null,374821,0,FALSE,FALSE,FALSE,null,null,FALSE,FALSE,FALSE,Site All Hits,FALSE,FALSE,0,Site All Hits: Amazon CTV (CA),null,2025-10-30 18:02:10,FALSE,FALSE,Answers374821,FALSE
48,2025-11-04 14:06:23,TRUE,FALSE,FALSE,-1,null,"((
 exists (
	select 1 from dbo.bannerexposure with (nolock) where  bannerexposure.respondentid = answers374821.id and bannerexposure.surveyid = 374821 and bannerexposure.bannerid  in 
		(
			select cast(element as int) from surveyfiltergroupelements with(nolock) where typeid = 1 and filtergroupid in (727340)
		)
	)
 or 
 exists (
	select 1 from dbo.creativeexposure with (nolock) where  creativeexposure.respondentid = answers374821.id and creativeexposure.surveyid = 374821 and creativeexposure.creativeid  in 
		(
			select element from surveyfiltergroupelements with(nolock) where typeid = 2 and filtergroupid in (727340)
		)
	)
 or 
 exists (
	select 1 from dbo.placementexposure with (nolock) where  placementexposure.respondentid = answers374821.id and placementexposure.surveyid = 374821 and placementexposure.placementid  in 
		(
			select element from surveyfiltergroupelements with(nolock) where typeid = 3 and filtergroupid in (727340)
		)
	)
))",-1,2025-10-30 10:37:00,24968913,null,374821,0,FALSE,TRUE,FALSE,392,null,FALSE,FALSE,TRUE,Creative,FALSE,FALSE,1,Creative:  Creative Publisher - Pandora Podcast Select (US),null,2025-10-28 12:45:20,FALSE,FALSE,Answers374821,FALSE
449,2025-11-04 14:06:23,FALSE,FALSE,FALSE,-1,null,"(substring(Q250_2,2,1)='2')",-1,2025-06-11 11:19:59,21081572,null,372250,0,FALSE,FALSE,FALSE,7058,null,FALSE,FALSE,TRUE,Delivery Use - Used an app/website for on-demand or same day delivery,FALSE,FALSE,0,Delivery Use - Used an app/website for on-demand or same day delivery: Groceries,null,2025-05-15 18:03:56,FALSE,FALSE,Answers372250,FALSE
669,2025-11-04 14:06:23,TRUE,FALSE,FALSE,-1,null,"(((
 exists (
	select 1 from dbo.bannerexposure with (nolock) where  bannerexposure.respondentid = answers373075.id and bannerexposure.surveyid = 373075 and bannerexposure.bannerid  in 
		(
			select cast(element as int) from surveyfiltergroupelements with(nolock) where typeid = 1 and filtergroupid in (684261)
		)
	)
 or 
 exists (
	select 1 from dbo.creativeexposure with (nolock) where  creativeexposure.respondentid = answers373075.id and creativeexposure.surveyid = 373075 and creativeexposure.creativeid  in 
		(
			select element from surveyfiltergroupelements with(nolock) where typeid = 2 and filtergroupid in (684261)
		)
	)
 or 
 exists (
	select 1 from dbo.placementexposure with (nolock) where  placementexposure.respondentid = answers373075.id and placementexposure.surveyid = 373075 and placementexposure.placementid  in 
		(
			select element from surveyfiltergroupelements with(nolock) where typeid = 3 and filtergroupid in (684261)
		)
	)
)) or ((Q4 in (select value from surveyfilterelements with(nolock) where filterid=24878476 and type='mapctrlbanner'))))",-1,2025-10-30 9:18:02,24878476,null,373075,0,FALSE,TRUE,TRUE,2583,null,FALSE,FALSE,TRUE,Creative,FALSE,FALSE,2,Creative:  Patrice Size/Length - 30s,null,2025-10-23 10:46:45,FALSE,FALSE,Answers373075,FALSE
796,2025-11-04 14:06:23,FALSE,FALSE,FALSE,-1,null,(Q264_4 in (3)),-1,2025-10-30 9:18:10,21587581,null,373075,0,FALSE,FALSE,FALSE,522,null,FALSE,FALSE,TRUE,Past Brand Recency - Amazon,FALSE,FALSE,1,Past Brand Recency - Amazon: I did not use in the past 30 days,null,2024-12-05 11:40:05,FALSE,FALSE,Answers373075,FALSE
523,2025-11-04 14:06:23,FALSE,FALSE,FALSE,-1,null,(Q252_2 in (0)),-1,2025-06-11 11:29:20,21083204,null,372250,0,FALSE,FALSE,FALSE,3938,null,FALSE,FALSE,TRUE,Past Brand Recency - Uber Eats,FALSE,FALSE,1,Past Brand Recency - Uber Eats: Several times a week,null,2025-05-15 18:03:57,FALSE,FALSE,Answers372250,FALSE
333,2025-11-04 14:06:23,FALSE,FALSE,FALSE,-1,null,q4 in (select bannerid from adServerBanners where campaignid=79821 and site=27596) or (Q2 like '%12430986%'),-1,2025-10-30 9:18:14,21968365,null,374821,0,FALSE,FALSE,FALSE,3907,null,FALSE,FALSE,TRUE,Site All Hits,FALSE,FALSE,0,Site All Hits: EyeQ (US),null,2025-08-25 11:38:00,FALSE,FALSE,Answers374821,FALSE
780,2025-11-04 14:06:23,FALSE,FALSE,FALSE,-1,null,(1=1) and (Q267=3),-1,2025-10-30 9:18:09,21583718,null,373075,0,FALSE,FALSE,FALSE,11,null,FALSE,FALSE,TRUE,Gender,FALSE,FALSE,1,Gender: I prefer to self identify,null,2024-12-05 9:23:50,FALSE,FALSE,Answers373075,FALSE
481,2025-11-04 14:06:23,FALSE,FALSE,FALSE,-1,null,"(substring(Q254,1,1)='2')",-1,2025-06-11 11:20:08,21081593,null,372250,0,FALSE,FALSE,FALSE,17865,null,FALSE,FALSE,TRUE,Ethnicity,FALSE,FALSE,0,Ethnicity: White/Caucasian,null,2025-05-15 18:03:59,FALSE,FALSE,Answers372250,FALSE
8,2025-11-04 14:06:23,FALSE,FALSE,FALSE,-1,null,"(1=1) and (substring(Q241,10,1)='2')",-1,2025-10-30 8:43:56,22228359,null,374821,0,FALSE,FALSE,FALSE,3467,null,FALSE,FALSE,TRUE,Activity,FALSE,FALSE,1,Activity: Watched NASCAR,null,2025-02-06 14:26:32,FALSE,FALSE,Answers374821,FALSE
788,2025-11-04 14:06:23,FALSE,FALSE,FALSE,-1,null,(1=1) and (Q255=1),-1,2025-10-30 9:18:09,21583695,null,373075,0,FALSE,FALSE,FALSE,1208,null,FALSE,FALSE,TRUE,Last Delivery,FALSE,FALSE,1,Last Delivery: Within the past 1-2 weeks,null,2024-12-05 9:23:50,FALSE,FALSE,Answers373075,FALSE
38,2025-11-04 14:06:23,TRUE,FALSE,FALSE,-1,null,"((
 exists (
	select 1 from dbo.bannerexposure with (nolock) where  bannerexposure.respondentid = answers374821.id and bannerexposure.surveyid = 374821 and bannerexposure.bannerid  in 
		(
			select cast(element as int) from surveyfiltergroupelements with(nolock) where typeid = 1 and filtergroupid in (727351)
		)
	)
 or 
 exists (
	select 1 from dbo.creativeexposure with (nolock) where  creativeexposure.respondentid = answers374821.id and creativeexposure.surveyid = 374821 and creativeexposure.creativeid  in 
		(
			select element from surveyfiltergroupelements with(nolock) where typeid = 2 and filtergroupid in (727351)
		)
	)
 or 
 exists (
	select 1 from dbo.placementexposure with (nolock) where  placementexposure.respondentid = answers374821.id and placementexposure.surveyid = 374821 and placementexposure.placementid  in 
		(
			select element from surveyfiltergroupelements with(nolock) where typeid = 3 and filtergroupid in (727351)
		)
	)
))",-1,2025-10-30 10:36:56,24968902,null,374821,0,FALSE,TRUE,FALSE,0,null,FALSE,FALSE,TRUE,Creative,FALSE,FALSE,1,"Creative:  Creative Publisher - Learfield Communications, Inc ",null,2025-10-28 12:45:14,FALSE,FALSE,Answers374821,FALSE
30,2025-11-04 14:06:23,TRUE,FALSE,FALSE,-1,null,"((
 exists (
	select 1 from dbo.bannerexposure with (nolock) where  bannerexposure.respondentid = answers374821.id and bannerexposure.surveyid = 374821 and bannerexposure.bannerid  in 
		(
			select cast(element as int) from surveyfiltergroupelements with(nolock) where typeid = 1 and filtergroupid in (727305)
		)
	)
 or 
 exists (
	select 1 from dbo.creativeexposure with (nolock) where  creativeexposure.respondentid = answers374821.id and creativeexposure.surveyid = 374821 and creativeexposure.creativeid  in 
		(
			select element from surveyfiltergroupelements with(nolock) where typeid = 2 and filtergroupid in (727305)
		)
	)
 or 
 exists (
	select 1 from dbo.placementexposure with (nolock) where  placementexposure.respondentid = answers374821.id and placementexposure.surveyid = 374821 and placementexposure.placementid  in 
		(
			select element from surveyfiltergroupelements with(nolock) where typeid = 3 and filtergroupid in (727305)
		)
	)
))",-1,2025-10-30 10:36:58,24968894,null,374821,0,FALSE,TRUE,FALSE,0,null,FALSE,FALSE,TRUE,Creative,FALSE,FALSE,1,Creative:  Creative Publisher - Draft Kings,null,2025-10-28 12:45:10,FALSE,FALSE,Answers374821,FALSE
156,2025-11-04 14:06:23,TRUE,FALSE,FALSE,-1,null,"((
 exists (
	select 1 from dbo.bannerexposure with (nolock) where  bannerexposure.respondentid = answers374821.id and bannerexposure.surveyid = 374821 and bannerexposure.bannerid  in 
		(
			select cast(element as int) from surveyfiltergroupelements with(nolock) where typeid = 1 and filtergroupid in (727367)
		)
	)
 or 
 exists (
	select 1 from dbo.creativeexposure with (nolock) where  creativeexposure.respondentid = answers374821.id and creativeexposure.surveyid = 374821 and creativeexposure.creativeid  in 
		(
			select element from surveyfiltergroupelements with(nolock) where typeid = 2 and filtergroupid in (727367)
		)
	)
 or 
 exists (
	select 1 from dbo.placementexposure with (nolock) where  placementexposure.respondentid = answers374821.id and placementexposure.surveyid = 374821 and placementexposure.placementid  in 
		(
			select element from surveyfiltergroupelements with(nolock) where typeid = 3 and filtergroupid in (727367)
		)
	)
))",-1,2025-10-30 10:38:05,24969021,null,374821,0,FALSE,TRUE,FALSE,366,null,FALSE,FALSE,TRUE,Creative,FALSE,FALSE,1,Creative:  Placement Targeting Tactic - Custom Audience,null,2025-10-28 12:45:46,FALSE,FALSE,Answers374821,FALSE
645,2025-11-04 14:06:23,TRUE,FALSE,FALSE,-1,null,"((
 exists (
	select 1 from dbo.bannerexposure with (nolock) where  bannerexposure.respondentid = answers373075.id and bannerexposure.surveyid = 373075 and bannerexposure.bannerid  in 
		(
			select cast(element as int) from surveyfiltergroupelements with(nolock) where typeid = 1 and filtergroupid in (724330)
		)
	)
 or 
 exists (
	select 1 from dbo.creativeexposure with (nolock) where  creativeexposure.respondentid = answers373075.id and creativeexposure.surveyid = 373075 and creativeexposure.creativeid  in 
		(
			select element from surveyfiltergroupelements with(nolock) where typeid = 2 and filtergroupid in (724330)
		)
	)
 or 
 exists (
	select 1 from dbo.placementexposure with (nolock) where  placementexposure.respondentid = answers373075.id and placementexposure.surveyid = 373075 and placementexposure.placementid  in 
		(
			select element from surveyfiltergroupelements with(nolock) where typeid = 3 and filtergroupid in (724330)
		)
	)
))",-1,2025-10-30 9:18:01,24878437,null,373075,0,FALSE,TRUE,FALSE,0,null,FALSE,FALSE,TRUE,Creative,FALSE,FALSE,1,Creative:  Campaign - DashPass Evergreen,null,2025-10-23 10:45:07,FALSE,FALSE,Answers373075,FALSE
6,2025-11-04 14:06:23,FALSE,FALSE,FALSE,-1,null,"(1=1) and (substring(Q241,7,1)='2')",-1,2025-10-30 8:43:58,22228356,null,374821,0,FALSE,FALSE,FALSE,5297,null,FALSE,FALSE,TRUE,Activity,FALSE,FALSE,1,Activity: Watched MLB,null,2025-02-06 14:26:32,FALSE,FALSE,Answers374821,FALSE
674,2025-11-04 14:06:23,TRUE,FALSE,FALSE,-1,null,"((
 exists (
	select 1 from dbo.bannerexposure with (nolock) where  bannerexposure.respondentid = answers373075.id and bannerexposure.surveyid = 373075 and bannerexposure.bannerid  in 
		(
			select cast(element as int) from surveyfiltergroupelements with(nolock) where typeid = 1 and filtergroupid in (724315)
		)
	)
 or 
 exists (
	select 1 from dbo.creativeexposure with (nolock) where  creativeexposure.respondentid = answers373075.id and creativeexposure.surveyid = 373075 and creativeexposure.creativeid  in 
		(
			select element from surveyfiltergroupelements with(nolock) where typeid = 2 and filtergroupid in (724315)
		)
	)
 or 
 exists (
	select 1 from dbo.placementexposure with (nolock) where  placementexposure.respondentid = answers373075.id and placementexposure.surveyid = 373075 and placementexposure.placementid  in 
		(
			select element from surveyfiltergroupelements with(nolock) where typeid = 3 and filtergroupid in (724315)
		)
	)
))",-1,2025-10-30 9:18:04,24878486,null,373075,0,FALSE,TRUE,FALSE,0,null,FALSE,FALSE,TRUE,Creative,FALSE,FALSE,1,Creative:  Placement Device - TAB,null,2025-10-23 10:47:09,FALSE,FALSE,Answers373075,FALSE
828,2025-11-04 14:06:23,FALSE,FALSE,FALSE,-1,null,(Q4 = '12603703') or (Q2 like '%12603703%'),-1,2025-10-30 9:18:16,25000314,null,373075,0,FALSE,FALSE,FALSE,0,null,FALSE,FALSE,FALSE,Site All Hits,FALSE,FALSE,0,Site All Hits: Amazon (NL),null,2025-10-29 14:12:14,FALSE,FALSE,Answers373075,FALSE
188,2025-11-04 14:06:23,TRUE,FALSE,FALSE,-1,null,"((
 exists (
	select 1 from dbo.bannerexposure with (nolock) where  bannerexposure.respondentid = answers374821.id and bannerexposure.surveyid = 374821 and bannerexposure.bannerid  in 
		(
			select cast(element as int) from surveyfiltergroupelements with(nolock) where typeid = 1 and filtergroupid in (727250)
		)
	)
 or 
 exists (
	select 1 from dbo.creativeexposure with (nolock) where  creativeexposure.respondentid = answers374821.id and creativeexposure.surveyid = 374821 and creativeexposure.creativeid  in 
		(
			select element from surveyfiltergroupelements with(nolock) where typeid = 2 and filtergroupid in (727250)
		)
	)
 or 
 exists (
	select 1 from dbo.placementexposure with (nolock) where  placementexposure.respondentid = answers374821.id and placementexposure.surveyid = 374821 and placementexposure.placementid  in 
		(
			select element from surveyfiltergroupelements with(nolock) where typeid = 3 and filtergroupid in (727250)
		)
	)
))",-1,2025-10-30 10:38:14,24969054,null,374821,0,FALSE,TRUE,FALSE,4882,null,FALSE,FALSE,TRUE,Creative,FALSE,FALSE,1,Creative:  Size/Length - 60s,null,2025-10-28 12:45:50,FALSE,FALSE,Answers374821,FALSE
298,2025-11-04 14:06:23,FALSE,FALSE,FALSE,-1,null,(Q234_3 in (0)),-1,2001-01-01 0:00:00,22236477,null,374821,0,FALSE,FALSE,FALSE,13591,null,FALSE,FALSE,TRUE,Past Brand Usage,FALSE,FALSE,1,Past Brand Usage: Instacart,null,2025-02-07 14:10:52,FALSE,FALSE,Answers374821,FALSE
186,2025-11-04 14:06:23,TRUE,FALSE,FALSE,-1,null,"((
 exists (
	select 1 from dbo.bannerexposure with (nolock) where  bannerexposure.respondentid = answers374821.id and bannerexposure.surveyid = 374821 and bannerexposure.bannerid  in 
		(
			select cast(element as int) from surveyfiltergroupelements with(nolock) where typeid = 1 and filtergroupid in (727216)
		)
	)
 or 
 exists (
	select 1 from dbo.creativeexposure with (nolock) where  creativeexposure.respondentid = answers374821.id and creativeexposure.surveyid = 374821 and creativeexposure.creativeid  in 
		(
			select element from surveyfiltergroupelements with(nolock) where typeid = 2 and filtergroupid in (727216)
		)
	)
 or 
 exists (
	select 1 from dbo.placementexposure with (nolock) where  placementexposure.respondentid = answers374821.id and placementexposure.surveyid = 374821 and placementexposure.placementid  in 
		(
			select element from surveyfiltergroupelements with(nolock) where typeid = 3 and filtergroupid in (727216)
		)
	)
))",-1,2025-10-30 10:38:19,24969052,null,374821,0,FALSE,TRUE,FALSE,1903,null,FALSE,FALSE,TRUE,Creative,FALSE,FALSE,1,Creative:  Size/Length - 320x50,null,2025-10-28 12:45:50,FALSE,FALSE,Answers374821,FALSE
164,2025-11-04 14:06:23,TRUE,FALSE,FALSE,-1,null,"((
 exists (
	select 1 from dbo.bannerexposure with (nolock) where  bannerexposure.respondentid = answers374821.id and bannerexposure.surveyid = 374821 and bannerexposure.bannerid  in 
		(
			select cast(element as int) from surveyfiltergroupelements with(nolock) where typeid = 1 and filtergroupid in (727415)
		)
	)
 or 
 exists (
	select 1 from dbo.creativeexposure with (nolock) where  creativeexposure.respondentid = answers374821.id and creativeexposure.surveyid = 374821 and creativeexposure.creativeid  in 
		(
			select element from surveyfiltergroupelements with(nolock) where typeid = 2 and filtergroupid in (727415)
		)
	)
 or 
 exists (
	select 1 from dbo.placementexposure with (nolock) where  placementexposure.respondentid = answers374821.id and placementexposure.surveyid = 374821 and placementexposure.placementid  in 
		(
			select element from surveyfiltergroupelements with(nolock) where typeid = 3 and filtergroupid in (727415)
		)
	)
))",-1,2025-10-30 10:38:07,24969029,null,374821,0,FALSE,TRUE,FALSE,128,null,FALSE,FALSE,TRUE,Creative,FALSE,FALSE,1,Creative:  Placement Targeting Tactic - YT Demo,null,2025-10-28 12:45:47,FALSE,FALSE,Answers374821,FALSE
331,2025-11-04 14:06:23,FALSE,FALSE,FALSE,-1,null,"q4 in (select bannerid from adServerBanners where campaignid=79821 and site=1587) or ID IN (select id from answers374821 cross apply [SQL#].[String_Split4k](Q2, ',', 2) SplitTable cross apply [SQL#].[String_Split4k](SplitTable.SplitVal, '-', 2) bannerid where bannerid.SplitNum = 1 and bannerid.SplitVal in ( select value from dbo.surveyfilterelements WHERE surveyfilterelements.filterid=21985247 and type='in-clause' and surveyfilterelements.question='Q2' ) )",-1,2001-01-01 0:00:00,21985247,null,374821,0,FALSE,FALSE,FALSE,null,null,FALSE,FALSE,FALSE,Site All Hits,FALSE,FALSE,0,Site All Hits: Disney+ (US),null,2025-10-30 18:02:09,FALSE,FALSE,Answers374821,FALSE
293,2025-11-04 14:06:23,FALSE,FALSE,FALSE,-1,null,(Q235_2 in (1)),-1,2001-01-01 0:00:00,22228318,null,374821,0,FALSE,FALSE,FALSE,4296,null,FALSE,FALSE,TRUE,Past Brand Recency - Uber Eats,FALSE,FALSE,1,Past Brand Recency - Uber Eats: Once a week,null,2025-02-06 14:26:32,FALSE,FALSE,Answers374821,FALSE
661,2025-11-04 14:06:23,TRUE,FALSE,FALSE,-1,null,"(((
 exists (
	select 1 from dbo.bannerexposure with (nolock) where  bannerexposure.respondentid = answers373075.id and bannerexposure.surveyid = 373075 and bannerexposure.bannerid  in 
		(
			select cast(element as int) from surveyfiltergroupelements with(nolock) where typeid = 1 and filtergroupid in (724318)
		)
	)
 or 
 exists (
	select 1 from dbo.creativeexposure with (nolock) where  creativeexposure.respondentid = answers373075.id and creativeexposure.surveyid = 373075 and creativeexposure.creativeid  in 
		(
			select element from surveyfiltergroupelements with(nolock) where typeid = 2 and filtergroupid in (724318)
		)
	)
 or 
 exists (
	select 1 from dbo.placementexposure with (nolock) where  placementexposure.respondentid = answers373075.id and placementexposure.surveyid = 373075 and placementexposure.placementid  in 
		(
			select element from surveyfiltergroupelements with(nolock) where typeid = 3 and filtergroupid in (724318)
		)
	)
)) or ((Q4 in (select value from surveyfilterelements with(nolock) where filterid=24878455 and type='mapctrlbanner'))))",-1,2025-10-30 9:18:02,24878455,null,373075,0,FALSE,TRUE,TRUE,1123,null,FALSE,FALSE,TRUE,Creative,FALSE,FALSE,2,Creative:  Format - Pause Ad,null,2025-10-23 10:46:11,FALSE,FALSE,Answers373075,FALSE
323,2025-11-04 14:06:23,FALSE,FALSE,FALSE,-1,null,q4 in (select bannerid from adServerBanners where campaignid=79821 and site=24254) or (Q2 like '%12594107%' or Q2 like '%12693135%'),-1,2001-01-01 0:00:00,25033349,null,374821,0,FALSE,FALSE,FALSE,null,null,FALSE,FALSE,FALSE,Site All Hits,FALSE,FALSE,0,Site All Hits: Amazon Mobile (MX),null,2025-10-30 18:02:11,FALSE,FALSE,Answers374821,FALSE
321,2025-11-04 14:06:23,FALSE,FALSE,FALSE,-1,null,q4 in (select bannerid from adServerBanners where campaignid=79821 and site=19514) or (Q2 like '%12441847%' or Q2 like '%12453993%' or Q2 like '%12504834%' or Q2 like '%12593755%' or Q2 like '%12593936%' or Q2 like '%12687819%' or Q2 like '%12687891%'),-1,2001-01-01 0:00:00,25033268,null,374821,0,FALSE,FALSE,FALSE,null,null,FALSE,FALSE,FALSE,Site All Hits,FALSE,FALSE,0,Site All Hits: Amazon Mobile (CA),null,2025-10-30 18:02:10,FALSE,FALSE,Answers374821,FALSE
738,2025-11-04 14:06:23,FALSE,FALSE,FALSE,-1,null,"(1=1) and (substring(Q257,4,1)='2')",-1,2025-10-30 9:18:05,21583710,null,373075,0,FALSE,FALSE,FALSE,2747,null,FALSE,FALSE,TRUE,Delivery Item,FALSE,FALSE,1,"Delivery Item: Health &amp; Medicine (e.g., cold &amp; cough, first aid, nutritional supplements, home tests, family planning, etc.)",null,2024-12-05 9:23:50,FALSE,FALSE,Answers373075,FALSE
653,2025-11-04 14:06:23,TRUE,FALSE,FALSE,-1,null,"((
 exists (
	select 1 from dbo.bannerexposure with (nolock) where  bannerexposure.respondentid = answers373075.id and bannerexposure.surveyid = 373075 and bannerexposure.bannerid  in 
		(
			select cast(element as int) from surveyfiltergroupelements with(nolock) where typeid = 1 and filtergroupid in (724364)
		)
	)
 or 
 exists (
	select 1 from dbo.creativeexposure with (nolock) where  creativeexposure.respondentid = answers373075.id and creativeexposure.surveyid = 373075 and creativeexposure.creativeid  in 
		(
			select element from surveyfiltergroupelements with(nolock) where typeid = 2 and filtergroupid in (724364)
		)
	)
 or 
 exists (
	select 1 from dbo.placementexposure with (nolock) where  placementexposure.respondentid = answers373075.id and placementexposure.surveyid = 373075 and placementexposure.placementid  in 
		(
			select element from surveyfiltergroupelements with(nolock) where typeid = 3 and filtergroupid in (724364)
		)
	)
))",-1,2025-10-30 9:18:01,24878447,null,373075,0,FALSE,TRUE,FALSE,0,null,FALSE,FALSE,TRUE,Creative,FALSE,FALSE,1,Creative:  Campaign - New CX,null,2025-10-23 10:45:37,FALSE,FALSE,Answers373075,FALSE
169,2025-11-04 14:06:23,TRUE,FALSE,FALSE,-1,null,"((
 exists (
	select 1 from dbo.bannerexposure with (nolock) where  bannerexposure.respondentid = answers374821.id and bannerexposure.surveyid = 374821 and bannerexposure.bannerid  in 
		(
			select cast(element as int) from surveyfiltergroupelements with(nolock) where typeid = 1 and filtergroupid in (727366)
		)
	)
 or 
 exists (
	select 1 from dbo.creativeexposure with (nolock) where  creativeexposure.respondentid = answers374821.id and creativeexposure.surveyid = 374821 and creativeexposure.creativeid  in 
		(
			select element from surveyfiltergroupelements with(nolock) where typeid = 2 and filtergroupid in (727366)
		)
	)
 or 
 exists (
	select 1 from dbo.placementexposure with (nolock) where  placementexposure.respondentid = answers374821.id and placementexposure.surveyid = 374821 and placementexposure.placementid  in 
		(
			select element from surveyfiltergroupelements with(nolock) where typeid = 3 and filtergroupid in (727366)
		)
	)
))",-1,2025-10-30 10:38:10,24969035,null,374821,0,FALSE,TRUE,FALSE,306,null,FALSE,FALSE,TRUE,Creative,FALSE,FALSE,1,Creative:  Size/Length - :15 - :60s,null,2025-10-28 12:45:47,FALSE,FALSE,Answers374821,FALSE
641,2025-11-04 14:06:23,FALSE,FALSE,FALSE,-1,null,"(1=1) and (substring(Q269,4,1)='2')",-1,2025-10-30 9:18:00,21583730,null,373075,0,FALSE,FALSE,FALSE,2225,null,FALSE,FALSE,TRUE,Children in HH,FALSE,FALSE,1,Children in HH: No,null,2024-12-05 9:23:50,FALSE,FALSE,Answers373075,FALSE
125,2025-11-04 14:06:23,TRUE,FALSE,FALSE,-1,null,"((
 exists (
	select 1 from dbo.bannerexposure with (nolock) where  bannerexposure.respondentid = answers374821.id and bannerexposure.surveyid = 374821 and bannerexposure.bannerid  in 
		(
			select cast(element as int) from surveyfiltergroupelements with(nolock) where typeid = 1 and filtergroupid in (727411)
		)
	)
 or 
 exists (
	select 1 from dbo.creativeexposure with (nolock) where  creativeexposure.respondentid = answers374821.id and creativeexposure.surveyid = 374821 and creativeexposure.creativeid  in 
		(
			select element from surveyfiltergroupelements with(nolock) where typeid = 2 and filtergroupid in (727411)
		)
	)
 or 
 exists (
	select 1 from dbo.placementexposure with (nolock) where  placementexposure.respondentid = answers374821.id and placementexposure.surveyid = 374821 and placementexposure.placementid  in 
		(
			select element from surveyfiltergroupelements with(nolock) where typeid = 3 and filtergroupid in (727411)
		)
	)
))",-1,2025-10-30 10:37:47,24968990,null,374821,0,FALSE,TRUE,FALSE,0,null,FALSE,FALSE,TRUE,Creative,FALSE,FALSE,1,Creative:  Placement Publisher - RTS.gg,null,2025-10-28 12:45:42,FALSE,FALSE,Answers374821,FALSE
493,2025-11-04 14:06:23,FALSE,FALSE,FALSE,-1,null,(Q253=0),-1,2025-06-11 11:21:43,21081602,null,372250,0,FALSE,FALSE,FALSE,10919,null,FALSE,FALSE,TRUE,Gender,FALSE,FALSE,0,Gender: Male,null,2025-05-15 18:03:57,FALSE,FALSE,Answers372250,FALSE
25,2025-11-04 14:06:23,TRUE,FALSE,FALSE,-1,null,"((
 exists (
	select 1 from dbo.bannerexposure with (nolock) where  bannerexposure.respondentid = answers374821.id and bannerexposure.surveyid = 374821 and bannerexposure.bannerid  in 
		(
			select cast(element as int) from surveyfiltergroupelements with(nolock) where typeid = 1 and filtergroupid in (727357)
		)
	)
 or 
 exists (
	select 1 from dbo.creativeexposure with (nolock) where  creativeexposure.respondentid = answers374821.id and creativeexposure.surveyid = 374821 and creativeexposure.creativeid  in 
		(
			select element from surveyfiltergroupelements with(nolock) where typeid = 2 and filtergroupid in (727357)
		)
	)
 or 
 exists (
	select 1 from dbo.placementexposure with (nolock) where  placementexposure.respondentid = answers374821.id and placementexposure.surveyid = 374821 and placementexposure.placementid  in 
		(
			select element from surveyfiltergroupelements with(nolock) where typeid = 3 and filtergroupid in (727357)
		)
	)
))",-1,2025-10-30 10:36:50,24968888,null,374821,0,FALSE,TRUE,FALSE,49,null,FALSE,FALSE,TRUE,Creative,FALSE,FALSE,1,Creative:  Creative Publisher - Amazon CTV (US),null,2025-10-28 12:45:08,FALSE,FALSE,Answers374821,FALSE
527,2025-11-04 14:06:23,FALSE,FALSE,FALSE,-1,null,(Q251_3 in (0)),-1,2025-06-11 11:29:21,21081619,null,372250,0,FALSE,FALSE,FALSE,12305,null,FALSE,FALSE,TRUE,Past Brand Usage,FALSE,FALSE,0,Past Brand Usage: Instacart,null,2025-05-15 18:03:55,FALSE,FALSE,Answers372250,FALSE
816,2025-11-04 14:06:23,FALSE,FALSE,FALSE,-1,null,(Q261_4 in (1)),-1,2025-10-30 9:18:12,21587528,null,373075,0,FALSE,FALSE,FALSE,3604,null,FALSE,FALSE,TRUE,Past Brand Usage - Have Tried,FALSE,FALSE,1,Past Brand Usage - Have Tried: Amazon,null,2024-12-05 11:33:29,FALSE,FALSE,Answers373075,FALSE
117,2025-11-04 14:06:23,TRUE,FALSE,FALSE,-1,null,"((
 exists (
	select 1 from dbo.bannerexposure with (nolock) where  bannerexposure.respondentid = answers374821.id and bannerexposure.surveyid = 374821 and bannerexposure.bannerid  in 
		(
			select cast(element as int) from surveyfiltergroupelements with(nolock) where typeid = 1 and filtergroupid in (727402)
		)
	)
 or 
 exists (
	select 1 from dbo.creativeexposure with (nolock) where  creativeexposure.respondentid = answers374821.id and creativeexposure.surveyid = 374821 and creativeexposure.creativeid  in 
		(
			select element from surveyfiltergroupelements with(nolock) where typeid = 2 and filtergroupid in (727402)
		)
	)
 or 
 exists (
	select 1 from dbo.placementexposure with (nolock) where  placementexposure.respondentid = answers374821.id and placementexposure.surveyid = 374821 and placementexposure.placementid  in 
		(
			select element from surveyfiltergroupelements with(nolock) where typeid = 3 and filtergroupid in (727402)
		)
	)
))",-1,2025-10-30 10:37:43,24968982,null,374821,0,FALSE,TRUE,FALSE,83,null,FALSE,FALSE,TRUE,Creative,FALSE,FALSE,1,Creative:  Placement Publisher - Pandora Mobile (US),null,2025-10-28 12:45:41,FALSE,FALSE,Answers374821,FALSE
760,2025-11-04 14:06:23,FALSE,FALSE,FALSE,-1,null,Q3=1,-1,2025-10-30 9:18:09,21361289,null,373075,0,FALSE,FALSE,FALSE,377,null,FALSE,FALSE,TRUE,"Frequency (1, 2-3, 4-9, 10+)",FALSE,FALSE,2,"Frequency (1, 2-3, 4-9, 10+): 1",null,2024-11-21 15:19:49,FALSE,FALSE,Answers373075,FALSE
485,2025-11-04 14:06:23,FALSE,FALSE,FALSE,-1,null,. . 21081598 . OR . . 21081595 .,-1,2025-06-11 11:21:42,23389176,null,372250,0,FALSE,FALSE,FALSE,3519,null,TRUE,FALSE,TRUE,Gamer (Grouped),FALSE,FALSE,1,"Gamer (Grouped): More than 7 hours, but less than 21 hours",null,2025-05-28 12:49:18,FALSE,FALSE,Answers372250,FALSE
538,2025-11-04 14:06:23,FALSE,FALSE,FALSE,-1,null,"q4 in (select bannerid from adServerBanners where campaignid=72361 and site=2142) or ID IN (select id from answers372250 cross apply [SQL#].[String_Split4k](Q2, ',', 2) SplitTable cross apply [SQL#].[String_Split4k](SplitTable.SplitVal, '-', 2) bannerid where bannerid.SplitNum = 1 and bannerid.SplitVal in ( select value from dbo.surveyfilterelements WHERE surveyfilterelements.filterid=20870652 and type='in-clause' and surveyfilterelements.question='Q2' ) )",-1,2001-01-01 0:00:00,20870652,null,372250,0,FALSE,FALSE,FALSE,null,null,FALSE,FALSE,FALSE,Site All Hits,FALSE,FALSE,0,Site All Hits: Bleacher Report (US),null,2025-10-18 22:12:07,FALSE,FALSE,Answers372250,FALSE
806,2025-11-04 14:06:23,FALSE,FALSE,FALSE,-1,null,(Q264_5 in (1)),-1,2025-10-30 9:18:11,21587583,null,373075,0,FALSE,FALSE,FALSE,473,null,FALSE,FALSE,TRUE,Past Brand Recency - Grubhub,FALSE,FALSE,1,Past Brand Recency - Grubhub: Once a week,null,2024-12-05 11:40:05,FALSE,FALSE,Answers373075,FALSE
583,2025-11-04 14:06:23,FALSE,FALSE,FALSE,-1,null,"(1=1) and (substring(Q259,3,1)='2')",-1,2025-06-05 11:44:42,23445333,null,372250,0,FALSE,FALSE,FALSE,8887,null,FALSE,FALSE,TRUE,Sports Fan,FALSE,FALSE,1,Sports Fan: Baseball (MLB),null,2025-06-05 11:44:12,FALSE,FALSE,Answers372250,FALSE
836,2025-11-04 14:06:23,FALSE,FALSE,FALSE,-1,null,(Q4 = '12594675') or (Q2 like '%12594675%'),-1,2025-10-30 9:18:15,25000308,null,373075,0,FALSE,FALSE,FALSE,0,null,FALSE,FALSE,FALSE,Site All Hits,FALSE,FALSE,0,Site All Hits: Amazon CTV (IN),null,2025-10-29 14:12:14,FALSE,FALSE,Answers373075,FALSE
616,2025-11-04 14:06:23,FALSE,TRUE,FALSE,-1,null,(Q758>0) OR (Q264=0),-1,2025-09-05 15:51:45,23363466,null,372250,0,FALSE,FALSE,FALSE,9885,null,FALSE,FALSE,TRUE,TV ISCI,FALSE,FALSE,1,TV ISCI: RDOR0766000H,null,2025-05-22 14:06:10,FALSE,FALSE,Answers372250,FALSE
784,2025-11-04 14:06:23,FALSE,FALSE,FALSE,-1,null,(1=1) and (Q157=0),-1,2025-10-30 9:18:09,21583684,null,373075,0,FALSE,FALSE,FALSE,4549,null,FALSE,FALSE,TRUE,Language,FALSE,FALSE,1,Language: English /Inglés,null,2024-12-05 9:23:50,FALSE,FALSE,Answers373075,FALSE
591,2025-11-04 14:06:23,FALSE,FALSE,FALSE,-1,null,(1=1) and (Q261=3),-1,2025-06-11 11:29:38,23445344,null,372250,0,FALSE,FALSE,FALSE,5563,null,FALSE,FALSE,TRUE,Super Bowl Viewing Recency,FALSE,FALSE,1,Super Bowl Viewing Recency: Past 30+ days,null,2025-06-05 11:44:12,FALSE,FALSE,Answers372250,FALSE
535,2025-11-04 14:06:23,FALSE,FALSE,FALSE,-1,null,"q4 in (select bannerid from adServerBanners where campaignid=72361 and site=3160) or ID IN (select id from answers372250 cross apply [SQL#].[String_Split4k](Q2, ',', 2) SplitTable cross apply [SQL#].[String_Split4k](SplitTable.SplitVal, '-', 2) bannerid where bannerid.SplitNum = 1 and bannerid.SplitVal in ( select value from dbo.surveyfilterelements WHERE surveyfilterelements.filterid=20870727 and type='in-clause' and surveyfilterelements.question='Q2' ) )",-1,2001-01-01 0:00:00,20870727,null,372250,0,FALSE,FALSE,FALSE,null,null,FALSE,FALSE,FALSE,Site All Hits,FALSE,FALSE,0,Site All Hits: Apartment Therapy (US),null,2025-10-18 22:12:08,FALSE,FALSE,Answers372250,FALSE
755,2025-11-04 14:06:23,FALSE,FALSE,FALSE,-1,null,"(1=1) and (substring(Q180,1,1)='2')",-1,2025-10-30 9:18:09,21583686,null,373075,0,FALSE,FALSE,FALSE,1964,null,FALSE,FALSE,TRUE,Ethnicity,FALSE,FALSE,1,Ethnicity: White/Caucasian,null,2024-12-05 9:23:50,FALSE,FALSE,Answers373075,FALSE
457,2025-11-04 14:06:23,FALSE,FALSE,FALSE,-1,null,"(substring(Q250_10,4,1)='2')",-1,2025-06-11 11:20:04,21083170,null,372250,0,FALSE,FALSE,FALSE,697,null,FALSE,FALSE,TRUE,Delivery Use - Used an app/website for pickup,FALSE,FALSE,1,Delivery Use - Used an app/website for pickup: Baby Supplies,null,2025-05-15 18:03:59,FALSE,FALSE,Answers372250,FALSE
353,2025-11-04 14:06:23,FALSE,FALSE,FALSE,-1,null,"q4 in (select bannerid from adServerBanners where campaignid=79821 and site=18518) or ID IN (select id from answers374821 cross apply [SQL#].[String_Split4k](Q2, ',', 2) SplitTable cross apply [SQL#].[String_Split4k](SplitTable.SplitVal, '-', 2) bannerid where bannerid.SplitNum = 1 and bannerid.SplitVal in ( select value from dbo.surveyfilterelements WHERE surveyfilterelements.filterid=21967686 and type='in-clause' and surveyfilterelements.question='Q2' ) )",-1,2001-01-01 0:00:00,21967686,null,374821,0,FALSE,FALSE,FALSE,null,null,FALSE,FALSE,FALSE,Site All Hits,FALSE,FALSE,0,Site All Hits: Raptive (fka CafeMedia)(US),null,2025-10-30 18:02:09,FALSE,FALSE,Answers374821,FALSE
546,2025-11-04 14:06:23,FALSE,FALSE,FALSE,-1,null,q4 in (select bannerid from adServerBanners where campaignid=72361 and site=27596) or (Q2 like '%12037379%'),-1,2025-09-17 12:02:10,20870673,null,372250,0,FALSE,FALSE,FALSE,3797,null,FALSE,FALSE,FALSE,Site All Hits,FALSE,FALSE,0,Site All Hits: EyeQ (US),null,2024-10-23 9:54:51,FALSE,FALSE,Answers372250,FALSE
301,2025-11-04 14:06:23,FALSE,FALSE,FALSE,-1,null,"(Q188_1 in (0, 1))",-1,2001-01-01 0:00:00,22433050,null,374821,0,FALSE,FALSE,FALSE,14623,null,FALSE,FALSE,TRUE,Segment,FALSE,FALSE,1,Segment: Consideration (Top 2 Box),null,2025-03-20 12:46:28,FALSE,FALSE,Answers374821,FALSE
515,2025-11-04 14:06:23,FALSE,FALSE,FALSE,-1,null,(Q252_5 in (0)),-1,2025-06-11 11:29:20,21083216,null,372250,0,FALSE,FALSE,FALSE,2890,null,FALSE,FALSE,TRUE,Past Brand Recency - Grubhub,FALSE,FALSE,1,Past Brand Recency - Grubhub: Several times a week,null,2025-05-15 18:03:58,FALSE,FALSE,Answers372250,FALSE
445,2025-11-04 14:06:23,FALSE,FALSE,FALSE,-1,null,"(substring(Q250_6,2,1)='2')",-1,2025-06-11 11:20:07,21081568,null,372250,0,FALSE,FALSE,FALSE,3663,null,FALSE,FALSE,TRUE,Delivery Use - Used an app/website for on-demand or same day delivery,FALSE,FALSE,0,Delivery Use - Used an app/website for on-demand or same day delivery: Alcoholic Beverages,null,2025-05-15 18:03:57,FALSE,FALSE,Answers372250,FALSE
651,2025-11-04 14:06:23,TRUE,FALSE,FALSE,-1,null,"((
 exists (
	select 1 from dbo.bannerexposure with (nolock) where  bannerexposure.respondentid = answers373075.id and bannerexposure.surveyid = 373075 and bannerexposure.bannerid  in 
		(
			select cast(element as int) from surveyfiltergroupelements with(nolock) where typeid = 1 and filtergroupid in (724362)
		)
	)
 or 
 exists (
	select 1 from dbo.creativeexposure with (nolock) where  creativeexposure.respondentid = answers373075.id and creativeexposure.surveyid = 373075 and creativeexposure.creativeid  in 
		(
			select element from surveyfiltergroupelements with(nolock) where typeid = 2 and filtergroupid in (724362)
		)
	)
 or 
 exists (
	select 1 from dbo.placementexposure with (nolock) where  placementexposure.respondentid = answers373075.id and placementexposure.surveyid = 373075 and placementexposure.placementid  in 
		(
			select element from surveyfiltergroupelements with(nolock) where typeid = 3 and filtergroupid in (724362)
		)
	)
))",-1,2025-10-30 9:18:01,24878445,null,373075,0,FALSE,TRUE,FALSE,0,null,FALSE,FALSE,TRUE,Creative,FALSE,FALSE,1,Creative:  Campaign - Incremental,null,2025-10-23 10:45:30,FALSE,FALSE,Answers373075,FALSE
473,2025-11-04 14:06:23,FALSE,FALSE,FALSE,-1,null,(Q255=1),-1,2025-06-11 11:20:11,21081585,null,372250,0,FALSE,FALSE,FALSE,2591,null,FALSE,FALSE,TRUE,Employment Status,FALSE,FALSE,0,Employment Status: Work at a part time job (less than 30 hours a week),null,2025-05-15 18:03:57,FALSE,FALSE,Answers372250,FALSE
727,2025-11-04 14:06:23,FALSE,FALSE,FALSE,-1,null,(Q194_1 in (0)),-1,2025-10-30 9:18:05,21594963,null,373075,0,FALSE,FALSE,TRUE,1444,null,FALSE,FALSE,TRUE,DashPass Use,FALSE,FALSE,1,DashPass Use: Use it now,null,2024-12-05 18:32:57,FALSE,FALSE,Answers373075,FALSE
421,2025-11-04 14:06:23,FALSE,FALSE,FALSE,-1,null,"(substring(Q248,2,1)='2')",-1,2025-06-11 11:15:42,21081555,null,372250,0,FALSE,FALSE,FALSE,17811,null,FALSE,FALSE,TRUE,Delivery Category,FALSE,FALSE,0,"Delivery Category: Groceries (e.g., dairy, eggs, produce, meat, bread, snacks, pasta, etc.)",null,2025-05-15 18:03:56,FALSE,FALSE,Answers372250,FALSE
774,2025-11-04 14:06:23,FALSE,FALSE,FALSE,-1,null,(Q3= 5),-1,2025-10-30 9:18:09,21361303,null,373075,0,FALSE,FALSE,FALSE,120,null,FALSE,FALSE,TRUE,Frequency,FALSE,FALSE,2,Frequency: 5,null,2024-11-21 15:19:49,FALSE,FALSE,Answers373075,FALSE
632,2025-11-04 14:06:23,FALSE,FALSE,FALSE,-1,null,(Q164 BETWEEN 45 AND 54),-1,2025-10-30 9:17:59,21588899,null,373075,0,FALSE,FALSE,FALSE,692,null,FALSE,FALSE,TRUE,Age (Grouped),FALSE,FALSE,1,Age (Grouped): 45-54,null,2025-07-25 10:29:02,FALSE,FALSE,Answers373075,FALSE
730,2025-11-04 14:06:23,FALSE,FALSE,FALSE,-1,null,"(1=1) and (substring(Q256,4,1)='2')",-1,2025-10-30 9:18:05,21583705,null,373075,0,FALSE,FALSE,FALSE,3136,null,FALSE,FALSE,TRUE,Delivery Category,FALSE,FALSE,1,"Delivery Category: Household Essentials (e.g., paper towels, toilet paper, cleaning supplies, organizers, etc.)",null,2024-12-05 9:23:50,FALSE,FALSE,Answers373075,FALSE
522,2025-11-04 14:06:23,FALSE,FALSE,FALSE,-1,null,(Q252_2 in (1)),-1,2025-06-11 11:29:20,21083205,null,372250,0,FALSE,FALSE,FALSE,3990,null,FALSE,FALSE,TRUE,Past Brand Recency - Uber Eats,FALSE,FALSE,1,Past Brand Recency - Uber Eats: Once a week,null,2025-05-15 18:03:57,FALSE,FALSE,Answers372250,FALSE
1,2025-11-04 14:06:23,FALSE,FALSE,FALSE,-1,null,"(1=1) and (substring(Q241,13,1)='2')",-1,2025-10-30 8:43:57,22228362,null,374821,0,FALSE,FALSE,FALSE,1731,null,FALSE,FALSE,TRUE,Activity,FALSE,FALSE,1,Activity: None of the above,null,2025-02-06 14:26:32,FALSE,FALSE,Answers374821,FALSE
467,2025-11-04 14:06:23,FALSE,FALSE,FALSE,-1,null,(Q255=6),-1,2025-06-11 11:20:08,21081579,null,372250,0,FALSE,FALSE,FALSE,1717,null,FALSE,FALSE,TRUE,Employment Status,FALSE,FALSE,0,Employment Status: None of the above,null,2025-05-15 18:03:57,FALSE,FALSE,Answers372250,FALSE
735,2025-11-04 14:06:23,FALSE,FALSE,FALSE,-1,null,"(1=1) and (substring(Q257,6,1)='2')",-1,2025-10-30 9:18:05,21583712,null,373075,0,FALSE,FALSE,FALSE,1432,null,FALSE,FALSE,TRUE,Delivery Item,FALSE,FALSE,1,"Delivery Item: Baby Supplies (e.g., diapers, baby food, baby clothes, etc.)",null,2024-12-05 9:23:50,FALSE,FALSE,Answers373075,FALSE
101,2025-11-04 14:06:23,TRUE,FALSE,FALSE,-1,null,"((
 exists (
	select 1 from dbo.bannerexposure with (nolock) where  bannerexposure.respondentid = answers374821.id and bannerexposure.surveyid = 374821 and bannerexposure.bannerid  in 
		(
			select cast(element as int) from surveyfiltergroupelements with(nolock) where typeid = 1 and filtergroupid in (727293)
		)
	)
 or 
 exists (
	select 1 from dbo.creativeexposure with (nolock) where  creativeexposure.respondentid = answers374821.id and creativeexposure.surveyid = 374821 and creativeexposure.creativeid  in 
		(
			select element from surveyfiltergroupelements with(nolock) where typeid = 2 and filtergroupid in (727293)
		)
	)
 or 
 exists (
	select 1 from dbo.placementexposure with (nolock) where  placementexposure.respondentid = answers374821.id and placementexposure.surveyid = 374821 and placementexposure.placementid  in 
		(
			select element from surveyfiltergroupelements with(nolock) where typeid = 3 and filtergroupid in (727293)
		)
	)
))",-1,2025-10-30 10:37:34,24968966,null,374821,0,FALSE,TRUE,FALSE,328,null,FALSE,FALSE,TRUE,Creative,FALSE,FALSE,1,Creative:  Placement Publisher - Katz (US),null,2025-10-28 12:45:38,FALSE,FALSE,Answers374821,FALSE
294,2025-11-04 14:06:23,FALSE,FALSE,FALSE,-1,null,(Q235_2 in (0)),-1,2001-01-01 0:00:00,22228317,null,374821,0,FALSE,FALSE,FALSE,4469,null,FALSE,FALSE,TRUE,Past Brand Recency - Uber Eats,FALSE,FALSE,1,Past Brand Recency - Uber Eats: Several times a week,null,2025-02-06 14:26:32,FALSE,FALSE,Answers374821,FALSE
501,2025-11-04 14:06:23,FALSE,FALSE,FALSE,-1,null,(Q247=4),-1,2025-06-11 11:21:44,21081610,null,372250,0,FALSE,FALSE,FALSE,882,null,FALSE,FALSE,TRUE,Last Delivery,FALSE,FALSE,0,Last Delivery: Within the past 3-6 months,null,2025-05-15 18:03:56,FALSE,FALSE,Answers372250,FALSE
714,2025-11-04 14:06:23,TRUE,FALSE,FALSE,-1,null,"((
 exists (
	select 1 from dbo.bannerexposure with (nolock) where  bannerexposure.respondentid = answers373075.id and bannerexposure.surveyid = 373075 and bannerexposure.bannerid  in 
		(
			select cast(element as int) from surveyfiltergroupelements with(nolock) where typeid = 1 and filtergroupid in (724360)
		)
	)
 or 
 exists (
	select 1 from dbo.creativeexposure with (nolock) where  creativeexposure.respondentid = answers373075.id and creativeexposure.surveyid = 373075 and creativeexposure.creativeid  in 
		(
			select element from surveyfiltergroupelements with(nolock) where typeid = 2 and filtergroupid in (724360)
		)
	)
 or 
 exists (
	select 1 from dbo.placementexposure with (nolock) where  placementexposure.respondentid = answers373075.id and placementexposure.surveyid = 373075 and placementexposure.placementid  in 
		(
			select element from surveyfiltergroupelements with(nolock) where typeid = 3 and filtergroupid in (724360)
		)
	)
))",-1,2025-10-30 9:18:04,24878553,null,373075,0,FALSE,TRUE,FALSE,0,null,FALSE,FALSE,TRUE,Creative,FALSE,FALSE,1,Creative:  Theme - Save 5 Lyft Sign up,null,2025-10-23 10:49:57,FALSE,FALSE,Answers373075,FALSE
462,2025-11-04 14:06:23,FALSE,FALSE,FALSE,-1,null,"(substring(Q250_4,4,1)='2')",-1,2025-06-11 11:20:04,21083174,null,372250,0,FALSE,FALSE,FALSE,1686,null,FALSE,FALSE,TRUE,Delivery Use - Used an app/website for pickup,FALSE,FALSE,1,Delivery Use - Used an app/website for pickup: Household Essentials,null,2025-05-15 18:03:59,FALSE,FALSE,Answers372250,FALSE
486,2025-11-04 14:06:23,FALSE,FALSE,FALSE,-1,null,(Q258=0),-1,2025-06-11 11:21:42,21081594,null,372250,0,FALSE,FALSE,FALSE,2036,null,FALSE,FALSE,TRUE,Gamer,FALSE,FALSE,0,Gamer: 2 hours or less per week,null,2025-05-15 18:03:59,FALSE,FALSE,Answers372250,FALSE
746,2025-11-04 14:06:23,FALSE,FALSE,FALSE,-1,null,(1=1) and (Q268=3),-1,2025-10-30 9:18:08,21583723,null,373075,0,FALSE,FALSE,FALSE,196,null,FALSE,FALSE,TRUE,Employment Status,FALSE,FALSE,1,Employment Status: Student,null,2024-12-05 9:23:50,FALSE,FALSE,Answers373075,FALSE
109,2025-11-04 14:06:23,TRUE,FALSE,FALSE,-1,null,"((
 exists (
	select 1 from dbo.bannerexposure with (nolock) where  bannerexposure.respondentid = answers374821.id and bannerexposure.surveyid = 374821 and bannerexposure.bannerid  in 
		(
			select cast(element as int) from surveyfiltergroupelements with(nolock) where typeid = 1 and filtergroupid in (727384)
		)
	)
 or 
 exists (
	select 1 from dbo.creativeexposure with (nolock) where  creativeexposure.respondentid = answers374821.id and creativeexposure.surveyid = 374821 and creativeexposure.creativeid  in 
		(
			select element from surveyfiltergroupelements with(nolock) where typeid = 2 and filtergroupid in (727384)
		)
	)
 or 
 exists (
	select 1 from dbo.placementexposure with (nolock) where  placementexposure.respondentid = answers374821.id and placementexposure.surveyid = 374821 and placementexposure.placementid  in 
		(
			select element from surveyfiltergroupelements with(nolock) where typeid = 3 and filtergroupid in (727384)
		)
	)
))",-1,2025-10-30 10:37:38,24968974,null,374821,0,FALSE,TRUE,FALSE,0,null,FALSE,FALSE,TRUE,Creative,FALSE,FALSE,1,Creative:  Placement Publisher - MSGi – MSG NATIONAL PROPRTS,null,2025-10-28 12:45:40,FALSE,FALSE,Answers374821,FALSE
65,2025-11-04 14:06:23,TRUE,FALSE,FALSE,-1,null,"((
 exists (
	select 1 from dbo.bannerexposure with (nolock) where  bannerexposure.respondentid = answers374821.id and bannerexposure.surveyid = 374821 and bannerexposure.bannerid  in 
		(
			select cast(element as int) from surveyfiltergroupelements with(nolock) where typeid = 1 and filtergroupid in (727221)
		)
	)
 or 
 exists (
	select 1 from dbo.creativeexposure with (nolock) where  creativeexposure.respondentid = answers374821.id and creativeexposure.surveyid = 374821 and creativeexposure.creativeid  in 
		(
			select element from surveyfiltergroupelements with(nolock) where typeid = 2 and filtergroupid in (727221)
		)
	)
 or 
 exists (
	select 1 from dbo.placementexposure with (nolock) where  placementexposure.respondentid = answers374821.id and placementexposure.surveyid = 374821 and placementexposure.placementid  in 
		(
			select element from surveyfiltergroupelements with(nolock) where typeid = 3 and filtergroupid in (727221)
		)
	)
))",-1,2025-10-30 10:37:11,24968930,null,374821,0,FALSE,TRUE,FALSE,3354,null,FALSE,FALSE,TRUE,Creative,FALSE,FALSE,1,Creative:  Format - AUD,null,2025-10-28 12:45:27,FALSE,FALSE,Answers374821,FALSE
451,2025-11-04 14:06:23,FALSE,FALSE,FALSE,-1,null,"(substring(Q250_4,2,1)='2')",-1,2025-06-11 11:19:59,21081574,null,372250,0,FALSE,FALSE,FALSE,5543,null,FALSE,FALSE,TRUE,Delivery Use - Used an app/website for on-demand or same day delivery,FALSE,FALSE,0,Delivery Use - Used an app/website for on-demand or same day delivery: Household Essentials,null,2025-05-15 18:03:58,FALSE,FALSE,Answers372250,FALSE
587,2025-11-04 14:06:23,FALSE,FALSE,FALSE,-1,null,"(1=1) and (substring(Q259,5,1)='2')",-1,2025-06-05 11:44:42,23445335,null,372250,0,FALSE,FALSE,FALSE,4208,null,FALSE,FALSE,TRUE,Sports Fan,FALSE,FALSE,1,Sports Fan: MMA/UFC,null,2025-06-05 11:44:12,FALSE,FALSE,Answers372250,FALSE
659,2025-11-04 14:06:23,TRUE,FALSE,FALSE,-1,null,"(((
 exists (
	select 1 from dbo.bannerexposure with (nolock) where  bannerexposure.respondentid = answers373075.id and bannerexposure.surveyid = 373075 and bannerexposure.bannerid  in 
		(
			select cast(element as int) from surveyfiltergroupelements with(nolock) where typeid = 1 and filtergroupid in (724314)
		)
	)
 or 
 exists (
	select 1 from dbo.creativeexposure with (nolock) where  creativeexposure.respondentid = answers373075.id and creativeexposure.surveyid = 373075 and creativeexposure.creativeid  in 
		(
			select element from surveyfiltergroupelements with(nolock) where typeid = 2 and filtergroupid in (724314)
		)
	)
 or 
 exists (
	select 1 from dbo.placementexposure with (nolock) where  placementexposure.respondentid = answers373075.id and placementexposure.surveyid = 373075 and placementexposure.placementid  in 
		(
			select element from surveyfiltergroupelements with(nolock) where typeid = 3 and filtergroupid in (724314)
		)
	)
)) or ((Q4 in (select value from surveyfilterelements with(nolock) where filterid=24878453 and type='mapctrlbanner'))))",-1,2025-10-30 9:18:02,24878453,null,373075,0,FALSE,TRUE,TRUE,1610,null,FALSE,FALSE,TRUE,Creative,FALSE,FALSE,2,Creative:  Format - AUD,null,2025-10-23 10:46:03,FALSE,FALSE,Answers373075,FALSE
385,2025-11-04 14:06:23,FALSE,TRUE,FALSE,-1,null,(Q684>0) OR (Q253=0),-1,2025-10-29 17:58:06,24629947,null,374821,0,FALSE,FALSE,FALSE,6894,null,FALSE,FALSE,TRUE,TV Network,FALSE,FALSE,1,TV Network:CHARGE-E,null,2025-10-06 11:31:54,FALSE,FALSE,Answers374821,FALSE
543,2025-11-04 14:06:23,FALSE,FALSE,FALSE,-1,null,"q4 in (select bannerid from adServerBanners where campaignid=72361 and site=7013) or ID IN (select id from answers372250 cross apply [SQL#].[String_Split4k](Q2, ',', 2) SplitTable cross apply [SQL#].[String_Split4k](SplitTable.SplitVal, '-', 2) bannerid where bannerid.SplitNum = 1 and bannerid.SplitVal in ( select value from dbo.surveyfilterelements WHERE surveyfilterelements.filterid=20870748 and type='in-clause' and surveyfilterelements.question='Q2' ) )",-1,2001-01-01 0:00:00,20870748,null,372250,0,FALSE,FALSE,FALSE,null,null,FALSE,FALSE,FALSE,Site All Hits,FALSE,FALSE,0,Site All Hits: EbonyNet,null,2025-10-18 22:12:08,FALSE,FALSE,Answers372250,FALSE
339,2025-11-04 14:06:23,FALSE,FALSE,FALSE,-1,null,q4 in (select bannerid from adServerBanners where campaignid=79821 and site=28360) or (Q2 like '%12462659%' or Q2 like '%12462660%' or Q2 like '%12462661%' or Q2 like '%12462662%'),-1,2025-10-30 9:19:49,22379511,null,374821,0,FALSE,FALSE,FALSE,720,null,FALSE,FALSE,TRUE,Site All Hits,FALSE,FALSE,0,Site All Hits: Instagram Consented  (Meta DI) (US),null,2025-08-25 11:38:00,FALSE,FALSE,Answers374821,FALSE
422,2025-11-04 14:06:23,FALSE,FALSE,FALSE,-1,null,"(substring(Q248,4,1)='2')",-1,2025-06-11 11:15:42,21081556,null,372250,0,FALSE,FALSE,FALSE,15269,null,FALSE,FALSE,TRUE,Delivery Category,FALSE,FALSE,0,"Delivery Category: Household Essentials (e.g., paper towels, toilet paper, cleaning supplies, organizers, etc.)",null,2025-05-15 18:03:57,FALSE,FALSE,Answers372250,FALSE
530,2025-11-04 14:06:23,FALSE,FALSE,FALSE,-1,null,. . 20870683 . OR . . 20870689 . OR . . 20870679 . OR . . 20870687 .,-1,2025-09-17 11:54:24,23413497,null,372250,0,FALSE,FALSE,FALSE,998,null,TRUE,FALSE,TRUE,Site All Hits,FALSE,FALSE,1,Site All Hits: Amazon (Grouped),null,2025-06-02 10:08:12,FALSE,FALSE,Answers372250,FALSE
180,2025-11-04 14:06:23,TRUE,FALSE,FALSE,-1,null,"((
 exists (
	select 1 from dbo.bannerexposure with (nolock) where  bannerexposure.respondentid = answers374821.id and bannerexposure.surveyid = 374821 and bannerexposure.bannerid  in 
		(
			select cast(element as int) from surveyfiltergroupelements with(nolock) where typeid = 1 and filtergroupid in (727276)
		)
	)
 or 
 exists (
	select 1 from dbo.creativeexposure with (nolock) where  creativeexposure.respondentid = answers374821.id and creativeexposure.surveyid = 374821 and creativeexposure.creativeid  in 
		(
			select element from surveyfiltergroupelements with(nolock) where typeid = 2 and filtergroupid in (727276)
		)
	)
 or 
 exists (
	select 1 from dbo.placementexposure with (nolock) where  placementexposure.respondentid = answers374821.id and placementexposure.surveyid = 374821 and placementexposure.placementid  in 
		(
			select element from surveyfiltergroupelements with(nolock) where typeid = 3 and filtergroupid in (727276)
		)
	)
))",-1,2025-10-30 10:38:10,24969046,null,374821,0,FALSE,TRUE,FALSE,655,null,FALSE,FALSE,TRUE,Creative,FALSE,FALSE,1,Creative:  Size/Length - 1x1,null,2025-10-28 12:45:49,FALSE,FALSE,Answers374821,FALSE
582,2025-11-04 14:06:23,FALSE,FALSE,FALSE,-1,null,(Q4 = '12157206'),-1,2001-01-01 0:00:00,24820083,null,372250,0,FALSE,FALSE,FALSE,null,null,FALSE,FALSE,FALSE,Site,FALSE,FALSE,0,Site: Rolling Stone (BR),null,2025-10-18 22:12:08,FALSE,FALSE,Answers372250,FALSE
599,2025-11-04 14:06:23,FALSE,FALSE,FALSE,-1,null,(completetime>'7/1/2024'),-1,2025-06-12 15:27:04,23383839,null,372250,0,FALSE,FALSE,FALSE,12438,null,FALSE,FALSE,TRUE,Timestamp,FALSE,FALSE,1,Timestamp: 7/1 - End,null,2025-05-27 17:31:24,FALSE,FALSE,Answers372250,FALSE
14,2025-11-04 14:06:23,FALSE,FALSE,FALSE,-1,null,(Q166 BETWEEN 18 AND 24),-1,2025-10-29 17:56:09,22236708,null,374821,0,FALSE,FALSE,FALSE,2784,null,FALSE,FALSE,TRUE,Age,FALSE,FALSE,1,Age: 18-24,null,2025-02-07 14:51:31,FALSE,FALSE,Answers374821,FALSE
429,2025-11-04 14:06:23,FALSE,FALSE,FALSE,-1,null,"(substring(Q249,1,1)='2')",-1,2025-06-11 11:15:42,21081563,null,372250,0,FALSE,FALSE,FALSE,17913,null,FALSE,FALSE,TRUE,Delivery Item,FALSE,FALSE,0,"Delivery Item: Fresh Food & Produce  (e.g., meat, dairy, breads, fruit, etc.)",null,2025-05-15 18:03:57,FALSE,FALSE,Answers372250,FALSE
550,2025-11-04 14:06:23,FALSE,FALSE,FALSE,-1,null,q4 in (select bannerid from adServerBanners where campaignid=72361 and site=20370) or (Q2 like '%12150618%'),-1,2025-09-17 12:01:19,21083303,null,372250,0,FALSE,FALSE,FALSE,1025,null,FALSE,FALSE,TRUE,Site All Hits,FALSE,FALSE,0,Site All Hits: H Code Media (US),null,2024-10-23 9:54:51,FALSE,FALSE,Answers372250,FALSE
148,2025-11-04 14:06:23,TRUE,FALSE,FALSE,-1,null,"((
 exists (
	select 1 from dbo.bannerexposure with (nolock) where  bannerexposure.respondentid = answers374821.id and bannerexposure.surveyid = 374821 and bannerexposure.bannerid  in 
		(
			select cast(element as int) from surveyfiltergroupelements with(nolock) where typeid = 1 and filtergroupid in (727254)
		)
	)
 or 
 exists (
	select 1 from dbo.creativeexposure with (nolock) where  creativeexposure.respondentid = answers374821.id and creativeexposure.surveyid = 374821 and creativeexposure.creativeid  in 
		(
			select element from surveyfiltergroupelements with(nolock) where typeid = 2 and filtergroupid in (727254)
		)
	)
 or 
 exists (
	select 1 from dbo.placementexposure with (nolock) where  placementexposure.respondentid = answers374821.id and placementexposure.surveyid = 374821 and placementexposure.placementid  in 
		(
			select element from surveyfiltergroupelements with(nolock) where typeid = 3 and filtergroupid in (727254)
		)
	)
))",-1,2025-10-30 10:37:56,24969013,null,374821,0,FALSE,TRUE,FALSE,698,null,FALSE,FALSE,TRUE,Creative,FALSE,FALSE,1,Creative:  Placement Targeting Tactic - 2P Demo,null,2025-10-28 12:45:45,FALSE,FALSE,Answers374821,FALSE
437,2025-11-04 14:06:23,FALSE,FALSE,FALSE,-1,null,"(substring(Q250_5,3,1)='2')",-1,2025-06-11 11:17:49,21083183,null,372250,0,FALSE,FALSE,FALSE,2853,null,FALSE,FALSE,TRUE,Delivery Use - Used an app/website for non-same day delivery,FALSE,FALSE,1,Delivery Use - Used an app/website for non-same day delivery: Fresh Food & Produce,null,2025-05-15 18:03:57,FALSE,FALSE,Answers372250,FALSE
682,2025-11-04 14:06:23,TRUE,FALSE,FALSE,-1,null,"(((
 exists (
	select 1 from dbo.bannerexposure with (nolock) where  bannerexposure.respondentid = answers373075.id and bannerexposure.surveyid = 373075 and bannerexposure.bannerid  in 
		(
			select cast(element as int) from surveyfiltergroupelements with(nolock) where typeid = 1 and filtergroupid in (724316)
		)
	)
 or 
 exists (
	select 1 from dbo.creativeexposure with (nolock) where  creativeexposure.respondentid = answers373075.id and creativeexposure.surveyid = 373075 and creativeexposure.creativeid  in 
		(
			select element from surveyfiltergroupelements with(nolock) where typeid = 2 and filtergroupid in (724316)
		)
	)
 or 
 exists (
	select 1 from dbo.placementexposure with (nolock) where  placementexposure.respondentid = answers373075.id and placementexposure.surveyid = 373075 and placementexposure.placementid  in 
		(
			select element from surveyfiltergroupelements with(nolock) where typeid = 3 and filtergroupid in (724316)
		)
	)
)) or ((Q4 in (select value from surveyfilterelements with(nolock) where filterid=24878512 and type='mapctrlbanner'))))",-1,2025-10-30 9:18:04,24878512,null,373075,0,FALSE,TRUE,TRUE,1987,null,FALSE,FALSE,TRUE,Creative,FALSE,FALSE,2,Creative:  Placement Targeting Tactic - 3P Demo,null,2025-10-23 10:47:48,FALSE,FALSE,Answers373075,FALSE
307,2025-11-04 14:06:23,FALSE,FALSE,FALSE,-1,null,q4 in (select bannerid from adServerBanners where campaignid=79821 and site=5068) or (Q2 like '%12441845%' or Q2 like '%12504877%' or Q2 like '%12593935%' or Q2 like '%12594067%' or Q2 like '%12687818%' or Q2 like '%12689949%'),-1,2001-01-01 0:00:00,25033263,null,374821,0,FALSE,FALSE,FALSE,null,null,FALSE,FALSE,FALSE,Site All Hits,FALSE,FALSE,0,Site All Hits: Amazon (CA),null,2025-10-30 18:02:10,FALSE,FALSE,Answers374821,FALSE
518,2025-11-04 14:06:23,FALSE,FALSE,FALSE,-1,null,(Q252_3 in (1)),-1,2025-06-11 11:29:20,21083209,null,372250,0,FALSE,FALSE,FALSE,3337,null,FALSE,FALSE,TRUE,Past Brand Recency - Instacart,FALSE,FALSE,1,Past Brand Recency - Instacart: Once a week,null,2025-05-15 18:03:57,FALSE,FALSE,Answers372250,FALSE
290,2025-11-04 14:06:23,FALSE,FALSE,FALSE,-1,null,(Q235_3 in (0)),-1,2001-01-01 0:00:00,22228321,null,374821,0,FALSE,FALSE,FALSE,3720,null,FALSE,FALSE,TRUE,Past Brand Recency - Instacart,FALSE,FALSE,1,Past Brand Recency - Instacart: Several times a week,null,2025-02-06 14:26:32,FALSE,FALSE,Answers374821,FALSE
46,2025-11-04 14:06:23,TRUE,FALSE,FALSE,-1,null,"((
 exists (
	select 1 from dbo.bannerexposure with (nolock) where  bannerexposure.respondentid = answers374821.id and bannerexposure.surveyid = 374821 and bannerexposure.bannerid  in 
		(
			select cast(element as int) from surveyfiltergroupelements with(nolock) where typeid = 1 and filtergroupid in (727320)
		)
	)
 or 
 exists (
	select 1 from dbo.creativeexposure with (nolock) where  creativeexposure.respondentid = answers374821.id and creativeexposure.surveyid = 374821 and creativeexposure.creativeid  in 
		(
			select element from surveyfiltergroupelements with(nolock) where typeid = 2 and filtergroupid in (727320)
		)
	)
 or 
 exists (
	select 1 from dbo.placementexposure with (nolock) where  placementexposure.respondentid = answers374821.id and placementexposure.surveyid = 374821 and placementexposure.placementid  in 
		(
			select element from surveyfiltergroupelements with(nolock) where typeid = 3 and filtergroupid in (727320)
		)
	)
))",-1,2025-10-30 10:37:04,24968911,null,374821,0,FALSE,TRUE,FALSE,5,null,FALSE,FALSE,TRUE,Creative,FALSE,FALSE,1,Creative:  Creative Publisher - Pandora Connected Home (US),null,2025-10-28 12:45:18,FALSE,FALSE,Answers374821,FALSE
370,2025-11-04 14:06:23,FALSE,FALSE,FALSE,-1,null,(Q4 = '12594108'),-1,2001-01-01 0:00:00,25033351,null,374821,0,FALSE,FALSE,FALSE,null,null,FALSE,FALSE,FALSE,Site,FALSE,FALSE,0,Site: Amazon CTV (AU),null,2025-10-30 18:02:11,FALSE,FALSE,Answers374821,FALSE
322,2025-11-04 14:06:23,FALSE,FALSE,FALSE,-1,null,(Q4 = '12600805') or (Q2 like '%12600805%'),-1,2001-01-01 0:00:00,25033359,null,374821,0,FALSE,FALSE,FALSE,null,null,FALSE,FALSE,FALSE,Site All Hits,FALSE,FALSE,0,Site All Hits: Amazon Mobile (DE),null,2025-10-30 18:02:11,FALSE,FALSE,Answers374821,FALSE
158,2025-11-04 14:06:23,TRUE,FALSE,FALSE,-1,null,"((
 exists (
	select 1 from dbo.bannerexposure with (nolock) where  bannerexposure.respondentid = answers374821.id and bannerexposure.surveyid = 374821 and bannerexposure.bannerid  in 
		(
			select cast(element as int) from surveyfiltergroupelements with(nolock) where typeid = 1 and filtergroupid in (727397)
		)
	)
 or 
 exists (
	select 1 from dbo.creativeexposure with (nolock) where  creativeexposure.respondentid = answers374821.id and creativeexposure.surveyid = 374821 and creativeexposure.creativeid  in 
		(
			select element from surveyfiltergroupelements with(nolock) where typeid = 2 and filtergroupid in (727397)
		)
	)
 or 
 exists (
	select 1 from dbo.placementexposure with (nolock) where  placementexposure.respondentid = answers374821.id and placementexposure.surveyid = 374821 and placementexposure.placementid  in 
		(
			select element from surveyfiltergroupelements with(nolock) where typeid = 3 and filtergroupid in (727397)
		)
	)
))",-1,2025-10-30 10:38:02,24969023,null,374821,0,FALSE,TRUE,FALSE,327,null,FALSE,FALSE,TRUE,Creative,FALSE,FALSE,1,Creative:  Placement Targeting Tactic - InMarket,null,2025-10-28 12:45:46,FALSE,FALSE,Answers374821,FALSE
282,2025-11-04 14:06:23,FALSE,FALSE,FALSE,-1,null,(Q235_1 in (0)),-1,2001-01-01 0:00:00,22228313,null,374821,0,FALSE,FALSE,FALSE,5440,null,FALSE,FALSE,TRUE,Past Brand Recency - DoorDash,FALSE,FALSE,1,Past Brand Recency - DoorDash: Several times a week,null,2025-02-06 14:26:32,FALSE,FALSE,Answers374821,FALSE
330,2025-11-04 14:06:23,FALSE,FALSE,FALSE,-1,null,q4 in (select bannerid from adServerBanners where campaignid=79821 and site=11582) or (Q2 like '%12491169%' or Q2 like '%12491170%' or Q2 like '%12491171%' or Q2 like '%12491172%' or Q2 like '%12491173%' or Q2 like '%12491174%' or Q2 like '%12665021%' or Q2 like '%12665022%'),-1,2025-10-30 9:18:30,22492564,null,374821,0,FALSE,FALSE,FALSE,816,null,FALSE,FALSE,TRUE,Site All Hits,FALSE,FALSE,0,Site All Hits: CBS (US),null,2025-10-03 12:22:14,FALSE,FALSE,Answers374821,FALSE
642,2025-11-04 14:06:23,FALSE,FALSE,FALSE,-1,null,"(1=1) and (substring(Q269,1,1)='2')",-1,2025-10-30 9:18:00,21583727,null,373075,0,FALSE,FALSE,FALSE,1727,null,FALSE,FALSE,TRUE,Children in HH,FALSE,FALSE,1,"Children in HH: Yes, age 0-6",null,2024-12-05 9:23:50,FALSE,FALSE,Answers373075,FALSE
875,2025-11-04 14:06:23,FALSE,FALSE,FALSE,-1,null,q4 in (select bannerid from adServerBanners where campaignid=78558 and site=22782),-1,2025-10-30 9:18:13,25000291,null,373075,0,FALSE,FALSE,FALSE,0,null,FALSE,FALSE,FALSE,Site,FALSE,FALSE,0,Site: Amazon CTV  (DE),null,2025-10-29 14:12:14,FALSE,FALSE,Answers373075,FALSE
742,2025-11-04 14:06:23,FALSE,FALSE,FALSE,-1,null,(1=1) and (Q268=6),-1,2025-10-30 9:18:09,21583726,null,373075,0,FALSE,FALSE,FALSE,327,null,FALSE,FALSE,TRUE,Employment Status,FALSE,FALSE,1,Employment Status: None of the above,null,2024-12-05 9:23:50,FALSE,FALSE,Answers373075,FALSE
36,2025-11-04 14:06:23,TRUE,FALSE,FALSE,-1,null,"((
 exists (
	select 1 from dbo.bannerexposure with (nolock) where  bannerexposure.respondentid = answers374821.id and bannerexposure.surveyid = 374821 and bannerexposure.bannerid  in 
		(
			select cast(element as int) from surveyfiltergroupelements with(nolock) where typeid = 1 and filtergroupid in (727337)
		)
	)
 or 
 exists (
	select 1 from dbo.creativeexposure with (nolock) where  creativeexposure.respondentid = answers374821.id and creativeexposure.surveyid = 374821 and creativeexposure.creativeid  in 
		(
			select element from surveyfiltergroupelements with(nolock) where typeid = 2 and filtergroupid in (727337)
		)
	)
 or 
 exists (
	select 1 from dbo.placementexposure with (nolock) where  placementexposure.respondentid = answers374821.id and placementexposure.surveyid = 374821 and placementexposure.placementid  in 
		(
			select element from surveyfiltergroupelements with(nolock) where typeid = 3 and filtergroupid in (727337)
		)
	)
))",-1,2025-10-30 10:36:54,24968900,null,374821,0,FALSE,TRUE,FALSE,0,null,FALSE,FALSE,TRUE,Creative,FALSE,FALSE,1,Creative:  Creative Publisher - iHeart Radio,null,2025-10-28 12:45:13,FALSE,FALSE,Answers374821,FALSE
639,2025-11-04 14:06:23,FALSE,FALSE,FALSE,-1,null,(Q164 BETWEEN 55 AND 64),-1,2025-10-30 8:51:34,23041280,null,373075,0,FALSE,FALSE,FALSE,413,null,FALSE,FALSE,TRUE,Age,FALSE,FALSE,1,Age: 55-64,null,2025-07-25 10:29:14,FALSE,FALSE,Answers373075,FALSE
354,2025-11-04 14:06:23,FALSE,FALSE,FALSE,-1,null,q4 in (select bannerid from adServerBanners where campaignid=79821 and site=9683) or (Q2 like '%12571414%' or Q2 like '%12571415%'),-1,2025-10-30 9:19:21,23589201,null,374821,0,FALSE,FALSE,FALSE,154,null,FALSE,FALSE,TRUE,Site All Hits,FALSE,FALSE,0,Site All Hits: Realm,null,2025-08-25 11:38:00,FALSE,FALSE,Answers374821,FALSE
129,2025-11-04 14:06:23,TRUE,FALSE,FALSE,-1,null,"((
 exists (
	select 1 from dbo.bannerexposure with (nolock) where  bannerexposure.respondentid = answers374821.id and bannerexposure.surveyid = 374821 and bannerexposure.bannerid  in 
		(
			select cast(element as int) from surveyfiltergroupelements with(nolock) where typeid = 1 and filtergroupid in (727388)
		)
	)
 or 
 exists (
	select 1 from dbo.creativeexposure with (nolock) where  creativeexposure.respondentid = answers374821.id and creativeexposure.surveyid = 374821 and creativeexposure.creativeid  in 
		(
			select element from surveyfiltergroupelements with(nolock) where typeid = 2 and filtergroupid in (727388)
		)
	)
 or 
 exists (
	select 1 from dbo.placementexposure with (nolock) where  placementexposure.respondentid = answers374821.id and placementexposure.surveyid = 374821 and placementexposure.placementid  in 
		(
			select element from surveyfiltergroupelements with(nolock) where typeid = 3 and filtergroupid in (727388)
		)
	)
))",-1,2025-10-30 10:37:49,24968994,null,374821,0,FALSE,TRUE,FALSE,1731,null,FALSE,FALSE,TRUE,Creative,FALSE,FALSE,1,Creative:  Placement Publisher - Spotify,null,2025-10-28 12:45:43,FALSE,FALSE,Answers374821,FALSE
4,2025-11-04 14:06:23,FALSE,FALSE,FALSE,-1,null,"(1=1) and (substring(Q241,2,1)='2')",-1,2025-10-30 8:43:56,22228351,null,374821,0,FALSE,FALSE,FALSE,8942,null,FALSE,FALSE,TRUE,Activity,FALSE,FALSE,1,"Activity: Streamed video games, watch eSports, or watch others play video games online (e.g. on Twitch, YouTube)",null,2025-02-06 14:26:32,FALSE,FALSE,Answers374821,FALSE
190,2025-11-04 14:06:23,TRUE,FALSE,FALSE,-1,null,"((
 exists (
	select 1 from dbo.bannerexposure with (nolock) where  bannerexposure.respondentid = answers374821.id and bannerexposure.surveyid = 374821 and bannerexposure.bannerid  in 
		(
			select cast(element as int) from surveyfiltergroupelements with(nolock) where typeid = 1 and filtergroupid in (727244)
		)
	)
 or 
 exists (
	select 1 from dbo.creativeexposure with (nolock) where  creativeexposure.respondentid = answers374821.id and creativeexposure.surveyid = 374821 and creativeexposure.creativeid  in 
		(
			select element from surveyfiltergroupelements with(nolock) where typeid = 2 and filtergroupid in (727244)
		)
	)
 or 
 exists (
	select 1 from dbo.placementexposure with (nolock) where  placementexposure.respondentid = answers374821.id and placementexposure.surveyid = 374821 and placementexposure.placementid  in 
		(
			select element from surveyfiltergroupelements with(nolock) where typeid = 3 and filtergroupid in (727244)
		)
	)
))",-1,2025-10-30 10:38:21,24969056,null,374821,0,FALSE,TRUE,FALSE,545,null,FALSE,FALSE,TRUE,Creative,FALSE,FALSE,1,Creative:  Size/Length - 630x920,null,2025-10-28 12:45:50,FALSE,FALSE,Answers374821,FALSE
811,2025-11-04 14:06:23,FALSE,FALSE,FALSE,-1,null,(Q264_3 in (0)),-1,2025-10-30 9:18:11,21587574,null,373075,0,FALSE,FALSE,FALSE,468,null,FALSE,FALSE,TRUE,Past Brand Recency - Instacart,FALSE,FALSE,1,Past Brand Recency - Instacart: Several times a week,null,2024-12-05 11:40:05,FALSE,FALSE,Answers373075,FALSE
20,2025-11-04 14:06:23,FALSE,FALSE,FALSE,-1,null,"(1=1) and (substring(Q240,3,1)='2')",-1,2025-10-29 17:56:14,22228348,null,374821,0,FALSE,FALSE,FALSE,5665,null,FALSE,FALSE,TRUE,Children in HH,FALSE,FALSE,1,"Children in HH: Yes, age 13-17",null,2025-02-06 14:26:32,FALSE,FALSE,Answers374821,FALSE
710,2025-11-04 14:06:23,TRUE,FALSE,FALSE,-1,null,"((
 exists (
	select 1 from dbo.bannerexposure with (nolock) where  bannerexposure.respondentid = answers373075.id and bannerexposure.surveyid = 373075 and bannerexposure.bannerid  in 
		(
			select cast(element as int) from surveyfiltergroupelements with(nolock) where typeid = 1 and filtergroupid in (724352)
		)
	)
 or 
 exists (
	select 1 from dbo.creativeexposure with (nolock) where  creativeexposure.respondentid = answers373075.id and creativeexposure.surveyid = 373075 and creativeexposure.creativeid  in 
		(
			select element from surveyfiltergroupelements with(nolock) where typeid = 2 and filtergroupid in (724352)
		)
	)
 or 
 exists (
	select 1 from dbo.placementexposure with (nolock) where  placementexposure.respondentid = answers373075.id and placementexposure.surveyid = 373075 and placementexposure.placementid  in 
		(
			select element from surveyfiltergroupelements with(nolock) where typeid = 3 and filtergroupid in (724352)
		)
	)
))",-1,2025-10-30 9:18:04,24878549,null,373075,0,FALSE,TRUE,FALSE,0,null,FALSE,FALSE,TRUE,Creative,FALSE,FALSE,1,Creative:  Theme - Multitasking Mom,null,2025-10-23 10:49:39,FALSE,FALSE,Answers373075,FALSE
174,2025-11-04 14:06:23,TRUE,FALSE,FALSE,-1,null,"((
 exists (
	select 1 from dbo.bannerexposure with (nolock) where  bannerexposure.respondentid = answers374821.id and bannerexposure.surveyid = 374821 and bannerexposure.bannerid  in 
		(
			select cast(element as int) from surveyfiltergroupelements with(nolock) where typeid = 1 and filtergroupid in (727241)
		)
	)
 or 
 exists (
	select 1 from dbo.creativeexposure with (nolock) where  creativeexposure.respondentid = answers374821.id and creativeexposure.surveyid = 374821 and creativeexposure.creativeid  in 
		(
			select element from surveyfiltergroupelements with(nolock) where typeid = 2 and filtergroupid in (727241)
		)
	)
 or 
 exists (
	select 1 from dbo.placementexposure with (nolock) where  placementexposure.respondentid = answers374821.id and placementexposure.surveyid = 374821 and placementexposure.placementid  in 
		(
			select element from surveyfiltergroupelements with(nolock) where typeid = 3 and filtergroupid in (727241)
		)
	)
))",-1,2025-10-30 10:38:16,24969040,null,374821,0,FALSE,TRUE,FALSE,1622,null,FALSE,FALSE,TRUE,Creative,FALSE,FALSE,1,Creative:  Size/Length - 120x45,null,2025-10-28 12:45:48,FALSE,FALSE,Answers374821,FALSE
161,2025-11-04 14:06:23,TRUE,FALSE,FALSE,-1,null,"((
 exists (
	select 1 from dbo.bannerexposure with (nolock) where  bannerexposure.respondentid = answers374821.id and bannerexposure.surveyid = 374821 and bannerexposure.bannerid  in 
		(
			select cast(element as int) from surveyfiltergroupelements with(nolock) where typeid = 1 and filtergroupid in (727398)
		)
	)
 or 
 exists (
	select 1 from dbo.creativeexposure with (nolock) where  creativeexposure.respondentid = answers374821.id and creativeexposure.surveyid = 374821 and creativeexposure.creativeid  in 
		(
			select element from surveyfiltergroupelements with(nolock) where typeid = 2 and filtergroupid in (727398)
		)
	)
 or 
 exists (
	select 1 from dbo.placementexposure with (nolock) where  placementexposure.respondentid = answers374821.id and placementexposure.surveyid = 374821 and placementexposure.placementid  in 
		(
			select element from surveyfiltergroupelements with(nolock) where typeid = 3 and filtergroupid in (727398)
		)
	)
))",-1,2025-10-30 10:38:03,24969026,null,374821,0,FALSE,TRUE,FALSE,337,null,FALSE,FALSE,TRUE,Creative,FALSE,FALSE,1,Creative:  Placement Targeting Tactic - Lineups,null,2025-10-28 12:45:46,FALSE,FALSE,Answers374821,FALSE
643,2025-11-04 14:06:23,FALSE,FALSE,FALSE,-1,null,"(1=1) and (substring(Q269,3,1)='2')",-1,2025-10-30 9:18:00,21583729,null,373075,0,FALSE,FALSE,FALSE,902,null,FALSE,FALSE,TRUE,Children in HH,FALSE,FALSE,1,"Children in HH: Yes, age 13-17",null,2024-12-05 9:23:50,FALSE,FALSE,Answers373075,FALSE
843,2025-11-04 14:06:23,FALSE,FALSE,FALSE,-1,null,. . 22512548 . OR . . 22512556 . OR . . 22512550 . OR . . 22512545 .,-1,2025-10-30 9:18:15,23838221,null,373075,0,FALSE,FALSE,FALSE,145,null,TRUE,FALSE,TRUE,Site All Hits,FALSE,FALSE,1,Site All Hits: Amazon Partners,null,2025-10-23 9:54:36,FALSE,FALSE,Answers373075,FALSE
196,2025-11-04 14:06:23,TRUE,FALSE,FALSE,-1,null,"((
 exists (
	select 1 from dbo.bannerexposure with (nolock) where  bannerexposure.respondentid = answers374821.id and bannerexposure.surveyid = 374821 and bannerexposure.bannerid  in 
		(
			select cast(element as int) from surveyfiltergroupelements with(nolock) where typeid = 1 and filtergroupid in (727247)
		)
	)
 or 
 exists (
	select 1 from dbo.creativeexposure with (nolock) where  creativeexposure.respondentid = answers374821.id and creativeexposure.surveyid = 374821 and creativeexposure.creativeid  in 
		(
			select element from surveyfiltergroupelements with(nolock) where typeid = 2 and filtergroupid in (727247)
		)
	)
 or 
 exists (
	select 1 from dbo.placementexposure with (nolock) where  placementexposure.respondentid = answers374821.id and placementexposure.surveyid = 374821 and placementexposure.placementid  in 
		(
			select element from surveyfiltergroupelements with(nolock) where typeid = 3 and filtergroupid in (727247)
		)
	)
))",-1,2025-10-30 10:38:23,24969062,null,374821,0,FALSE,TRUE,FALSE,52,null,FALSE,FALSE,TRUE,Creative,FALSE,FALSE,1,Creative:  Size/Length - 800x435,null,2025-10-28 12:45:51,FALSE,FALSE,Answers374821,FALSE
678,2025-11-04 14:06:23,TRUE,FALSE,FALSE,-1,null,"(((
 exists (
	select 1 from dbo.bannerexposure with (nolock) where  bannerexposure.respondentid = answers373075.id and bannerexposure.surveyid = 373075 and bannerexposure.bannerid  in 
		(
			select cast(element as int) from surveyfiltergroupelements with(nolock) where typeid = 1 and filtergroupid in (724368)
		)
	)
 or 
 exists (
	select 1 from dbo.creativeexposure with (nolock) where  creativeexposure.respondentid = answers373075.id and creativeexposure.surveyid = 373075 and creativeexposure.creativeid  in 
		(
			select element from surveyfiltergroupelements with(nolock) where typeid = 2 and filtergroupid in (724368)
		)
	)
 or 
 exists (
	select 1 from dbo.placementexposure with (nolock) where  placementexposure.respondentid = answers373075.id and placementexposure.surveyid = 373075 and placementexposure.placementid  in 
		(
			select element from surveyfiltergroupelements with(nolock) where typeid = 3 and filtergroupid in (724368)
		)
	)
)) or ((Q4 in (select value from surveyfilterelements with(nolock) where filterid=24878499 and type='mapctrlbanner'))))",-1,2025-10-30 9:18:04,24878499,null,373075,0,FALSE,TRUE,TRUE,1791,null,FALSE,FALSE,TRUE,Creative,FALSE,FALSE,2,Creative:  Placement Targeting Tactic - 2P Behavioral,null,2025-10-23 10:47:29,FALSE,FALSE,Answers373075,FALSE
137,2025-11-04 14:06:23,TRUE,FALSE,FALSE,-1,null,"((
 exists (
	select 1 from dbo.bannerexposure with (nolock) where  bannerexposure.respondentid = answers374821.id and bannerexposure.surveyid = 374821 and bannerexposure.bannerid  in 
		(
			select cast(element as int) from surveyfiltergroupelements with(nolock) where typeid = 1 and filtergroupid in (727403)
		)
	)
 or 
 exists (
	select 1 from dbo.creativeexposure with (nolock) where  creativeexposure.respondentid = answers374821.id and creativeexposure.surveyid = 374821 and creativeexposure.creativeid  in 
		(
			select element from surveyfiltergroupelements with(nolock) where typeid = 2 and filtergroupid in (727403)
		)
	)
 or 
 exists (
	select 1 from dbo.placementexposure with (nolock) where  placementexposure.respondentid = answers374821.id and placementexposure.surveyid = 374821 and placementexposure.placementid  in 
		(
			select element from surveyfiltergroupelements with(nolock) where typeid = 3 and filtergroupid in (727403)
		)
	)
))",-1,2025-10-30 10:37:50,24969002,null,374821,0,FALSE,TRUE,FALSE,356,null,FALSE,FALSE,TRUE,Creative,FALSE,FALSE,1,Creative:  Placement Publisher - Twitch (US),null,2025-10-28 12:45:44,FALSE,FALSE,Answers374821,FALSE
690,2025-11-04 14:06:23,TRUE,FALSE,FALSE,-1,null,"(((
 exists (
	select 1 from dbo.bannerexposure with (nolock) where  bannerexposure.respondentid = answers373075.id and bannerexposure.surveyid = 373075 and bannerexposure.bannerid  in 
		(
			select cast(element as int) from surveyfiltergroupelements with(nolock) where typeid = 1 and filtergroupid in (724298)
		)
	)
 or 
 exists (
	select 1 from dbo.creativeexposure with (nolock) where  creativeexposure.respondentid = answers373075.id and creativeexposure.surveyid = 373075 and creativeexposure.creativeid  in 
		(
			select element from surveyfiltergroupelements with(nolock) where typeid = 2 and filtergroupid in (724298)
		)
	)
 or 
 exists (
	select 1 from dbo.placementexposure with (nolock) where  placementexposure.respondentid = answers373075.id and placementexposure.surveyid = 373075 and placementexposure.placementid  in 
		(
			select element from surveyfiltergroupelements with(nolock) where typeid = 3 and filtergroupid in (724298)
		)
	)
)) or ((Q4 in (select value from surveyfilterelements with(nolock) where filterid=24878529 and type='mapctrlbanner'))))",-1,2025-10-30 9:18:03,24878529,null,373075,0,FALSE,TRUE,TRUE,2796,null,FALSE,FALSE,TRUE,Creative,FALSE,FALSE,2,Creative:  Size/Length - 30s,null,2025-10-23 10:48:22,FALSE,FALSE,Answers373075,FALSE
650,2025-11-04 14:06:23,TRUE,FALSE,FALSE,-1,null,"(((
 exists (
	select 1 from dbo.bannerexposure with (nolock) where  bannerexposure.respondentid = answers373075.id and bannerexposure.surveyid = 373075 and bannerexposure.bannerid  in 
		(
			select cast(element as int) from surveyfiltergroupelements with(nolock) where typeid = 1 and filtergroupid in (724290)
		)
	)
 or 
 exists (
	select 1 from dbo.creativeexposure with (nolock) where  creativeexposure.respondentid = answers373075.id and creativeexposure.surveyid = 373075 and creativeexposure.creativeid  in 
		(
			select element from surveyfiltergroupelements with(nolock) where typeid = 2 and filtergroupid in (724290)
		)
	)
 or 
 exists (
	select 1 from dbo.placementexposure with (nolock) where  placementexposure.respondentid = answers373075.id and placementexposure.surveyid = 373075 and placementexposure.placementid  in 
		(
			select element from surveyfiltergroupelements with(nolock) where typeid = 3 and filtergroupid in (724290)
		)
	)
)) or ((Q4 in (select value from surveyfilterelements with(nolock) where filterid=24878444 and type='mapctrlbanner'))))",-1,2025-10-30 9:18:01,24878444,null,373075,0,FALSE,TRUE,TRUE,3415,null,FALSE,FALSE,TRUE,Creative,FALSE,FALSE,2,Creative:  Campaign - Hispanic,null,2025-10-28 9:35:08,FALSE,FALSE,Answers373075,FALSE
193,2025-11-04 14:06:23,TRUE,FALSE,FALSE,-1,null,"((
 exists (
	select 1 from dbo.bannerexposure with (nolock) where  bannerexposure.respondentid = answers374821.id and bannerexposure.surveyid = 374821 and bannerexposure.bannerid  in 
		(
			select cast(element as int) from surveyfiltergroupelements with(nolock) where typeid = 1 and filtergroupid in (727245)
		)
	)
 or 
 exists (
	select 1 from dbo.creativeexposure with (nolock) where  creativeexposure.respondentid = answers374821.id and creativeexposure.surveyid = 374821 and creativeexposure.creativeid  in 
		(
			select element from surveyfiltergroupelements with(nolock) where typeid = 2 and filtergroupid in (727245)
		)
	)
 or 
 exists (
	select 1 from dbo.placementexposure with (nolock) where  placementexposure.respondentid = answers374821.id and placementexposure.surveyid = 374821 and placementexposure.placementid  in 
		(
			select element from surveyfiltergroupelements with(nolock) where typeid = 3 and filtergroupid in (727245)
		)
	)
))",-1,2025-10-30 10:38:22,24969059,null,374821,0,FALSE,TRUE,FALSE,0,null,FALSE,FALSE,TRUE,Creative,FALSE,FALSE,1,Creative:  Size/Length - 640x640,null,2025-10-28 12:45:50,FALSE,FALSE,Answers374821,FALSE
494,2025-11-04 14:06:23,FALSE,FALSE,FALSE,-1,null,(Q253=2),-1,2025-06-11 11:21:44,21081603,null,372250,0,FALSE,FALSE,FALSE,105,null,FALSE,FALSE,TRUE,Gender,FALSE,FALSE,0,Gender: Non-binary or gender fluid,null,2025-05-15 18:03:57,FALSE,FALSE,Answers372250,FALSE
607,2025-11-04 14:06:23,FALSE,TRUE,FALSE,-1,null,(Q747>0) OR (Q264=0),-1,2025-09-05 15:51:43,23363475,null,372250,0,FALSE,FALSE,FALSE,9872,null,FALSE,FALSE,TRUE,TV ISCI,FALSE,FALSE,1,TV ISCI: DashPassNBA30,null,2025-05-22 14:06:10,FALSE,FALSE,Answers372250,FALSE
362,2025-11-04 14:06:23,FALSE,FALSE,FALSE,-1,null,(Q4 = '12601499'),-1,2001-01-01 0:00:00,25033360,null,374821,0,FALSE,FALSE,FALSE,null,null,FALSE,FALSE,FALSE,Site,FALSE,FALSE,0,Site: Amazon (DE),null,2025-10-30 18:02:11,FALSE,FALSE,Answers374821,FALSE
646,2025-11-04 14:06:23,TRUE,FALSE,FALSE,-1,null,"((
 exists (
	select 1 from dbo.bannerexposure with (nolock) where  bannerexposure.respondentid = answers373075.id and bannerexposure.surveyid = 373075 and bannerexposure.bannerid  in 
		(
			select cast(element as int) from surveyfiltergroupelements with(nolock) where typeid = 1 and filtergroupid in (724336)
		)
	)
 or 
 exists (
	select 1 from dbo.creativeexposure with (nolock) where  creativeexposure.respondentid = answers373075.id and creativeexposure.surveyid = 373075 and creativeexposure.creativeid  in 
		(
			select element from surveyfiltergroupelements with(nolock) where typeid = 2 and filtergroupid in (724336)
		)
	)
 or 
 exists (
	select 1 from dbo.placementexposure with (nolock) where  placementexposure.respondentid = answers373075.id and placementexposure.surveyid = 373075 and placementexposure.placementid  in 
		(
			select element from surveyfiltergroupelements with(nolock) where typeid = 3 and filtergroupid in (724336)
		)
	)
))",-1,2025-10-30 9:18:01,24878439,null,373075,0,FALSE,TRUE,FALSE,0,null,FALSE,FALSE,TRUE,Creative,FALSE,FALSE,1,Creative:  Campaign - DashPass NBA,null,2025-10-23 10:45:10,FALSE,FALSE,Answers373075,FALSE
254,2025-11-04 14:06:23,FALSE,FALSE,FALSE,-1,null,"(1=1) and (substring(Q239,6,1)='2')",-1,2001-01-01 0:00:00,22228343,null,374821,0,FALSE,FALSE,FALSE,2389,null,FALSE,FALSE,TRUE,Ethnicity,FALSE,FALSE,1,Ethnicity: Hispanic,null,2025-02-06 14:26:32,FALSE,FALSE,Answers374821,FALSE
314,2025-11-04 14:06:23,FALSE,FALSE,FALSE,-1,null,(Q4 = '12594097') or (Q2 like '%12594097%'),-1,2001-01-01 0:00:00,25033346,null,374821,0,FALSE,FALSE,FALSE,null,null,FALSE,FALSE,FALSE,Site All Hits,FALSE,FALSE,0,Site All Hits: Amazon CTV  (ES),null,2025-10-30 18:02:11,FALSE,FALSE,Answers374821,FALSE
779,2025-11-04 14:06:23,FALSE,FALSE,FALSE,-1,null,(1=1) and (Q267=1),-1,2025-10-30 9:18:09,21583716,null,373075,0,FALSE,FALSE,FALSE,3022,null,FALSE,FALSE,TRUE,Gender,FALSE,FALSE,1,Gender: Female,null,2024-12-05 9:23:50,FALSE,FALSE,Answers373075,FALSE
675,2025-11-04 14:06:23,TRUE,FALSE,FALSE,-1,null,"(((
 exists (
	select 1 from dbo.bannerexposure with (nolock) where  bannerexposure.respondentid = answers373075.id and bannerexposure.surveyid = 373075 and bannerexposure.bannerid  in 
		(
			select cast(element as int) from surveyfiltergroupelements with(nolock) where typeid = 1 and filtergroupid in (724319)
		)
	)
 or 
 exists (
	select 1 from dbo.creativeexposure with (nolock) where  creativeexposure.respondentid = answers373075.id and creativeexposure.surveyid = 373075 and creativeexposure.creativeid  in 
		(
			select element from surveyfiltergroupelements with(nolock) where typeid = 2 and filtergroupid in (724319)
		)
	)
 or 
 exists (
	select 1 from dbo.placementexposure with (nolock) where  placementexposure.respondentid = answers373075.id and placementexposure.surveyid = 373075 and placementexposure.placementid  in 
		(
			select element from surveyfiltergroupelements with(nolock) where typeid = 3 and filtergroupid in (724319)
		)
	)
)) or ((Q4 in (select value from surveyfilterelements with(nolock) where filterid=24878496 and type='mapctrlbanner'))))",-1,2025-10-30 9:18:04,24878496,null,373075,0,FALSE,TRUE,TRUE,1624,null,FALSE,FALSE,TRUE,Creative,FALSE,FALSE,2,Creative:  Placement Quarter - Q3'25,null,2025-10-23 10:47:13,FALSE,FALSE,Answers373075,FALSE
463,2025-11-04 14:06:23,FALSE,FALSE,FALSE,-1,null,"(substring(Q250_7,4,1)='2')",-1,2025-06-11 11:20:04,21083165,null,372250,0,FALSE,FALSE,FALSE,1849,null,FALSE,FALSE,TRUE,Delivery Use - Used an app/website for pickup,FALSE,FALSE,1,Delivery Use - Used an app/website for pickup: Packaged Food & Non-Alcoholic Beverages,null,2025-05-15 18:03:59,FALSE,FALSE,Answers372250,FALSE
722,2025-11-04 14:06:23,TRUE,FALSE,FALSE,-1,null,"((
 exists (
	select 1 from dbo.bannerexposure with (nolock) where  bannerexposure.respondentid = answers373075.id and bannerexposure.surveyid = 373075 and bannerexposure.bannerid  in 
		(
			select cast(element as int) from surveyfiltergroupelements with(nolock) where typeid = 1 and filtergroupid in (724353)
		)
	)
 or 
 exists (
	select 1 from dbo.creativeexposure with (nolock) where  creativeexposure.respondentid = answers373075.id and creativeexposure.surveyid = 373075 and creativeexposure.creativeid  in 
		(
			select element from surveyfiltergroupelements with(nolock) where typeid = 2 and filtergroupid in (724353)
		)
	)
 or 
 exists (
	select 1 from dbo.placementexposure with (nolock) where  placementexposure.respondentid = answers373075.id and placementexposure.surveyid = 373075 and placementexposure.placementid  in 
		(
			select element from surveyfiltergroupelements with(nolock) where typeid = 3 and filtergroupid in (724353)
		)
	)
))",-1,2025-10-30 9:18:04,24878561,null,373075,0,FALSE,TRUE,FALSE,0,null,FALSE,FALSE,TRUE,Creative,FALSE,FALSE,1,Creative:  Theme - Vacuum Cleaner,null,2025-10-23 10:50:25,FALSE,FALSE,Answers373075,FALSE
739,2025-11-04 14:06:23,FALSE,FALSE,FALSE,-1,null,"(1=1) and (substring(Q257,8,1)='2')",-1,2025-10-30 9:18:05,21583714,null,373075,0,FALSE,FALSE,FALSE,251,null,FALSE,FALSE,TRUE,Delivery Item,FALSE,FALSE,1,Delivery Item: None of the above,null,2024-12-05 9:23:50,FALSE,FALSE,Answers373075,FALSE
358,2025-11-04 14:06:23,FALSE,FALSE,FALSE,-1,null,. . 21981709 .,-1,2025-10-30 9:20:35,22237599,null,374821,0,FALSE,FALSE,FALSE,796,null,TRUE,FALSE,TRUE,Site All Hits,FALSE,FALSE,1,Site All Hits: YouTube,null,2025-08-28 10:51:27,FALSE,FALSE,Answers374821,FALSE
666,2025-11-04 14:06:23,TRUE,FALSE,FALSE,-1,null,"(((
 exists (
	select 1 from dbo.bannerexposure with (nolock) where  bannerexposure.respondentid = answers373075.id and bannerexposure.surveyid = 373075 and bannerexposure.bannerid  in 
		(
			select cast(element as int) from surveyfiltergroupelements with(nolock) where typeid = 1 and filtergroupid in (724320)
		)
	)
 or 
 exists (
	select 1 from dbo.creativeexposure with (nolock) where  creativeexposure.respondentid = answers373075.id and creativeexposure.surveyid = 373075 and creativeexposure.creativeid  in 
		(
			select element from surveyfiltergroupelements with(nolock) where typeid = 2 and filtergroupid in (724320)
		)
	)
 or 
 exists (
	select 1 from dbo.placementexposure with (nolock) where  placementexposure.respondentid = answers373075.id and placementexposure.surveyid = 373075 and placementexposure.placementid  in 
		(
			select element from surveyfiltergroupelements with(nolock) where typeid = 3 and filtergroupid in (724320)
		)
	)
)) or ((Q4 in (select value from surveyfilterelements with(nolock) where filterid=24878472 and type='mapctrlbanner'))))",-1,2025-10-30 9:18:01,24878472,null,373075,0,FALSE,TRUE,TRUE,1123,null,FALSE,FALSE,TRUE,Creative,FALSE,FALSE,2,Creative:  OTT Type - Static,null,2025-10-23 10:46:33,FALSE,FALSE,Answers373075,FALSE
29,2025-11-04 14:06:23,TRUE,FALSE,FALSE,-1,null,"((
 exists (
	select 1 from dbo.bannerexposure with (nolock) where  bannerexposure.respondentid = answers374821.id and bannerexposure.surveyid = 374821 and bannerexposure.bannerid  in 
		(
			select cast(element as int) from surveyfiltergroupelements with(nolock) where typeid = 1 and filtergroupid in (727315)
		)
	)
 or 
 exists (
	select 1 from dbo.creativeexposure with (nolock) where  creativeexposure.respondentid = answers374821.id and creativeexposure.surveyid = 374821 and creativeexposure.creativeid  in 
		(
			select element from surveyfiltergroupelements with(nolock) where typeid = 2 and filtergroupid in (727315)
		)
	)
 or 
 exists (
	select 1 from dbo.placementexposure with (nolock) where  placementexposure.respondentid = answers374821.id and placementexposure.surveyid = 374821 and placementexposure.placementid  in 
		(
			select element from surveyfiltergroupelements with(nolock) where typeid = 3 and filtergroupid in (727315)
		)
	)
))",-1,2025-10-30 10:36:58,24968893,null,374821,0,FALSE,TRUE,FALSE,4677,null,FALSE,FALSE,TRUE,Creative,FALSE,FALSE,1,Creative:  Creative Publisher - Disney+,null,2025-10-28 12:45:10,FALSE,FALSE,Answers374821,FALSE
62,2025-11-04 14:06:23,TRUE,FALSE,FALSE,-1,null,"((
 exists (
	select 1 from dbo.bannerexposure with (nolock) where  bannerexposure.respondentid = answers374821.id and bannerexposure.surveyid = 374821 and bannerexposure.bannerid  in 
		(
			select cast(element as int) from surveyfiltergroupelements with(nolock) where typeid = 1 and filtergroupid in (727322)
		)
	)
 or 
 exists (
	select 1 from dbo.creativeexposure with (nolock) where  creativeexposure.respondentid = answers374821.id and creativeexposure.surveyid = 374821 and creativeexposure.creativeid  in 
		(
			select element from surveyfiltergroupelements with(nolock) where typeid = 2 and filtergroupid in (727322)
		)
	)
 or 
 exists (
	select 1 from dbo.placementexposure with (nolock) where  placementexposure.respondentid = answers374821.id and placementexposure.surveyid = 374821 and placementexposure.placementid  in 
		(
			select element from surveyfiltergroupelements with(nolock) where typeid = 3 and filtergroupid in (727322)
		)
	)
))",-1,2025-10-30 10:37:09,24968927,null,374821,0,FALSE,TRUE,FALSE,356,null,FALSE,FALSE,TRUE,Creative,FALSE,FALSE,1,Creative:  Creative Publisher - Twitch (US),null,2025-10-28 12:45:26,FALSE,FALSE,Answers374821,FALSE
378,2025-11-04 14:06:23,FALSE,FALSE,FALSE,-1,null,q4 in (select bannerid from adServerBanners where campaignid=79821 and site=22778),-1,2001-01-01 0:00:00,25033280,null,374821,0,FALSE,FALSE,FALSE,null,null,FALSE,FALSE,FALSE,Site,FALSE,FALSE,0,Site: Amazon Tablet (CA),null,2025-10-30 18:02:10,FALSE,FALSE,Answers374821,FALSE
466,2025-11-04 14:06:23,FALSE,FALSE,FALSE,-1,null,"(substring(Q250_1,4,1)='2')",-1,2025-06-11 11:20:04,21083168,null,372250,0,FALSE,FALSE,FALSE,2384,null,FALSE,FALSE,TRUE,Delivery Use - Used an app/website for pickup,FALSE,FALSE,1,Delivery Use - Used an app/website for pickup: Prepared Restaurant Food,null,2025-05-15 18:03:59,FALSE,FALSE,Answers372250,FALSE
132,2025-11-04 14:06:23,TRUE,FALSE,FALSE,-1,null,"((
 exists (
	select 1 from dbo.bannerexposure with (nolock) where  bannerexposure.respondentid = answers374821.id and bannerexposure.surveyid = 374821 and bannerexposure.bannerid  in 
		(
			select cast(element as int) from surveyfiltergroupelements with(nolock) where typeid = 1 and filtergroupid in (727259)
		)
	)
 or 
 exists (
	select 1 from dbo.creativeexposure with (nolock) where  creativeexposure.respondentid = answers374821.id and creativeexposure.surveyid = 374821 and creativeexposure.creativeid  in 
		(
			select element from surveyfiltergroupelements with(nolock) where typeid = 2 and filtergroupid in (727259)
		)
	)
 or 
 exists (
	select 1 from dbo.placementexposure with (nolock) where  placementexposure.respondentid = answers374821.id and placementexposure.surveyid = 374821 and placementexposure.placementid  in 
		(
			select element from surveyfiltergroupelements with(nolock) where typeid = 3 and filtergroupid in (727259)
		)
	)
))",-1,2025-10-30 10:37:58,24968997,null,374821,0,FALSE,TRUE,FALSE,1380,null,FALSE,FALSE,TRUE,Creative,FALSE,FALSE,1,Creative:  Placement Publisher - The Midas Exchange (US),null,2025-10-28 12:45:43,FALSE,FALSE,Answers374821,FALSE
306,2025-11-04 14:06:23,FALSE,FALSE,FALSE,-1,null,q4 in (select bannerid from adServerBanners where campaignid=79821 and site=27103) or (Q2 like '%12493366%' or Q2 like '%12593760%' or Q2 like '%12593937%' or Q2 like '%12687823%' or Q2 like '%12687894%'),-1,2001-01-01 0:00:00,25033310,null,374821,0,FALSE,FALSE,FALSE,null,null,FALSE,FALSE,FALSE,Site All Hits,FALSE,FALSE,0,Site All Hits: Amazon (BR),null,2025-10-30 18:02:10,FALSE,FALSE,Answers374821,FALSE
168,2025-11-04 14:06:23,TRUE,FALSE,FALSE,-1,null,"((
 exists (
	select 1 from dbo.bannerexposure with (nolock) where  bannerexposure.respondentid = answers374821.id and bannerexposure.surveyid = 374821 and bannerexposure.bannerid  in 
		(
			select cast(element as int) from surveyfiltergroupelements with(nolock) where typeid = 1 and filtergroupid in (727370)
		)
	)
 or 
 exists (
	select 1 from dbo.creativeexposure with (nolock) where  creativeexposure.respondentid = answers374821.id and creativeexposure.surveyid = 374821 and creativeexposure.creativeid  in 
		(
			select element from surveyfiltergroupelements with(nolock) where typeid = 2 and filtergroupid in (727370)
		)
	)
 or 
 exists (
	select 1 from dbo.placementexposure with (nolock) where  placementexposure.respondentid = answers374821.id and placementexposure.surveyid = 374821 and placementexposure.placementid  in 
		(
			select element from surveyfiltergroupelements with(nolock) where typeid = 3 and filtergroupid in (727370)
		)
	)
))",-1,2001-01-01 0:00:00,25026423,null,374821,0,FALSE,TRUE,FALSE,null,null,FALSE,FALSE,TRUE,Creative,FALSE,FALSE,1,Creative:  Size/Length - :15 - :30s,null,2025-10-30 15:15:04,FALSE,FALSE,Answers374821,FALSE
57,2025-11-04 14:06:23,TRUE,FALSE,FALSE,-1,null,"((
 exists (
	select 1 from dbo.bannerexposure with (nolock) where  bannerexposure.respondentid = answers374821.id and bannerexposure.surveyid = 374821 and bannerexposure.bannerid  in 
		(
			select cast(element as int) from surveyfiltergroupelements with(nolock) where typeid = 1 and filtergroupid in (727310)
		)
	)
 or 
 exists (
	select 1 from dbo.creativeexposure with (nolock) where  creativeexposure.respondentid = answers374821.id and creativeexposure.surveyid = 374821 and creativeexposure.creativeid  in 
		(
			select element from surveyfiltergroupelements with(nolock) where typeid = 2 and filtergroupid in (727310)
		)
	)
 or 
 exists (
	select 1 from dbo.placementexposure with (nolock) where  placementexposure.respondentid = answers374821.id and placementexposure.surveyid = 374821 and placementexposure.placementid  in 
		(
			select element from surveyfiltergroupelements with(nolock) where typeid = 3 and filtergroupid in (727310)
		)
	)
))",-1,2025-10-30 10:37:05,24968922,null,374821,0,FALSE,TRUE,FALSE,0,null,FALSE,FALSE,TRUE,Creative,FALSE,FALSE,1,Creative:  Creative Publisher - Samsung,null,2025-10-28 12:45:24,FALSE,FALSE,Answers374821,FALSE
698,2025-11-04 14:06:23,TRUE,FALSE,FALSE,-1,null,"((
 exists (
	select 1 from dbo.bannerexposure with (nolock) where  bannerexposure.respondentid = answers373075.id and bannerexposure.surveyid = 373075 and bannerexposure.bannerid  in 
		(
			select cast(element as int) from surveyfiltergroupelements with(nolock) where typeid = 1 and filtergroupid in (724356)
		)
	)
 or 
 exists (
	select 1 from dbo.creativeexposure with (nolock) where  creativeexposure.respondentid = answers373075.id and creativeexposure.surveyid = 373075 and creativeexposure.creativeid  in 
		(
			select element from surveyfiltergroupelements with(nolock) where typeid = 2 and filtergroupid in (724356)
		)
	)
 or 
 exists (
	select 1 from dbo.placementexposure with (nolock) where  placementexposure.respondentid = answers373075.id and placementexposure.surveyid = 373075 and placementexposure.placementid  in 
		(
			select element from surveyfiltergroupelements with(nolock) where typeid = 3 and filtergroupid in (724356)
		)
	)
))",-1,2025-10-30 9:18:03,24878537,null,373075,0,FALSE,TRUE,FALSE,0,null,FALSE,FALSE,TRUE,Creative,FALSE,FALSE,1,Creative:  Theme - Bubble Bath,null,2025-10-23 10:48:55,FALSE,FALSE,Answers373075,FALSE
327,2025-11-04 14:06:23,FALSE,FALSE,FALSE,-1,null,(Q4 = '12642433') or (Q2 like '%12642433%'),-1,2001-01-01 0:00:00,25033379,null,374821,0,FALSE,FALSE,FALSE,null,null,FALSE,FALSE,FALSE,Site All Hits,FALSE,FALSE,0,Site All Hits: Amazon Tablet (UK),null,2025-10-30 18:02:11,FALSE,FALSE,Answers374821,FALSE
328,2025-11-04 14:06:23,FALSE,FALSE,FALSE,-1,null,q4 in (select bannerid from adServerBanners where campaignid=79821 and site=27304) or (Q2 like '%12571537%' or Q2 like '%12571538%' or Q2 like '%12571539%'),-1,2025-10-30 9:18:06,23589492,null,374821,0,FALSE,FALSE,FALSE,132,null,FALSE,FALSE,TRUE,Site All Hits,FALSE,FALSE,0,Site All Hits: Audioboom Podcast (US),null,2025-08-25 11:38:00,FALSE,FALSE,Answers374821,FALSE
489,2025-11-04 14:06:23,FALSE,FALSE,FALSE,-1,null,(Q258=4),-1,2025-06-11 11:21:43,21081597,null,372250,0,FALSE,FALSE,FALSE,906,null,FALSE,FALSE,TRUE,Gamer,FALSE,FALSE,0,Gamer: More than 21 hours,null,2025-05-15 18:03:59,FALSE,FALSE,Answers372250,FALSE
626,2025-11-04 14:06:23,FALSE,TRUE,FALSE,-1,null,(Q768>0) OR (Q264=0),-1,2025-09-05 15:51:47,23363456,null,372250,0,FALSE,FALSE,FALSE,9870,null,FALSE,FALSE,TRUE,TV ISCI,FALSE,FALSE,1,TV ISCI: Worried30_DRTV,null,2025-05-22 14:06:10,FALSE,FALSE,Answers372250,FALSE
165,2025-11-04 14:06:23,TRUE,FALSE,FALSE,-1,null,"((
 exists (
	select 1 from dbo.bannerexposure with (nolock) where  bannerexposure.respondentid = answers374821.id and bannerexposure.surveyid = 374821 and bannerexposure.bannerid  in 
		(
			select cast(element as int) from surveyfiltergroupelements with(nolock) where typeid = 1 and filtergroupid in (727374)
		)
	)
 or 
 exists (
	select 1 from dbo.creativeexposure with (nolock) where  creativeexposure.respondentid = answers374821.id and creativeexposure.surveyid = 374821 and creativeexposure.creativeid  in 
		(
			select element from surveyfiltergroupelements with(nolock) where typeid = 2 and filtergroupid in (727374)
		)
	)
 or 
 exists (
	select 1 from dbo.placementexposure with (nolock) where  placementexposure.respondentid = answers374821.id and placementexposure.surveyid = 374821 and placementexposure.placementid  in 
		(
			select element from surveyfiltergroupelements with(nolock) where typeid = 3 and filtergroupid in (727374)
		)
	)
))",-1,2025-10-30 10:38:07,24969030,null,374821,0,FALSE,TRUE,FALSE,65,null,FALSE,FALSE,TRUE,Creative,FALSE,FALSE,1,Creative:  Size/Length - :06 - :15s,null,2025-10-28 12:45:47,FALSE,FALSE,Answers374821,FALSE
338,2025-11-04 14:06:23,FALSE,FALSE,FALSE,-1,null,"q4 in (select bannerid from adServerBanners where campaignid=79821 and site=26092) or ID IN (select id from answers374821 cross apply [SQL#].[String_Split4k](Q2, ',', 2) SplitTable cross apply [SQL#].[String_Split4k](SplitTable.SplitVal, '-', 2) bannerid where bannerid.SplitNum = 1 and bannerid.SplitVal in ( select value from dbo.surveyfilterelements WHERE surveyfilterelements.filterid=23150189 and type='in-clause' and surveyfilterelements.question='Q2' ) )",-1,2001-01-01 0:00:00,23150189,null,374821,0,FALSE,FALSE,FALSE,null,null,FALSE,FALSE,FALSE,Site All Hits,FALSE,FALSE,0,Site All Hits: iHeart Podcast (US),null,2025-10-30 18:02:10,FALSE,FALSE,Answers374821,FALSE
110,2025-11-04 14:06:23,TRUE,FALSE,FALSE,-1,null,"((
 exists (
	select 1 from dbo.bannerexposure with (nolock) where  bannerexposure.respondentid = answers374821.id and bannerexposure.surveyid = 374821 and bannerexposure.bannerid  in 
		(
			select cast(element as int) from surveyfiltergroupelements with(nolock) where typeid = 1 and filtergroupid in (727266)
		)
	)
 or 
 exists (
	select 1 from dbo.creativeexposure with (nolock) where  creativeexposure.respondentid = answers374821.id and creativeexposure.surveyid = 374821 and creativeexposure.creativeid  in 
		(
			select element from surveyfiltergroupelements with(nolock) where typeid = 2 and filtergroupid in (727266)
		)
	)
 or 
 exists (
	select 1 from dbo.placementexposure with (nolock) where  placementexposure.respondentid = answers374821.id and placementexposure.surveyid = 374821 and placementexposure.placementid  in 
		(
			select element from surveyfiltergroupelements with(nolock) where typeid = 3 and filtergroupid in (727266)
		)
	)
))",-1,2025-10-30 10:37:38,24968975,null,374821,0,FALSE,TRUE,FALSE,0,null,FALSE,FALSE,TRUE,Creative,FALSE,FALSE,1,Creative:  Placement Publisher - Nativ.ly Podcast (US),null,2025-10-28 12:45:40,FALSE,FALSE,Answers374821,FALSE
346,2025-11-04 14:06:23,FALSE,FALSE,FALSE,-1,null,q4 in (select bannerid from adServerBanners where campaignid=79821 and site=29456) or (Q2 like '%12622981%' or Q2 like '%12622982%' or Q2 like '%12622983%' or Q2 like '%12622984%' or Q2 like '%12622985%'),-1,2025-10-30 9:19:16,24106538,null,374821,0,FALSE,FALSE,FALSE,375,null,FALSE,FALSE,TRUE,Site All Hits,FALSE,FALSE,0,Site All Hits: Olyzon.TV (US),null,2025-08-27 9:42:08,FALSE,FALSE,Answers374821,FALSE
26,2025-11-04 14:06:23,TRUE,FALSE,FALSE,-1,null,"((
 exists (
	select 1 from dbo.bannerexposure with (nolock) where  bannerexposure.respondentid = answers374821.id and bannerexposure.surveyid = 374821 and bannerexposure.bannerid  in 
		(
			select cast(element as int) from surveyfiltergroupelements with(nolock) where typeid = 1 and filtergroupid in (727303)
		)
	)
 or 
 exists (
	select 1 from dbo.creativeexposure with (nolock) where  creativeexposure.respondentid = answers374821.id and creativeexposure.surveyid = 374821 and creativeexposure.creativeid  in 
		(
			select element from surveyfiltergroupelements with(nolock) where typeid = 2 and filtergroupid in (727303)
		)
	)
 or 
 exists (
	select 1 from dbo.placementexposure with (nolock) where  placementexposure.respondentid = answers374821.id and placementexposure.surveyid = 374821 and placementexposure.placementid  in 
		(
			select element from surveyfiltergroupelements with(nolock) where typeid = 3 and filtergroupid in (727303)
		)
	)
))",-1,2025-10-30 10:36:50,24968889,null,374821,0,FALSE,TRUE,FALSE,192,null,FALSE,FALSE,TRUE,Creative,FALSE,FALSE,1,Creative:  Creative Publisher - Billboard,null,2025-10-28 12:45:08,FALSE,FALSE,Answers374821,FALSE
621,2025-11-04 14:06:23,FALSE,TRUE,FALSE,-1,null,(Q763>0) OR (Q264=0),-1,2025-09-05 15:51:45,23363461,null,372250,0,FALSE,FALSE,FALSE,10184,null,FALSE,FALSE,TRUE,TV ISCI,FALSE,FALSE,1,TV ISCI: RDOR0784000H,null,2025-05-22 14:06:10,FALSE,FALSE,Answers372250,FALSE
531,2025-11-04 14:06:23,FALSE,FALSE,FALSE,-1,null,"q4 in (select bannerid from adServerBanners where campaignid=72361 and site=17277) or ID IN (select id from answers372250 cross apply [SQL#].[String_Split4k](Q2, ',', 2) SplitTable cross apply [SQL#].[String_Split4k](SplitTable.SplitVal, '-', 2) bannerid where bannerid.SplitNum = 1 and bannerid.SplitVal in ( select value from dbo.surveyfilterelements WHERE surveyfilterelements.filterid=20870683 and type='in-clause' and surveyfilterelements.question='Q2' ) )",-1,2001-01-01 0:00:00,20870683,null,372250,0,FALSE,FALSE,FALSE,null,null,FALSE,FALSE,FALSE,Site All Hits,FALSE,FALSE,0,Site All Hits: Amazon (US),null,2025-10-18 22:12:08,FALSE,FALSE,Answers372250,FALSE
764,2025-11-04 14:06:23,FALSE,FALSE,FALSE,-1,null,(Q3=1),-1,2025-10-30 9:18:09,21361293,null,373075,0,FALSE,FALSE,FALSE,377,null,FALSE,FALSE,TRUE,"Frequency (1, 2-3, 4-9, 10-19, 20+)",FALSE,FALSE,2,"Frequency (1, 2-3, 4-9, 10-19, 20+): 1",null,2024-11-21 15:19:49,FALSE,FALSE,Answers373075,FALSE
658,2025-11-04 14:06:23,TRUE,FALSE,FALSE,-1,null,"(((
 exists (
	select 1 from dbo.bannerexposure with (nolock) where  bannerexposure.respondentid = answers373075.id and bannerexposure.surveyid = 373075 and bannerexposure.bannerid  in 
		(
			select cast(element as int) from surveyfiltergroupelements with(nolock) where typeid = 1 and filtergroupid in (724367)
		)
	)
 or 
 exists (
	select 1 from dbo.creativeexposure with (nolock) where  creativeexposure.respondentid = answers373075.id and creativeexposure.surveyid = 373075 and creativeexposure.creativeid  in 
		(
			select element from surveyfiltergroupelements with(nolock) where typeid = 2 and filtergroupid in (724367)
		)
	)
 or 
 exists (
	select 1 from dbo.placementexposure with (nolock) where  placementexposure.respondentid = answers373075.id and placementexposure.surveyid = 373075 and placementexposure.placementid  in 
		(
			select element from surveyfiltergroupelements with(nolock) where typeid = 3 and filtergroupid in (724367)
		)
	)
)) or ((Q4 in (select value from surveyfilterelements with(nolock) where filterid=24878452 and type='mapctrlbanner'))))",-1,2025-10-30 9:18:01,24878452,null,373075,0,FALSE,TRUE,TRUE,1563,null,FALSE,FALSE,TRUE,Creative,FALSE,FALSE,2,Creative:  Creative Quarter - Q3'25,null,2025-10-23 10:45:59,FALSE,FALSE,Answers373075,FALSE
765,2025-11-04 14:06:23,FALSE,FALSE,FALSE,-1,null,(Q3 between 10 and 19),-1,2025-10-30 9:18:09,21361294,null,373075,0,FALSE,FALSE,FALSE,378,null,FALSE,FALSE,TRUE,"Frequency (1, 2-3, 4-9, 10-19, 20+)",FALSE,FALSE,2,"Frequency (1, 2-3, 4-9, 10-19, 20+): 10-19",null,2024-11-21 15:19:49,FALSE,FALSE,Answers373075,FALSE
446,2025-11-04 14:06:23,FALSE,FALSE,FALSE,-1,null,"(substring(Q250_10,2,1)='2')",-1,2025-06-11 11:20:07,21081569,null,372250,0,FALSE,FALSE,FALSE,2658,null,FALSE,FALSE,TRUE,Delivery Use - Used an app/website for on-demand or same day delivery,FALSE,FALSE,0,Delivery Use - Used an app/website for on-demand or same day delivery: Baby Supplies,null,2025-05-15 18:03:57,FALSE,FALSE,Answers372250,FALSE
756,2025-11-04 14:06:23,FALSE,FALSE,FALSE,-1,null,Q3=1,-1,2025-10-30 9:18:09,21361286,null,373075,0,FALSE,FALSE,FALSE,377,null,FALSE,FALSE,TRUE,"Frequency (1, 2-3, 4+)",FALSE,FALSE,2,"Frequency (1, 2-3, 4+): 1",null,2024-11-21 15:19:49,FALSE,FALSE,Answers373075,FALSE
757,2025-11-04 14:06:23,FALSE,FALSE,FALSE,-1,null,(Q3>=2),-1,2025-10-30 9:18:09,21679350,null,373075,0,FALSE,FALSE,FALSE,1988,null,FALSE,FALSE,TRUE,"Frequency (1, 2-3, 4+)",FALSE,FALSE,1,"Frequency (1, 2-3, 4+): 2+",null,2024-12-17 14:11:34,FALSE,FALSE,Answers373075,FALSE
547,2025-11-04 14:06:23,FALSE,FALSE,FALSE,-1,null,"q4 in (select bannerid from adServerBanners where campaignid=72361 and site=20739) or ID IN (select id from answers372250 cross apply [SQL#].[String_Split4k](Q2, ',', 2) SplitTable cross apply [SQL#].[String_Split4k](SplitTable.SplitVal, '-', 2) bannerid where bannerid.SplitNum = 1 and bannerid.SplitVal in ( select value from dbo.surveyfilterelements WHERE surveyfilterelements.filterid=20870756 and type='in-clause' and surveyfilterelements.question='Q2' ) )",-1,2001-01-01 0:00:00,20870756,null,372250,0,FALSE,FALSE,FALSE,null,null,FALSE,FALSE,FALSE,Site All Hits,FALSE,FALSE,0,Site All Hits: Fandom (US),null,2025-10-18 22:12:09,FALSE,FALSE,Answers372250,FALSE
471,2025-11-04 14:06:23,FALSE,FALSE,FALSE,-1,null,(Q255=3),-1,2025-06-11 11:20:07,21081583,null,372250,0,FALSE,FALSE,FALSE,453,null,FALSE,FALSE,TRUE,Employment Status,FALSE,FALSE,0,Employment Status: Student,null,2025-05-15 18:03:58,FALSE,FALSE,Answers372250,FALSE
87,2025-11-04 14:06:23,TRUE,FALSE,FALSE,-1,null,"((
 exists (
	select 1 from dbo.bannerexposure with (nolock) where  bannerexposure.respondentid = answers374821.id and bannerexposure.surveyid = 374821 and bannerexposure.bannerid  in 
		(
			select cast(element as int) from surveyfiltergroupelements with(nolock) where typeid = 1 and filtergroupid in (727412)
		)
	)
 or 
 exists (
	select 1 from dbo.creativeexposure with (nolock) where  creativeexposure.respondentid = answers374821.id and creativeexposure.surveyid = 374821 and creativeexposure.creativeid  in 
		(
			select element from surveyfiltergroupelements with(nolock) where typeid = 2 and filtergroupid in (727412)
		)
	)
 or 
 exists (
	select 1 from dbo.placementexposure with (nolock) where  placementexposure.respondentid = answers374821.id and placementexposure.surveyid = 374821 and placementexposure.placementid  in 
		(
			select element from surveyfiltergroupelements with(nolock) where typeid = 3 and filtergroupid in (727412)
		)
	)
))",-1,2025-10-30 10:37:28,24968952,null,374821,0,FALSE,TRUE,FALSE,732,null,FALSE,FALSE,TRUE,Creative,FALSE,FALSE,1,Creative:  Placement Publisher - CBS,null,2025-10-28 12:45:35,FALSE,FALSE,Answers374821,FALSE
629,2025-11-04 14:06:23,FALSE,FALSE,FALSE,-1,null,(Q164 BETWEEN 18 AND 24),-1,2025-10-30 9:17:59,21588895,null,373075,0,FALSE,FALSE,FALSE,648,null,FALSE,FALSE,TRUE,Age (Grouped),FALSE,FALSE,1,Age (Grouped): 18-24,null,2025-07-25 10:29:02,FALSE,FALSE,Answers373075,FALSE
121,2025-11-04 14:06:23,TRUE,FALSE,FALSE,-1,null,"((
 exists (
	select 1 from dbo.bannerexposure with (nolock) where  bannerexposure.respondentid = answers374821.id and bannerexposure.surveyid = 374821 and bannerexposure.bannerid  in 
		(
			select cast(element as int) from surveyfiltergroupelements with(nolock) where typeid = 1 and filtergroupid in (727386)
		)
	)
 or 
 exists (
	select 1 from dbo.creativeexposure with (nolock) where  creativeexposure.respondentid = answers374821.id and creativeexposure.surveyid = 374821 and creativeexposure.creativeid  in 
		(
			select element from surveyfiltergroupelements with(nolock) where typeid = 2 and filtergroupid in (727386)
		)
	)
 or 
 exists (
	select 1 from dbo.placementexposure with (nolock) where  placementexposure.respondentid = answers374821.id and placementexposure.surveyid = 374821 and placementexposure.placementid  in 
		(
			select element from surveyfiltergroupelements with(nolock) where typeid = 3 and filtergroupid in (727386)
		)
	)
))",-1,2025-10-30 10:37:45,24968986,null,374821,0,FALSE,TRUE,FALSE,1671,null,FALSE,FALSE,TRUE,Creative,FALSE,FALSE,1,Creative:  Placement Publisher - Raptive,null,2025-10-28 12:45:42,FALSE,FALSE,Answers374821,FALSE
405,2025-11-04 14:06:23,FALSE,FALSE,FALSE,-1,null,"(substring(Q257,11,1)='2')",-1,2025-06-11 11:15:39,21081516,null,372250,0,FALSE,FALSE,FALSE,4402,null,FALSE,FALSE,TRUE,Activity,FALSE,FALSE,0,Activity: Watched WWE,null,2025-05-15 18:03:58,FALSE,FALSE,Answers372250,FALSE
458,2025-11-04 14:06:23,FALSE,FALSE,FALSE,-1,null,"(substring(Q250_9,4,1)='2')",-1,2025-06-11 11:20:05,21083171,null,372250,0,FALSE,FALSE,FALSE,593,null,FALSE,FALSE,TRUE,Delivery Use - Used an app/website for pickup,FALSE,FALSE,1,Delivery Use - Used an app/website for pickup: Flowers,null,2025-05-15 18:03:59,FALSE,FALSE,Answers372250,FALSE
618,2025-11-04 14:06:23,FALSE,TRUE,FALSE,-1,null,(Q760>0) OR (Q264=0),-1,2025-09-05 15:51:45,23363464,null,372250,0,FALSE,FALSE,FALSE,10013,null,FALSE,FALSE,TRUE,TV ISCI,FALSE,FALSE,1,TV ISCI: RDOR0778000H,null,2025-05-22 14:06:10,FALSE,FALSE,Answers372250,FALSE
126,2025-11-04 14:06:23,TRUE,FALSE,FALSE,-1,null,"((
 exists (
	select 1 from dbo.bannerexposure with (nolock) where  bannerexposure.respondentid = answers374821.id and bannerexposure.surveyid = 374821 and bannerexposure.bannerid  in 
		(
			select cast(element as int) from surveyfiltergroupelements with(nolock) where typeid = 1 and filtergroupid in (727387)
		)
	)
 or 
 exists (
	select 1 from dbo.creativeexposure with (nolock) where  creativeexposure.respondentid = answers374821.id and creativeexposure.surveyid = 374821 and creativeexposure.creativeid  in 
		(
			select element from surveyfiltergroupelements with(nolock) where typeid = 2 and filtergroupid in (727387)
		)
	)
 or 
 exists (
	select 1 from dbo.placementexposure with (nolock) where  placementexposure.respondentid = answers374821.id and placementexposure.surveyid = 374821 and placementexposure.placementid  in 
		(
			select element from surveyfiltergroupelements with(nolock) where typeid = 3 and filtergroupid in (727387)
		)
	)
))",-1,2025-10-30 10:37:47,24968991,null,374821,0,FALSE,TRUE,FALSE,2861,null,FALSE,FALSE,TRUE,Creative,FALSE,FALSE,1,Creative:  Placement Publisher - Samsung,null,2025-10-28 12:45:42,FALSE,FALSE,Answers374821,FALSE
705,2025-11-04 14:06:23,TRUE,FALSE,FALSE,-1,null,"((
 exists (
	select 1 from dbo.bannerexposure with (nolock) where  bannerexposure.respondentid = answers373075.id and bannerexposure.surveyid = 373075 and bannerexposure.bannerid  in 
		(
			select cast(element as int) from surveyfiltergroupelements with(nolock) where typeid = 1 and filtergroupid in (724357)
		)
	)
 or 
 exists (
	select 1 from dbo.creativeexposure with (nolock) where  creativeexposure.respondentid = answers373075.id and creativeexposure.surveyid = 373075 and creativeexposure.creativeid  in 
		(
			select element from surveyfiltergroupelements with(nolock) where typeid = 2 and filtergroupid in (724357)
		)
	)
 or 
 exists (
	select 1 from dbo.placementexposure with (nolock) where  placementexposure.respondentid = answers373075.id and placementexposure.surveyid = 373075 and placementexposure.placementid  in 
		(
			select element from surveyfiltergroupelements with(nolock) where typeid = 3 and filtergroupid in (724357)
		)
	)
))",-1,2025-10-30 9:18:04,24878544,null,373075,0,FALSE,TRUE,FALSE,0,null,FALSE,FALSE,TRUE,Creative,FALSE,FALSE,1,Creative:  Theme - Grocery Sign Up,null,2025-10-23 10:49:20,FALSE,FALSE,Answers373075,FALSE
613,2025-11-04 14:06:23,FALSE,TRUE,FALSE,-1,null,(Q753>0) OR (Q264=0),-1,2025-09-05 15:51:43,23363469,null,372250,0,FALSE,FALSE,FALSE,10090,null,FALSE,FALSE,TRUE,TV ISCI,FALSE,FALSE,1,TV ISCI: DSHD0194000H,null,2025-05-22 14:06:10,FALSE,FALSE,Answers372250,FALSE
425,2025-11-04 14:06:23,FALSE,FALSE,FALSE,-1,null,"(substring(Q248,1,1)='2')",-1,2025-06-11 11:15:42,21081559,null,372250,0,FALSE,FALSE,FALSE,15957,null,FALSE,FALSE,TRUE,Delivery Category,FALSE,FALSE,0,"Delivery Category: Prepared Restaurant Food (e.g., pizza, Thai food, Mexican food, sushi, etc.)",null,2025-05-15 18:03:57,FALSE,FALSE,Answers372250,FALSE
407,2025-11-04 14:06:23,FALSE,FALSE,FALSE,-1,null,(Q186 BETWEEN 18 AND 24),-1,2025-06-11 11:15:38,23388659,null,372250,0,FALSE,FALSE,FALSE,677,null,FALSE,FALSE,TRUE,Age (Grouped),FALSE,FALSE,1,Age (Grouped): 18-24,null,2025-05-28 12:15:21,FALSE,FALSE,Answers372250,FALSE
474,2025-11-04 14:06:23,FALSE,FALSE,FALSE,-1,null,"(substring(Q254,3,1)='2')",-1,2025-06-11 11:20:08,21081586,null,372250,0,FALSE,FALSE,FALSE,1074,null,FALSE,FALSE,TRUE,Ethnicity,FALSE,FALSE,0,Ethnicity: Asian,null,2025-05-15 18:03:57,FALSE,FALSE,Answers372250,FALSE
441,2025-11-04 14:06:23,FALSE,FALSE,FALSE,-1,null,"(substring(Q250_7,3,1)='2')",-1,2025-06-11 11:17:49,21083176,null,372250,0,FALSE,FALSE,FALSE,3162,null,FALSE,FALSE,TRUE,Delivery Use - Used an app/website for non-same day delivery,FALSE,FALSE,1,Delivery Use - Used an app/website for non-same day delivery: Packaged Food & Non-Alcoholic Beverages,null,2025-05-15 18:03:59,FALSE,FALSE,Answers372250,FALSE
818,2025-11-04 14:06:23,FALSE,FALSE,FALSE,-1,null,(Q261_5 in (1)),-1,2025-10-30 9:18:11,21587530,null,373075,0,FALSE,FALSE,FALSE,1974,null,FALSE,FALSE,TRUE,Past Brand Usage - Have Tried,FALSE,FALSE,1,Past Brand Usage - Have Tried: Grubhub,null,2024-12-05 11:33:54,FALSE,FALSE,Answers373075,FALSE
85,2025-11-04 14:06:23,TRUE,FALSE,FALSE,-1,null,"((
 exists (
	select 1 from dbo.bannerexposure with (nolock) where  bannerexposure.respondentid = answers374821.id and bannerexposure.surveyid = 374821 and bannerexposure.bannerid  in 
		(
			select cast(element as int) from surveyfiltergroupelements with(nolock) where typeid = 1 and filtergroupid in (727380)
		)
	)
 or 
 exists (
	select 1 from dbo.creativeexposure with (nolock) where  creativeexposure.respondentid = answers374821.id and creativeexposure.surveyid = 374821 and creativeexposure.creativeid  in 
		(
			select element from surveyfiltergroupelements with(nolock) where typeid = 2 and filtergroupid in (727380)
		)
	)
 or 
 exists (
	select 1 from dbo.placementexposure with (nolock) where  placementexposure.respondentid = answers374821.id and placementexposure.surveyid = 374821 and placementexposure.placementid  in 
		(
			select element from surveyfiltergroupelements with(nolock) where typeid = 3 and filtergroupid in (727380)
		)
	)
))",-1,2025-10-30 10:37:28,24968950,null,374821,0,FALSE,TRUE,FALSE,192,null,FALSE,FALSE,TRUE,Creative,FALSE,FALSE,1,Creative:  Placement Publisher - Billboard,null,2025-10-28 12:45:34,FALSE,FALSE,Answers374821,FALSE
455,2025-11-04 14:06:23,FALSE,FALSE,FALSE,-1,null,"(substring(Q250_1,2,1)='2')",-1,2025-06-11 11:20:00,21081578,null,372250,0,FALSE,FALSE,FALSE,8245,null,FALSE,FALSE,TRUE,Delivery Use - Used an app/website for on-demand or same day delivery,FALSE,FALSE,0,Delivery Use - Used an app/website for on-demand or same day delivery: Prepared Restaurant Food,null,2025-05-15 18:03:56,FALSE,FALSE,Answers372250,FALSE
430,2025-11-04 14:06:23,FALSE,FALSE,FALSE,-1,null,"(substring(Q249,4,1)='2')",-1,2025-06-11 11:15:44,21081564,null,372250,0,FALSE,FALSE,FALSE,13575,null,FALSE,FALSE,TRUE,Delivery Item,FALSE,FALSE,0,"Delivery Item: Health & Medicine (e.g., cold & cough, first aid, nutritional supplements, home tests, family planning, etc.)",null,2025-05-15 18:03:57,FALSE,FALSE,Answers372250,FALSE
610,2025-11-04 14:06:23,FALSE,TRUE,FALSE,-1,null,(Q750>0) OR (Q264=0),-1,2025-09-05 15:51:42,23363472,null,372250,0,FALSE,FALSE,FALSE,10028,null,FALSE,FALSE,TRUE,TV ISCI,FALSE,FALSE,1,TV ISCI: DSHD0191000H,null,2025-05-22 14:06:10,FALSE,FALSE,Answers372250,FALSE
858,2025-11-04 14:06:23,FALSE,FALSE,FALSE,-1,null,q4 in (select bannerid from adServerBanners where campaignid=78558 and site=29142) or (Q2 like '%12607824%' or Q2 like '%12607825%' or Q2 like '%12612626%' or Q2 like '%12612628%' or Q2 like '%12612630%' or Q2 like '%12677756%' or Q2 like '%12677757%' or Q2 like '%12677758%'),-1,2025-10-30 9:18:20,23946877,null,373075,0,FALSE,FALSE,FALSE,243,null,FALSE,FALSE,TRUE,Site All Hits,FALSE,FALSE,0,Site All Hits: Netflix DI (US),null,2025-10-23 9:54:36,FALSE,FALSE,Answers373075,FALSE
479,2025-11-04 14:06:23,FALSE,FALSE,FALSE,-1,null,"(substring(Q254,7,1)='2')",-1,2025-06-11 11:20:12,21081591,null,372250,0,FALSE,FALSE,FALSE,227,null,FALSE,FALSE,TRUE,Ethnicity,FALSE,FALSE,0,Ethnicity: Other,null,2025-05-15 18:03:57,FALSE,FALSE,Answers372250,FALSE
73,2025-11-04 14:06:23,TRUE,FALSE,FALSE,-1,null,"((
 exists (
	select 1 from dbo.bannerexposure with (nolock) where  bannerexposure.respondentid = answers374821.id and bannerexposure.surveyid = 374821 and bannerexposure.bannerid  in 
		(
			select cast(element as int) from surveyfiltergroupelements with(nolock) where typeid = 1 and filtergroupid in (727438)
		)
	)
 or 
 exists (
	select 1 from dbo.creativeexposure with (nolock) where  creativeexposure.respondentid = answers374821.id and creativeexposure.surveyid = 374821 and creativeexposure.creativeid  in 
		(
			select element from surveyfiltergroupelements with(nolock) where typeid = 2 and filtergroupid in (727438)
		)
	)
 or 
 exists (
	select 1 from dbo.placementexposure with (nolock) where  placementexposure.respondentid = answers374821.id and placementexposure.surveyid = 374821 and placementexposure.placementid  in 
		(
			select element from surveyfiltergroupelements with(nolock) where typeid = 3 and filtergroupid in (727438)
		)
	)
))",-1,2025-10-30 10:37:22,24968938,null,374821,0,FALSE,TRUE,FALSE,249,null,FALSE,FALSE,TRUE,Creative,FALSE,FALSE,1,Creative:  Placement Location - Audience Network,null,2025-10-28 12:45:31,FALSE,FALSE,Answers374821,FALSE
517,2025-11-04 14:06:23,FALSE,FALSE,FALSE,-1,null,(Q252_3 in (2)),-1,2025-06-11 11:29:20,21083210,null,372250,0,FALSE,FALSE,FALSE,2929,null,FALSE,FALSE,TRUE,Past Brand Recency - Instacart,FALSE,FALSE,1,Past Brand Recency - Instacart: Less than once a week,null,2025-05-15 18:03:58,FALSE,FALSE,Answers372250,FALSE
311,2025-11-04 14:06:23,FALSE,FALSE,FALSE,-1,null,q4 in (select bannerid from adServerBanners where campaignid=79821 and site=26592) or (Q2 like '%12441852%' or Q2 like '%12454000%' or Q2 like '%12493365%' or Q2 like '%12593759%' or Q2 like '%12593793%' or Q2 like '%12687822%' or Q2 like '%12687893%'),-1,2001-01-01 0:00:00,25033278,null,374821,0,FALSE,FALSE,FALSE,null,null,FALSE,FALSE,FALSE,Site All Hits,FALSE,FALSE,0,Site All Hits: Amazon (MX),null,2025-10-30 18:02:10,FALSE,FALSE,Answers374821,FALSE
860,2025-11-04 14:06:23,FALSE,FALSE,FALSE,-1,null,q4 in (select bannerid from adServerBanners where campaignid=78558 and site=18574) or (Q2 like '%12376380%' or Q2 like '%12376381%' or Q2 like '%12393809%' or Q2 like '%12439767%' or Q2 like '%12439769%'),-1,2025-10-30 9:18:20,21505945,null,373075,0,FALSE,FALSE,FALSE,4,null,FALSE,FALSE,TRUE,Site All Hits,FALSE,FALSE,0,Site All Hits: Pandora Connected Home (US),null,2025-10-23 9:54:36,FALSE,FALSE,Answers373075,FALSE
153,2025-11-04 14:06:23,TRUE,FALSE,FALSE,-1,null,"((
 exists (
	select 1 from dbo.bannerexposure with (nolock) where  bannerexposure.respondentid = answers374821.id and bannerexposure.surveyid = 374821 and bannerexposure.bannerid  in 
		(
			select cast(element as int) from surveyfiltergroupelements with(nolock) where typeid = 1 and filtergroupid in (727362)
		)
	)
 or 
 exists (
	select 1 from dbo.creativeexposure with (nolock) where  creativeexposure.respondentid = answers374821.id and creativeexposure.surveyid = 374821 and creativeexposure.creativeid  in 
		(
			select element from surveyfiltergroupelements with(nolock) where typeid = 2 and filtergroupid in (727362)
		)
	)
 or 
 exists (
	select 1 from dbo.placementexposure with (nolock) where  placementexposure.respondentid = answers374821.id and placementexposure.surveyid = 374821 and placementexposure.placementid  in 
		(
			select element from surveyfiltergroupelements with(nolock) where typeid = 3 and filtergroupid in (727362)
		)
	)
))",-1,2025-10-30 10:38:04,24969018,null,374821,0,FALSE,TRUE,FALSE,652,null,FALSE,FALSE,TRUE,Creative,FALSE,FALSE,1,Creative:  Placement Targeting Tactic - Broad,null,2025-10-28 12:45:46,FALSE,FALSE,Answers374821,FALSE
634,2025-11-04 14:06:23,FALSE,FALSE,FALSE,-1,null,(Q164>=65),-1,2025-10-30 9:17:59,21588901,null,373075,0,FALSE,FALSE,FALSE,206,null,FALSE,FALSE,TRUE,Age (Grouped),FALSE,FALSE,1,Age (Grouped): 65+,null,2025-07-25 10:29:02,FALSE,FALSE,Answers373075,FALSE
42,2025-11-04 14:06:23,TRUE,FALSE,FALSE,-1,null,"((
 exists (
	select 1 from dbo.bannerexposure with (nolock) where  bannerexposure.respondentid = answers374821.id and bannerexposure.surveyid = 374821 and bannerexposure.bannerid  in 
		(
			select cast(element as int) from surveyfiltergroupelements with(nolock) where typeid = 1 and filtergroupid in (727308)
		)
	)
 or 
 exists (
	select 1 from dbo.creativeexposure with (nolock) where  creativeexposure.respondentid = answers374821.id and creativeexposure.surveyid = 374821 and creativeexposure.creativeid  in 
		(
			select element from surveyfiltergroupelements with(nolock) where typeid = 2 and filtergroupid in (727308)
		)
	)
 or 
 exists (
	select 1 from dbo.placementexposure with (nolock) where  placementexposure.respondentid = answers374821.id and placementexposure.surveyid = 374821 and placementexposure.placementid  in 
		(
			select element from surveyfiltergroupelements with(nolock) where typeid = 3 and filtergroupid in (727308)
		)
	)
))",-1,2025-10-30 10:37:02,24968907,null,374821,0,FALSE,TRUE,FALSE,0,null,FALSE,FALSE,TRUE,Creative,FALSE,FALSE,1,Creative:  Creative Publisher - NBA,null,2025-10-28 12:45:16,FALSE,FALSE,Answers374821,FALSE
262,2025-11-04 14:06:23,FALSE,FALSE,FALSE,-1,null,(1=1) and (Q238=0),-1,2025-10-29 17:59:21,22228333,null,374821,0,FALSE,FALSE,FALSE,11855,null,FALSE,FALSE,TRUE,Gender,FALSE,FALSE,1,Gender: Male,null,2025-02-06 14:26:32,FALSE,FALSE,Answers374821,FALSE
686,2025-11-04 14:06:23,TRUE,FALSE,FALSE,-1,null,"(((
 exists (
	select 1 from dbo.bannerexposure with (nolock) where  bannerexposure.respondentid = answers373075.id and bannerexposure.surveyid = 373075 and bannerexposure.bannerid  in 
		(
			select cast(element as int) from surveyfiltergroupelements with(nolock) where typeid = 1 and filtergroupid in (724291)
		)
	)
 or 
 exists (
	select 1 from dbo.creativeexposure with (nolock) where  creativeexposure.respondentid = answers373075.id and creativeexposure.surveyid = 373075 and creativeexposure.creativeid  in 
		(
			select element from surveyfiltergroupelements with(nolock) where typeid = 2 and filtergroupid in (724291)
		)
	)
 or 
 exists (
	select 1 from dbo.placementexposure with (nolock) where  placementexposure.respondentid = answers373075.id and placementexposure.surveyid = 373075 and placementexposure.placementid  in 
		(
			select element from surveyfiltergroupelements with(nolock) where typeid = 3 and filtergroupid in (724291)
		)
	)
)) or ((Q4 in (select value from surveyfilterelements with(nolock) where filterid=24878516 and type='mapctrlbanner'))))",-1,2025-10-30 9:18:03,24878516,null,373075,0,FALSE,TRUE,TRUE,3016,null,FALSE,FALSE,TRUE,Creative,FALSE,FALSE,2,Creative:  Size/Length - 15s,null,2025-10-23 10:48:05,FALSE,FALSE,Answers373075,FALSE
749,2025-11-04 14:06:23,FALSE,FALSE,FALSE,-1,null,"(1=1) and (substring(Q180,3,1)='2')",-1,2025-10-30 9:18:09,21583688,null,373075,0,FALSE,FALSE,FALSE,121,null,FALSE,FALSE,TRUE,Ethnicity,FALSE,FALSE,1,Ethnicity: Asian,null,2024-12-05 9:23:50,FALSE,FALSE,Answers373075,FALSE
152,2025-11-04 14:06:23,TRUE,FALSE,FALSE,-1,null,"((
 exists (
	select 1 from dbo.bannerexposure with (nolock) where  bannerexposure.respondentid = answers374821.id and bannerexposure.surveyid = 374821 and bannerexposure.bannerid  in 
		(
			select cast(element as int) from surveyfiltergroupelements with(nolock) where typeid = 1 and filtergroupid in (727396)
		)
	)
 or 
 exists (
	select 1 from dbo.creativeexposure with (nolock) where  creativeexposure.respondentid = answers374821.id and creativeexposure.surveyid = 374821 and creativeexposure.creativeid  in 
		(
			select element from surveyfiltergroupelements with(nolock) where typeid = 2 and filtergroupid in (727396)
		)
	)
 or 
 exists (
	select 1 from dbo.placementexposure with (nolock) where  placementexposure.respondentid = answers374821.id and placementexposure.surveyid = 374821 and placementexposure.placementid  in 
		(
			select element from surveyfiltergroupelements with(nolock) where typeid = 3 and filtergroupid in (727396)
		)
	)
))",-1,2025-10-30 10:38:03,24969017,null,374821,0,FALSE,TRUE,FALSE,646,null,FALSE,FALSE,TRUE,Creative,FALSE,FALSE,1,Creative:  Placement Targeting Tactic - Affinity,null,2025-10-28 12:45:46,FALSE,FALSE,Answers374821,FALSE
274,2025-11-04 14:06:23,FALSE,FALSE,FALSE,-1,null,. . 22228197 . AND . NOT_IN 22228235 . AND . NOT_IN 21967672 . AND . NOT_IN 21967689 . AND . NOT_IN 21967684 . AND . NOT_IN 22231500 . AND . NOT_IN 22186629 . AND . NOT_IN 23942018 . AND . NOT_IN 24098276 .,-1,2025-10-31 8:45:28,22236816,null,374821,0,FALSE,FALSE,TRUE,8096,null,TRUE,FALSE,FALSE,Overall,FALSE,FALSE,1,Overall: Exposed (Ignite Only),null,2025-10-27 17:27:49,FALSE,FALSE,Answers374821,FALSE
478,2025-11-04 14:06:23,FALSE,FALSE,FALSE,-1,null,"(substring(Q254,4,1)='2')",-1,2025-06-11 11:20:08,21081590,null,372250,0,FALSE,FALSE,FALSE,165,null,FALSE,FALSE,TRUE,Ethnicity,FALSE,FALSE,0,Ethnicity: Native Hawaiian or Other Pacific Islander,null,2025-05-15 18:03:57,FALSE,FALSE,Answers372250,FALSE
741,2025-11-04 14:06:23,FALSE,FALSE,FALSE,-1,null,"(1=1) and (substring(Q257,7,1)='2')",-1,2025-10-30 9:18:05,21583713,null,373075,0,FALSE,FALSE,FALSE,2241,null,FALSE,FALSE,TRUE,Delivery Item,FALSE,FALSE,1,"Delivery Item: Pet Supplies (e.g., food, toys, treats, etc.)",null,2024-12-05 9:23:50,FALSE,FALSE,Answers373075,FALSE
184,2025-11-04 14:06:23,TRUE,FALSE,FALSE,-1,null,"((
 exists (
	select 1 from dbo.bannerexposure with (nolock) where  bannerexposure.respondentid = answers374821.id and bannerexposure.surveyid = 374821 and bannerexposure.bannerid  in 
		(
			select cast(element as int) from surveyfiltergroupelements with(nolock) where typeid = 1 and filtergroupid in (727220)
		)
	)
 or 
 exists (
	select 1 from dbo.creativeexposure with (nolock) where  creativeexposure.respondentid = answers374821.id and creativeexposure.surveyid = 374821 and creativeexposure.creativeid  in 
		(
			select element from surveyfiltergroupelements with(nolock) where typeid = 2 and filtergroupid in (727220)
		)
	)
 or 
 exists (
	select 1 from dbo.placementexposure with (nolock) where  placementexposure.respondentid = answers374821.id and placementexposure.surveyid = 374821 and placementexposure.placementid  in 
		(
			select element from surveyfiltergroupelements with(nolock) where typeid = 3 and filtergroupid in (727220)
		)
	)
))",-1,2025-10-30 10:38:13,24969050,null,374821,0,FALSE,TRUE,FALSE,8389,null,FALSE,FALSE,TRUE,Creative,FALSE,FALSE,1,Creative:  Size/Length - 30s,null,2025-10-28 12:45:49,FALSE,FALSE,Answers374821,FALSE
272,2025-11-04 14:06:23,FALSE,FALSE,FALSE,-1,null,(1=1) and (Q230=0),-1,2001-01-01 0:00:00,22228238,null,374821,0,FALSE,FALSE,FALSE,8977,null,FALSE,FALSE,TRUE,Last Delivery,FALSE,FALSE,1,Last Delivery: Within the past week,null,2025-02-06 14:26:32,FALSE,FALSE,Answers374821,FALSE
393,2025-11-04 14:06:23,FALSE,FALSE,FALSE,-1,null,"(substring(Q257,13,1)='2')",-1,2025-06-11 11:15:39,21081504,null,372250,0,FALSE,FALSE,FALSE,1620,null,FALSE,FALSE,TRUE,Activity,FALSE,FALSE,0,Activity: None of the above,null,2025-05-15 18:03:56,FALSE,FALSE,Answers372250,FALSE
826,2025-11-04 14:06:23,FALSE,FALSE,FALSE,-1,null,q4 in (select bannerid from adServerBanners where campaignid=78558 and site=24862) or (Q2 like '%12509023%' or Q2 like '%12594065%' or Q2 like '%12594077%' or Q2 like '%12688200%' or Q2 like '%12689330%'),-1,2025-10-30 9:18:16,25000288,null,373075,0,FALSE,FALSE,FALSE,0,null,FALSE,FALSE,FALSE,Site All Hits,FALSE,FALSE,0,Site All Hits: Amazon (JP),null,2025-10-29 14:12:13,FALSE,FALSE,Answers373075,FALSE
10,2025-11-04 14:06:23,FALSE,FALSE,FALSE,-1,null,"(1=1) and (substring(Q241,6,1)='2')",-1,2025-10-30 8:43:58,22228355,null,374821,0,FALSE,FALSE,FALSE,7765,null,FALSE,FALSE,TRUE,Activity,FALSE,FALSE,1,Activity: Watched NFL,null,2025-02-06 14:26:32,FALSE,FALSE,Answers374821,FALSE
572,2025-11-04 14:06:23,FALSE,FALSE,FALSE,-1,null,"q4 in (select bannerid from adServerBanners where campaignid=72361 and site=9827) or ID IN (select id from answers372250 cross apply [SQL#].[String_Split4k](Q2, ',', 2) SplitTable cross apply [SQL#].[String_Split4k](SplitTable.SplitVal, '-', 2) bannerid where bannerid.SplitNum = 1 and bannerid.SplitVal in ( select value from dbo.surveyfilterelements WHERE surveyfilterelements.filterid=20870791 and type='in-clause' and surveyfilterelements.question='Q2' ) )",-1,2001-01-01 0:00:00,20870791,null,372250,0,FALSE,FALSE,FALSE,null,null,FALSE,FALSE,FALSE,Site All Hits,FALSE,FALSE,0,Site All Hits: Samsung CTV (US),null,2025-10-18 22:12:09,FALSE,FALSE,Answers372250,FALSE
105,2025-11-04 14:06:23,TRUE,FALSE,FALSE,-1,null,"((
 exists (
	select 1 from dbo.bannerexposure with (nolock) where  bannerexposure.respondentid = answers374821.id and bannerexposure.surveyid = 374821 and bannerexposure.bannerid  in 
		(
			select cast(element as int) from surveyfiltergroupelements with(nolock) where typeid = 1 and filtergroupid in (727404)
		)
	)
 or 
 exists (
	select 1 from dbo.creativeexposure with (nolock) where  creativeexposure.respondentid = answers374821.id and creativeexposure.surveyid = 374821 and creativeexposure.creativeid  in 
		(
			select element from surveyfiltergroupelements with(nolock) where typeid = 2 and filtergroupid in (727404)
		)
	)
 or 
 exists (
	select 1 from dbo.placementexposure with (nolock) where  placementexposure.respondentid = answers374821.id and placementexposure.surveyid = 374821 and placementexposure.placementid  in 
		(
			select element from surveyfiltergroupelements with(nolock) where typeid = 3 and filtergroupid in (727404)
		)
	)
))",-1,2025-10-30 10:37:36,24968970,null,374821,0,FALSE,TRUE,FALSE,1797,null,FALSE,FALSE,TRUE,Creative,FALSE,FALSE,1,Creative:  Placement Publisher - Media IQ Digital,null,2025-10-28 12:45:39,FALSE,FALSE,Answers374821,FALSE
810,2025-11-04 14:06:23,FALSE,FALSE,FALSE,-1,null,(Q264_3 in (1)),-1,2025-10-30 9:18:11,21587575,null,373075,0,FALSE,FALSE,FALSE,562,null,FALSE,FALSE,TRUE,Past Brand Recency - Instacart,FALSE,FALSE,1,Past Brand Recency - Instacart: Once a week,null,2024-12-05 11:40:05,FALSE,FALSE,Answers373075,FALSE
395,2025-11-04 14:06:23,FALSE,FALSE,FALSE,-1,null,"(substring(Q257,3,1)='2')",-1,2025-06-11 11:15:36,21081506,null,372250,0,FALSE,FALSE,FALSE,12951,null,FALSE,FALSE,TRUE,Activity,FALSE,FALSE,0,"Activity: Streamed music (e.g. Spotify, Pandora, Apple Music)",null,2025-05-15 18:03:58,FALSE,FALSE,Answers372250,FALSE
50,2025-11-04 14:06:23,TRUE,FALSE,FALSE,-1,null,"((
 exists (
	select 1 from dbo.bannerexposure with (nolock) where  bannerexposure.respondentid = answers374821.id and bannerexposure.surveyid = 374821 and bannerexposure.bannerid  in 
		(
			select cast(element as int) from surveyfiltergroupelements with(nolock) where typeid = 1 and filtergroupid in (727339)
		)
	)
 or 
 exists (
	select 1 from dbo.creativeexposure with (nolock) where  creativeexposure.respondentid = answers374821.id and creativeexposure.surveyid = 374821 and creativeexposure.creativeid  in 
		(
			select element from surveyfiltergroupelements with(nolock) where typeid = 2 and filtergroupid in (727339)
		)
	)
 or 
 exists (
	select 1 from dbo.placementexposure with (nolock) where  placementexposure.respondentid = answers374821.id and placementexposure.surveyid = 374821 and placementexposure.placementid  in 
		(
			select element from surveyfiltergroupelements with(nolock) where typeid = 3 and filtergroupid in (727339)
		)
	)
))",-1,2025-10-30 10:37:01,24968915,null,374821,0,FALSE,TRUE,FALSE,0,null,FALSE,FALSE,TRUE,Creative,FALSE,FALSE,1,Creative:  Creative Publisher - Peacock TV,null,2025-10-28 12:45:20,FALSE,FALSE,Answers374821,FALSE
286,2025-11-04 14:06:23,FALSE,FALSE,FALSE,-1,null,(Q235_5 in (0)),-1,2001-01-01 0:00:00,22228329,null,374821,0,FALSE,FALSE,FALSE,3239,null,FALSE,FALSE,TRUE,Past Brand Recency - Grubhub,FALSE,FALSE,1,Past Brand Recency - Grubhub: Several times a week,null,2025-02-06 14:26:32,FALSE,FALSE,Answers374821,FALSE
778,2025-11-04 14:06:23,FALSE,FALSE,FALSE,-1,null,(Q3= 9),-1,2025-10-30 9:18:09,21361307,null,373075,0,FALSE,FALSE,FALSE,60,null,FALSE,FALSE,TRUE,Frequency,FALSE,FALSE,2,Frequency: 9,null,2024-11-21 15:19:49,FALSE,FALSE,Answers373075,FALSE
144,2025-11-04 14:06:23,TRUE,FALSE,FALSE,-1,null,"((
 exists (
	select 1 from dbo.bannerexposure with (nolock) where  bannerexposure.respondentid = answers374821.id and bannerexposure.surveyid = 374821 and bannerexposure.bannerid  in 
		(
			select cast(element as int) from surveyfiltergroupelements with(nolock) where typeid = 1 and filtergroupid in (727422)
		)
	)
 or 
 exists (
	select 1 from dbo.creativeexposure with (nolock) where  creativeexposure.respondentid = answers374821.id and creativeexposure.surveyid = 374821 and creativeexposure.creativeid  in 
		(
			select element from surveyfiltergroupelements with(nolock) where typeid = 2 and filtergroupid in (727422)
		)
	)
 or 
 exists (
	select 1 from dbo.placementexposure with (nolock) where  placementexposure.respondentid = answers374821.id and placementexposure.surveyid = 374821 and placementexposure.placementid  in 
		(
			select element from surveyfiltergroupelements with(nolock) where typeid = 3 and filtergroupid in (727422)
		)
	)
))",-1,2025-10-30 10:37:54,24969009,null,374821,0,FALSE,TRUE,FALSE,872,null,FALSE,FALSE,TRUE,Creative,FALSE,FALSE,1,"Creative:  Placement Targeting Tactic - 1P CRM, 2P Behavioral ",null,2025-10-28 12:45:45,FALSE,FALSE,Answers374821,FALSE
97,2025-11-04 14:06:23,TRUE,FALSE,FALSE,-1,null,"((
 exists (
	select 1 from dbo.bannerexposure with (nolock) where  bannerexposure.respondentid = answers374821.id and bannerexposure.surveyid = 374821 and bannerexposure.bannerid  in 
		(
			select cast(element as int) from surveyfiltergroupelements with(nolock) where typeid = 1 and filtergroupid in (727426)
		)
	)
 or 
 exists (
	select 1 from dbo.creativeexposure with (nolock) where  creativeexposure.respondentid = answers374821.id and creativeexposure.surveyid = 374821 and creativeexposure.creativeid  in 
		(
			select element from surveyfiltergroupelements with(nolock) where typeid = 2 and filtergroupid in (727426)
		)
	)
 or 
 exists (
	select 1 from dbo.placementexposure with (nolock) where  placementexposure.respondentid = answers374821.id and placementexposure.surveyid = 374821 and placementexposure.placementid  in 
		(
			select element from surveyfiltergroupelements with(nolock) where typeid = 3 and filtergroupid in (727426)
		)
	)
))",-1,2025-10-30 10:37:31,24968962,null,374821,0,FALSE,TRUE,FALSE,0,null,FALSE,FALSE,TRUE,Creative,FALSE,FALSE,1,Creative:  Placement Publisher - GoodKarmaBrands,null,2025-10-28 12:45:38,FALSE,FALSE,Answers374821,FALSE
510,2025-11-04 14:06:23,FALSE,FALSE,FALSE,-1,null,(Q252_1 in (1)),-1,2025-06-11 11:24:39,21083201,null,372250,0,FALSE,FALSE,FALSE,4445,null,FALSE,FALSE,TRUE,Past Brand Recency - DoorDash,FALSE,FALSE,1,Past Brand Recency - DoorDash: Once a week,null,2025-05-15 18:03:56,FALSE,FALSE,Answers372250,FALSE
802,2025-11-04 14:06:23,FALSE,FALSE,FALSE,-1,null,(Q264_1 in (1)),-1,2025-10-30 9:18:10,21587567,null,373075,0,FALSE,FALSE,FALSE,689,null,FALSE,FALSE,TRUE,Past Brand Recency - DoorDash,FALSE,FALSE,1,Past Brand Recency - DoorDash: Once a week,null,2024-12-05 11:40:05,FALSE,FALSE,Answers373075,FALSE
303,2025-11-04 14:06:23,FALSE,FALSE,FALSE,-1,null,q4 in (select bannerid from adServerBanners where campaignid=79821 and site=21377) or (Q2 like '%12571548%' or Q2 like '%12571549%' or Q2 like '%12571550%' or Q2 like '%12571551%' or Q2 like '%12571552%' or Q2 like '%12571553%' or Q2 like '%12571554%' or Q2 like '%12571555%' or Q2 like '%12571556%'),-1,2025-10-30 9:17:16,23589751,null,374821,0,FALSE,FALSE,FALSE,313,null,FALSE,FALSE,TRUE,Site All Hits,FALSE,FALSE,0,Site All Hits: Acast Podcast (US),null,2025-08-25 11:38:00,FALSE,FALSE,Answers374821,FALSE
560,2025-11-04 14:06:23,FALSE,FALSE,FALSE,-1,null,"q4 in (select bannerid from adServerBanners where campaignid=72361 and site=12169) or ID IN (select id from answers372250 cross apply [SQL#].[String_Split4k](Q2, ',', 2) SplitTable cross apply [SQL#].[String_Split4k](SplitTable.SplitVal, '-', 2) bannerid where bannerid.SplitNum = 1 and bannerid.SplitVal in ( select value from dbo.surveyfilterelements WHERE surveyfilterelements.filterid=20870650 and type='in-clause' and surveyfilterelements.question='Q2' ) )",-1,2001-01-01 0:00:00,20870650,null,372250,0,FALSE,FALSE,FALSE,null,null,FALSE,FALSE,FALSE,Site All Hits,FALSE,FALSE,0,Site All Hits: MSG.com,null,2025-10-18 22:12:07,FALSE,FALSE,Answers372250,FALSE
41,2025-11-04 14:06:23,TRUE,FALSE,FALSE,-1,null,"((
 exists (
	select 1 from dbo.bannerexposure with (nolock) where  bannerexposure.respondentid = answers374821.id and bannerexposure.surveyid = 374821 and bannerexposure.bannerid  in 
		(
			select cast(element as int) from surveyfiltergroupelements with(nolock) where typeid = 1 and filtergroupid in (727307)
		)
	)
 or 
 exists (
	select 1 from dbo.creativeexposure with (nolock) where  creativeexposure.respondentid = answers374821.id and creativeexposure.surveyid = 374821 and creativeexposure.creativeid  in 
		(
			select element from surveyfiltergroupelements with(nolock) where typeid = 2 and filtergroupid in (727307)
		)
	)
 or 
 exists (
	select 1 from dbo.placementexposure with (nolock) where  placementexposure.respondentid = answers374821.id and placementexposure.surveyid = 374821 and placementexposure.placementid  in 
		(
			select element from surveyfiltergroupelements with(nolock) where typeid = 3 and filtergroupid in (727307)
		)
	)
))",-1,2025-10-30 10:36:57,24968906,null,374821,0,FALSE,TRUE,FALSE,0,null,FALSE,FALSE,TRUE,Creative,FALSE,FALSE,1,Creative:  Creative Publisher - MSGi – MSG NATIONAL PROPRTS,null,2025-10-28 12:45:15,FALSE,FALSE,Answers374821,FALSE
786,2025-11-04 14:06:23,FALSE,FALSE,FALSE,-1,null,(1=1) and (Q255=7),-1,2025-10-30 9:18:10,21583701,null,373075,0,FALSE,FALSE,FALSE,396,null,FALSE,FALSE,TRUE,Last Delivery,FALSE,FALSE,1,Last Delivery: I have not used an on-demand delivery app/website,null,2024-12-05 9:23:50,FALSE,FALSE,Answers373075,FALSE
160,2025-11-04 14:06:23,TRUE,FALSE,FALSE,-1,null,"((
 exists (
	select 1 from dbo.bannerexposure with (nolock) where  bannerexposure.respondentid = answers374821.id and bannerexposure.surveyid = 374821 and bannerexposure.bannerid  in 
		(
			select cast(element as int) from surveyfiltergroupelements with(nolock) where typeid = 1 and filtergroupid in (727236)
		)
	)
 or 
 exists (
	select 1 from dbo.creativeexposure with (nolock) where  creativeexposure.respondentid = answers374821.id and creativeexposure.surveyid = 374821 and creativeexposure.creativeid  in 
		(
			select element from surveyfiltergroupelements with(nolock) where typeid = 2 and filtergroupid in (727236)
		)
	)
 or 
 exists (
	select 1 from dbo.placementexposure with (nolock) where  placementexposure.respondentid = answers374821.id and placementexposure.surveyid = 374821 and placementexposure.placementid  in 
		(
			select element from surveyfiltergroupelements with(nolock) where typeid = 3 and filtergroupid in (727236)
		)
	)
))",-1,2025-10-30 10:38:02,24969025,null,374821,0,FALSE,TRUE,FALSE,2592,null,FALSE,FALSE,TRUE,Creative,FALSE,FALSE,1,Creative:  Placement Targeting Tactic - LAL,null,2025-10-28 12:45:46,FALSE,FALSE,Answers374821,FALSE
417,2025-11-04 14:06:23,FALSE,FALSE,FALSE,-1,null,"(((
 exists (
	select 1 from dbo.bannerexposure with (nolock) where  bannerexposure.respondentid = answers372250.id and bannerexposure.surveyid = 372250 and bannerexposure.bannerid  in 
		(
			select cast(element as int) from surveyfiltergroupelements with(nolock) where typeid = 1 and filtergroupid in (594849)
		)
	)
 or 
 exists (
	select 1 from dbo.creativeexposure with (nolock) where  creativeexposure.respondentid = answers372250.id and creativeexposure.surveyid = 372250 and creativeexposure.creativeid  in 
		(
			select element from surveyfiltergroupelements with(nolock) where typeid = 2 and filtergroupid in (594849)
		)
	)
 or 
 exists (
	select 1 from dbo.placementexposure with (nolock) where  placementexposure.respondentid = answers372250.id and placementexposure.surveyid = 372250 and placementexposure.placementid  in 
		(
			select element from surveyfiltergroupelements with(nolock) where typeid = 3 and filtergroupid in (594849)
		)
	)
)) or ((id in (select respondentid from CachedFilterMatches where filterid=19275867)) AND ID NOT IN (SELECT ID FROM answers372250 WITH(NOLOCK) WHERE (id in (select respondentid from CachedFilterMatches where filterid=19235654))) AND ID NOT IN (SELECT ID FROM answers372250 WITH(NOLOCK) WHERE (id in (select respondentid from CachedFilterMatches where filterid=19237674))) AND ID NOT IN (SELECT ID FROM answers372250 WITH(NOLOCK) WHERE (id in (select respondentid from CachedFilterMatches where filterid=19275903))) AND ID NOT IN (SELECT ID FROM answers372250 WITH(NOLOCK) WHERE (id in (select respondentid from CachedFilterMatches where filterid=19375323))) AND ID NOT IN (SELECT ID FROM answers372250 WITH(NOLOCK) WHERE (id in (select respondentid from CachedFilterMatches where filterid=19235658))) AND ID NOT IN (SELECT ID FROM answers372250 WITH(NOLOCK) WHERE (id in (select respondentid from CachedFilterMatches where filterid=19888291))) AND ID NOT IN (SELECT ID FROM answers372250 WITH(NOLOCK) WHERE (id in (select respondentid from CachedFilterMatches where filterid=19888293))) AND ID NOT IN (SELECT ID FROM answers372250 WITH(NOLOCK) WHERE (id in (select respondentid from CachedFilterMatches where filterid=19409999))) AND ID NOT IN (SELECT ID FROM answers372250 WITH(NOLOCK) WHERE ((ID IN (13974)))) AND ID NOT IN (SELECT ID FROM answers372250 WITH(NOLOCK) WHERE (id in (select respondentid from CachedFilterMatches where filterid=20270982))) AND ID NOT IN (SELECT ID FROM answers372250 WITH(NOLOCK) WHERE (id in (select respondentid from CachedFilterMatches where filterid=19928495)))))",-1,2025-09-17 11:43:05,24193854,null,372250,0,FALSE,TRUE,FALSE,4003,null,FALSE,FALSE,TRUE,Creative 365581,FALSE,FALSE,0,Creative 365581: Creative Campaign - Alcohol,null,2025-09-03 15:52:14,FALSE,FALSE,Answers372250,FALSE
794,2025-11-04 14:06:23,FALSE,FALSE,FALSE,-1,null,. . 21361308 . AND . NOT_IN 21583488 . AND . NOT_IN 21280995 . AND . NOT_IN 21282819 . AND . NOT_IN 21280999 . AND . NOT_IN 23947505 .,-1,2025-10-31 9:30:00,21594995,null,373075,0,FALSE,FALSE,TRUE,1312,null,TRUE,FALSE,FALSE,Overall,FALSE,FALSE,1,Overall: Control (Ignite Only),null,2025-10-22 14:14:45,FALSE,FALSE,Answers373075,FALSE
233,2025-11-04 14:06:23,FALSE,FALSE,FALSE,-1,null,"(1=1) and (substring(Q232,2,1)='2')",-1,2001-01-01 0:00:00,22228252,null,374821,0,FALSE,FALSE,FALSE,9304,null,FALSE,FALSE,TRUE,Delivery Item,FALSE,FALSE,1,"Delivery Item: Alcoholic Beverages (e.g., wine, beer, liquor, etc.)",null,2025-02-06 14:26:32,FALSE,FALSE,Answers374821,FALSE
570,2025-11-04 14:06:23,FALSE,FALSE,FALSE,-1,null,"q4 in (select bannerid from adServerBanners where campaignid=72361 and site=14944) or ID IN (select id from answers372250 cross apply [SQL#].[String_Split4k](Q2, ',', 2) SplitTable cross apply [SQL#].[String_Split4k](SplitTable.SplitVal, '-', 2) bannerid where bannerid.SplitNum = 1 and bannerid.SplitVal in ( select value from dbo.surveyfilterelements WHERE surveyfilterelements.filterid=20870725 and type='in-clause' and surveyfilterelements.question='Q2' ) )",-1,2001-01-01 0:00:00,20870725,null,372250,0,FALSE,FALSE,FALSE,null,null,FALSE,FALSE,FALSE,Site All Hits,FALSE,FALSE,0,Site All Hits: Roku (US),null,2025-10-18 22:12:08,FALSE,FALSE,Answers372250,FALSE
34,2025-11-04 14:06:23,TRUE,FALSE,FALSE,-1,null,"((
 exists (
	select 1 from dbo.bannerexposure with (nolock) where  bannerexposure.respondentid = answers374821.id and bannerexposure.surveyid = 374821 and bannerexposure.bannerid  in 
		(
			select cast(element as int) from surveyfiltergroupelements with(nolock) where typeid = 1 and filtergroupid in (727314)
		)
	)
 or 
 exists (
	select 1 from dbo.creativeexposure with (nolock) where  creativeexposure.respondentid = answers374821.id and creativeexposure.surveyid = 374821 and creativeexposure.creativeid  in 
		(
			select element from surveyfiltergroupelements with(nolock) where typeid = 2 and filtergroupid in (727314)
		)
	)
 or 
 exists (
	select 1 from dbo.placementexposure with (nolock) where  placementexposure.respondentid = answers374821.id and placementexposure.surveyid = 374821 and placementexposure.placementid  in 
		(
			select element from surveyfiltergroupelements with(nolock) where typeid = 3 and filtergroupid in (727314)
		)
	)
))",-1,2025-10-30 10:36:53,24968898,null,374821,0,FALSE,TRUE,FALSE,5120,null,FALSE,FALSE,TRUE,Creative,FALSE,FALSE,1,Creative:  Creative Publisher - EyeQ,null,2025-10-28 12:45:13,FALSE,FALSE,Answers374821,FALSE
594,2025-11-04 14:06:23,FALSE,FALSE,FALSE,-1,null,"(1=1) and (substring(Q260,4,1)='2')",-1,2025-06-11 11:29:35,23445340,null,372250,0,FALSE,FALSE,FALSE,5555,null,FALSE,FALSE,TRUE,Super Bowl Viewing,FALSE,FALSE,1,Super Bowl Viewing: None of these,null,2025-06-05 11:44:12,FALSE,FALSE,Answers372250,FALSE
334,2025-11-04 14:06:23,FALSE,FALSE,FALSE,-1,null,q4 in (select bannerid from adServerBanners where campaignid=79821 and site=28361) or (Q2 like '%12462654%' or Q2 like '%12462655%' or Q2 like '%12462656%' or Q2 like '%12462657%' or Q2 like '%12462658%' or Q2 like '%12462663%' or Q2 like '%12462664%' or Q2 like '%12469316%' or Q2 like '%12590385%'),-1,2025-10-30 9:18:15,22379509,null,374821,0,FALSE,FALSE,FALSE,993,null,FALSE,FALSE,TRUE,Site All Hits,FALSE,FALSE,0,Site All Hits: Facebook Consented (Meta DI) (US),null,2025-08-25 11:38:00,FALSE,FALSE,Answers374821,FALSE
240,2025-11-04 14:06:23,FALSE,FALSE,FALSE,-1,null,"(1=1) and (substring(Q232,7,1)='2')",-1,2001-01-01 0:00:00,22228257,null,374821,0,FALSE,FALSE,FALSE,9544,null,FALSE,FALSE,TRUE,Delivery Item,FALSE,FALSE,1,"Delivery Item: Pet Supplies (e.g., food, toys, treats, etc.)",null,2025-02-06 14:26:32,FALSE,FALSE,Answers374821,FALSE
335,2025-11-04 14:06:23,FALSE,FALSE,FALSE,-1,null,q4 in (select bannerid from adServerBanners where campaignid=79821 and site=29524) or (Q2 like '%12678951%' or Q2 like '%12678952%' or Q2 like '%12678953%' or Q2 like '%12678954%'),-1,2025-10-30 9:18:16,24800369,null,374821,0,FALSE,FALSE,FALSE,0,null,FALSE,FALSE,TRUE,Site All Hits,FALSE,FALSE,0,Site All Hits: Footballco (US),null,2025-10-16 15:56:04,FALSE,FALSE,Answers374821,FALSE
775,2025-11-04 14:06:23,FALSE,FALSE,FALSE,-1,null,(Q3= 6),-1,2025-10-30 9:18:09,21361304,null,373075,0,FALSE,FALSE,FALSE,104,null,FALSE,FALSE,TRUE,Frequency,FALSE,FALSE,2,Frequency: 6,null,2024-11-21 15:19:49,FALSE,FALSE,Answers373075,FALSE
302,2025-11-04 14:06:23,FALSE,FALSE,FALSE,-1,null,(Q188_1 in (0)),-1,2001-01-01 0:00:00,22433049,null,374821,0,FALSE,FALSE,FALSE,4246,null,FALSE,FALSE,TRUE,Segment,FALSE,FALSE,1,Segment: First Choice Consideration,null,2025-03-20 12:45:46,FALSE,FALSE,Answers374821,FALSE
831,2025-11-04 14:06:23,FALSE,FALSE,FALSE,-1,null,(Q4 = '12594096') or (Q2 like '%12594096%'),-1,2025-10-30 9:18:15,25000302,null,373075,0,FALSE,FALSE,FALSE,0,null,FALSE,FALSE,FALSE,Site All Hits,FALSE,FALSE,0,Site All Hits: Amazon CTV  (ES),null,2025-10-29 14:12:14,FALSE,FALSE,Answers373075,FALSE
848,2025-11-04 14:06:23,FALSE,FALSE,FALSE,-1,null,q4 in (select bannerid from adServerBanners where campaignid=78558 and site=120) or (Q2 like '%12372479%' or Q2 like '%12416941%'),-1,2025-10-30 9:18:16,21340475,null,373075,0,FALSE,FALSE,FALSE,183,null,FALSE,FALSE,TRUE,Site All Hits,FALSE,FALSE,0,Site All Hits: Billboard (US),null,2025-10-23 9:54:36,FALSE,FALSE,Answers373075,FALSE
249,2025-11-04 14:06:23,FALSE,FALSE,FALSE,-1,null,"(substring(Q233_3,2,1)='2')",-1,2001-01-01 0:00:00,22236022,null,374821,0,FALSE,FALSE,FALSE,5277,null,FALSE,FALSE,TRUE,Delivery Use - Use an app/website for on-demand or same day delivery,FALSE,FALSE,1,Delivery Use - Use an app/website for on-demand or same day delivery: Personal Care & Beauty,null,2025-02-07 13:44:10,FALSE,FALSE,Answers374821,FALSE
18,2025-11-04 14:06:23,FALSE,FALSE,FALSE,-1,null,"(1=1) and (substring(Q240,4,1)='2')",-1,2025-10-29 17:56:14,22228349,null,374821,0,FALSE,FALSE,FALSE,9374,null,FALSE,FALSE,TRUE,Children in HH,FALSE,FALSE,1,Children in HH: No,null,2025-02-06 14:26:32,FALSE,FALSE,Answers374821,FALSE
210,2025-11-04 14:06:23,TRUE,FALSE,FALSE,-1,null,"((
 exists (
	select 1 from dbo.bannerexposure with (nolock) where  bannerexposure.respondentid = answers374821.id and bannerexposure.surveyid = 374821 and bannerexposure.bannerid  in 
		(
			select cast(element as int) from surveyfiltergroupelements with(nolock) where typeid = 1 and filtergroupid in (727248)
		)
	)
 or 
 exists (
	select 1 from dbo.creativeexposure with (nolock) where  creativeexposure.respondentid = answers374821.id and creativeexposure.surveyid = 374821 and creativeexposure.creativeid  in 
		(
			select element from surveyfiltergroupelements with(nolock) where typeid = 2 and filtergroupid in (727248)
		)
	)
 or 
 exists (
	select 1 from dbo.placementexposure with (nolock) where  placementexposure.respondentid = answers374821.id and placementexposure.surveyid = 374821 and placementexposure.placementid  in 
		(
			select element from surveyfiltergroupelements with(nolock) where typeid = 3 and filtergroupid in (727248)
		)
	)
))",-1,2025-10-30 10:38:35,24969076,null,374821,0,FALSE,TRUE,FALSE,4914,null,FALSE,FALSE,TRUE,Creative,FALSE,FALSE,1,Creative:  Theme - Hispanic,null,2025-10-28 12:45:52,FALSE,FALSE,Answers374821,FALSE
887,2025-11-04 14:06:23,FALSE,FALSE,FALSE,-1,null,(Q4 = '12594078'),-1,2025-10-30 9:18:14,25000297,null,373075,0,FALSE,FALSE,FALSE,0,null,FALSE,FALSE,FALSE,Site,FALSE,FALSE,0,Site: Amazon Tablet (IT),null,2025-10-29 14:12:14,FALSE,FALSE,Answers373075,FALSE
319,2025-11-04 14:06:23,FALSE,FALSE,FALSE,-1,null,(Q4 = '12594676') or (Q2 like '%12594676%'),-1,2001-01-01 0:00:00,25033355,null,374821,0,FALSE,FALSE,FALSE,null,null,FALSE,FALSE,FALSE,Site All Hits,FALSE,FALSE,0,Site All Hits: Amazon CTV (IN),null,2025-10-30 18:02:11,FALSE,FALSE,Answers374821,FALSE
318,2025-11-04 14:06:23,FALSE,FALSE,FALSE,-1,null,(Q4 = '12593792') or (Q2 like '%12593792%'),-1,2001-01-01 0:00:00,25033333,null,374821,0,FALSE,FALSE,FALSE,null,null,FALSE,FALSE,FALSE,Site All Hits,FALSE,FALSE,0,Site All Hits: Amazon CTV (FR),null,2025-10-30 18:02:11,FALSE,FALSE,Answers374821,FALSE
715,2025-11-04 14:06:23,TRUE,FALSE,FALSE,-1,null,"((
 exists (
	select 1 from dbo.bannerexposure with (nolock) where  bannerexposure.respondentid = answers373075.id and bannerexposure.surveyid = 373075 and bannerexposure.bannerid  in 
		(
			select cast(element as int) from surveyfiltergroupelements with(nolock) where typeid = 1 and filtergroupid in (724344)
		)
	)
 or 
 exists (
	select 1 from dbo.creativeexposure with (nolock) where  creativeexposure.respondentid = answers373075.id and creativeexposure.surveyid = 373075 and creativeexposure.creativeid  in 
		(
			select element from surveyfiltergroupelements with(nolock) where typeid = 2 and filtergroupid in (724344)
		)
	)
 or 
 exists (
	select 1 from dbo.placementexposure with (nolock) where  placementexposure.respondentid = answers373075.id and placementexposure.surveyid = 373075 and placementexposure.placementid  in 
		(
			select element from surveyfiltergroupelements with(nolock) where typeid = 3 and filtergroupid in (724344)
		)
	)
))",-1,2025-10-30 9:18:06,24878554,null,373075,0,FALSE,TRUE,FALSE,0,null,FALSE,FALSE,TRUE,Creative,FALSE,FALSE,1,Creative:  Theme - Savings Don't Stop,null,2025-10-23 10:50:00,FALSE,FALSE,Answers373075,FALSE
176,2025-11-04 14:06:23,TRUE,FALSE,FALSE,-1,null,"((
 exists (
	select 1 from dbo.bannerexposure with (nolock) where  bannerexposure.respondentid = answers374821.id and bannerexposure.surveyid = 374821 and bannerexposure.bannerid  in 
		(
			select cast(element as int) from surveyfiltergroupelements with(nolock) where typeid = 1 and filtergroupid in (727224)
		)
	)
 or 
 exists (
	select 1 from dbo.creativeexposure with (nolock) where  creativeexposure.respondentid = answers374821.id and creativeexposure.surveyid = 374821 and creativeexposure.creativeid  in 
		(
			select element from surveyfiltergroupelements with(nolock) where typeid = 2 and filtergroupid in (727224)
		)
	)
 or 
 exists (
	select 1 from dbo.placementexposure with (nolock) where  placementexposure.respondentid = answers374821.id and placementexposure.surveyid = 374821 and placementexposure.placementid  in 
		(
			select element from surveyfiltergroupelements with(nolock) where typeid = 3 and filtergroupid in (727224)
		)
	)
))",-1,2025-10-30 10:38:12,24969042,null,374821,0,FALSE,TRUE,FALSE,1859,null,FALSE,FALSE,TRUE,Creative,FALSE,FALSE,1,Creative:  Size/Length - 12s,null,2025-10-28 12:45:48,FALSE,FALSE,Answers374821,FALSE
9,2025-11-04 14:06:23,FALSE,FALSE,FALSE,-1,null,"(1=1) and (substring(Q241,4,1)='2')",-1,2025-10-30 8:43:58,22228353,null,374821,0,FALSE,FALSE,FALSE,7861,null,FALSE,FALSE,TRUE,Activity,FALSE,FALSE,1,Activity: Watched NBA,null,2025-02-06 14:26:32,FALSE,FALSE,Answers374821,FALSE
602,2025-11-04 14:06:23,FALSE,TRUE,FALSE,-1,null,(Q742>0) OR (Q264=0),-1,2025-09-05 15:51:41,23363480,null,372250,0,FALSE,FALSE,FALSE,9869,null,FALSE,FALSE,TRUE,TV ISCI,FALSE,FALSE,1,TV ISCI: 1207855,null,2025-05-22 14:06:10,FALSE,FALSE,Answers372250,FALSE
655,2025-11-04 14:06:23,TRUE,FALSE,FALSE,-1,null,"((
 exists (
	select 1 from dbo.bannerexposure with (nolock) where  bannerexposure.respondentid = answers373075.id and bannerexposure.surveyid = 373075 and bannerexposure.bannerid  in 
		(
			select cast(element as int) from surveyfiltergroupelements with(nolock) where typeid = 1 and filtergroupid in (724350)
		)
	)
 or 
 exists (
	select 1 from dbo.creativeexposure with (nolock) where  creativeexposure.respondentid = answers373075.id and creativeexposure.surveyid = 373075 and creativeexposure.creativeid  in 
		(
			select element from surveyfiltergroupelements with(nolock) where typeid = 2 and filtergroupid in (724350)
		)
	)
 or 
 exists (
	select 1 from dbo.placementexposure with (nolock) where  placementexposure.respondentid = answers373075.id and placementexposure.surveyid = 373075 and placementexposure.placementid  in 
		(
			select element from surveyfiltergroupelements with(nolock) where typeid = 3 and filtergroupid in (724350)
		)
	)
))",-1,2025-10-30 9:18:01,24878449,null,373075,0,FALSE,TRUE,FALSE,0,null,FALSE,FALSE,TRUE,Creative,FALSE,FALSE,1,Creative:  Campaign - Resurrection,null,2025-10-23 10:45:44,FALSE,FALSE,Answers373075,FALSE
880,2025-11-04 14:06:23,FALSE,FALSE,FALSE,-1,null,(Q4 = '12593784'),-1,2025-10-30 9:18:14,25000293,null,373075,0,FALSE,FALSE,FALSE,0,null,FALSE,FALSE,FALSE,Site,FALSE,FALSE,0,Site: Amazon CTV (FR),null,2025-10-29 14:12:14,FALSE,FALSE,Answers373075,FALSE
670,2025-11-04 14:06:23,TRUE,FALSE,FALSE,-1,null,"(((
 exists (
	select 1 from dbo.bannerexposure with (nolock) where  bannerexposure.respondentid = answers373075.id and bannerexposure.surveyid = 373075 and bannerexposure.bannerid  in 
		(
			select cast(element as int) from surveyfiltergroupelements with(nolock) where typeid = 1 and filtergroupid in (724299)
		)
	)
 or 
 exists (
	select 1 from dbo.creativeexposure with (nolock) where  creativeexposure.respondentid = answers373075.id and creativeexposure.surveyid = 373075 and creativeexposure.creativeid  in 
		(
			select element from surveyfiltergroupelements with(nolock) where typeid = 2 and filtergroupid in (724299)
		)
	)
 or 
 exists (
	select 1 from dbo.placementexposure with (nolock) where  placementexposure.respondentid = answers373075.id and placementexposure.surveyid = 373075 and placementexposure.placementid  in 
		(
			select element from surveyfiltergroupelements with(nolock) where typeid = 3 and filtergroupid in (724299)
		)
	)
)) or ((Q4 in (select value from surveyfilterelements with(nolock) where filterid=24878477 and type='mapctrlbanner'))))",-1,2025-10-30 9:18:02,24878477,null,373075,0,FALSE,TRUE,TRUE,2910,null,FALSE,FALSE,TRUE,Creative,FALSE,FALSE,2,Creative:  Placement Device - CSD,null,2025-10-23 10:46:50,FALSE,FALSE,Answers373075,FALSE
192,2025-11-04 14:06:23,TRUE,FALSE,FALSE,-1,null,"((
 exists (
	select 1 from dbo.bannerexposure with (nolock) where  bannerexposure.respondentid = answers374821.id and bannerexposure.surveyid = 374821 and bannerexposure.bannerid  in 
		(
			select cast(element as int) from surveyfiltergroupelements with(nolock) where typeid = 1 and filtergroupid in (727289)
		)
	)
 or 
 exists (
	select 1 from dbo.creativeexposure with (nolock) where  creativeexposure.respondentid = answers374821.id and creativeexposure.surveyid = 374821 and creativeexposure.creativeid  in 
		(
			select element from surveyfiltergroupelements with(nolock) where typeid = 2 and filtergroupid in (727289)
		)
	)
 or 
 exists (
	select 1 from dbo.placementexposure with (nolock) where  placementexposure.respondentid = answers374821.id and placementexposure.surveyid = 374821 and placementexposure.placementid  in 
		(
			select element from surveyfiltergroupelements with(nolock) where typeid = 3 and filtergroupid in (727289)
		)
	)
))",-1,2025-10-30 10:38:21,24969058,null,374821,0,FALSE,TRUE,FALSE,19,null,FALSE,FALSE,TRUE,Creative,FALSE,FALSE,1,Creative:  Size/Length - 640x300,null,2025-10-28 12:45:50,FALSE,FALSE,Answers374821,FALSE
725,2025-11-04 14:06:23,FALSE,FALSE,FALSE,-1,null,(Q194_1 in (3)),-1,2025-10-30 9:18:05,21594966,null,373075,0,FALSE,FALSE,TRUE,963,null,FALSE,FALSE,TRUE,DashPass Use,FALSE,FALSE,1,DashPass Use: Have not heard of it,null,2024-12-05 18:32:57,FALSE,FALSE,Answers373075,FALSE
185,2025-11-04 14:06:23,TRUE,FALSE,FALSE,-1,null,"((
 exists (
	select 1 from dbo.bannerexposure with (nolock) where  bannerexposure.respondentid = answers374821.id and bannerexposure.surveyid = 374821 and bannerexposure.bannerid  in 
		(
			select cast(element as int) from surveyfiltergroupelements with(nolock) where typeid = 1 and filtergroupid in (727291)
		)
	)
 or 
 exists (
	select 1 from dbo.creativeexposure with (nolock) where  creativeexposure.respondentid = answers374821.id and creativeexposure.surveyid = 374821 and creativeexposure.creativeid  in 
		(
			select element from surveyfiltergroupelements with(nolock) where typeid = 2 and filtergroupid in (727291)
		)
	)
 or 
 exists (
	select 1 from dbo.placementexposure with (nolock) where  placementexposure.respondentid = answers374821.id and placementexposure.surveyid = 374821 and placementexposure.placementid  in 
		(
			select element from surveyfiltergroupelements with(nolock) where typeid = 3 and filtergroupid in (727291)
		)
	)
))",-1,2025-10-30 10:38:19,24969051,null,374821,0,FALSE,TRUE,FALSE,13,null,FALSE,FALSE,TRUE,Creative,FALSE,FALSE,1,Creative:  Size/Length - 320x250,null,2025-10-28 12:45:49,FALSE,FALSE,Answers374821,FALSE
870,2025-11-04 14:06:23,FALSE,FALSE,FALSE,-1,null,(Q4 = '12601498'),-1,2025-10-30 9:18:13,25000311,null,373075,0,FALSE,FALSE,FALSE,0,null,FALSE,FALSE,FALSE,Site,FALSE,FALSE,0,Site: Amazon (DE),null,2025-10-29 14:12:14,FALSE,FALSE,Answers373075,FALSE
663,2025-11-04 14:06:23,TRUE,FALSE,FALSE,-1,null,"(((
 exists (
	select 1 from dbo.bannerexposure with (nolock) where  bannerexposure.respondentid = answers373075.id and bannerexposure.surveyid = 373075 and bannerexposure.bannerid  in 
		(
			select cast(element as int) from surveyfiltergroupelements with(nolock) where typeid = 1 and filtergroupid in (724293)
		)
	)
 or 
 exists (
	select 1 from dbo.creativeexposure with (nolock) where  creativeexposure.respondentid = answers373075.id and creativeexposure.surveyid = 373075 and creativeexposure.creativeid  in 
		(
			select element from surveyfiltergroupelements with(nolock) where typeid = 2 and filtergroupid in (724293)
		)
	)
 or 
 exists (
	select 1 from dbo.placementexposure with (nolock) where  placementexposure.respondentid = answers373075.id and placementexposure.surveyid = 373075 and placementexposure.placementid  in 
		(
			select element from surveyfiltergroupelements with(nolock) where typeid = 3 and filtergroupid in (724293)
		)
	)
)) or ((Q4 in (select value from surveyfilterelements with(nolock) where filterid=24878457 and type='mapctrlbanner'))))",-1,2025-10-30 9:18:02,24878457,null,373075,0,FALSE,TRUE,TRUE,3282,null,FALSE,FALSE,TRUE,Creative,FALSE,FALSE,2,Creative:  Format - VID,null,2025-10-23 10:46:20,FALSE,FALSE,Answers373075,FALSE
382,2025-11-04 14:06:23,FALSE,FALSE,FALSE,-1,null,"
           ID IN (
           select distinct id from answers374821 with(nolock)
                cross apply [dbo].[splitstring](ISNULL(Q127, '') , ',') callsign
                where callsign.Value in 
                             (
                             select Value
                             from dbo.surveyfilterelements 
                             WHERE surveyfilterelements.filterid=24446189
                             and type='in-clause' and surveyfilterelements.question='Q127'
                             )
                            )",-1,2001-01-01 0:00:00,24446189,null,374821,0,FALSE,FALSE,TRUE,null,null,FALSE,FALSE,FALSE,TV Network (All Hits),FALSE,FALSE,0,TV Network (All Hits): ABC-5,null,2025-10-30 18:02:13,FALSE,FALSE,Answers374821,FALSE
586,2025-11-04 14:06:23,FALSE,FALSE,FALSE,-1,null,"(1=1) and (substring(Q259,2,1)='2')",-1,2025-06-05 11:44:42,23445332,null,372250,0,FALSE,FALSE,FALSE,5648,null,FALSE,FALSE,TRUE,Sports Fan,FALSE,FALSE,1,Sports Fan: Hockey (NHL),null,2025-06-05 11:44:12,FALSE,FALSE,Answers372250,FALSE
847,2025-11-04 14:06:23,FALSE,FALSE,FALSE,-1,null,q4 in (select bannerid from adServerBanners where campaignid=78558 and site=21459) or (Q2 like '%12504327%' or Q2 like '%12593748%' or Q2 like '%12593780%' or Q2 like '%12673999%'),-1,2025-10-30 9:18:16,22512556,null,373075,0,FALSE,FALSE,FALSE,5,null,FALSE,FALSE,TRUE,Site All Hits,FALSE,FALSE,0,Site All Hits: Amazon Tablet (US),null,2025-10-23 11:09:39,FALSE,FALSE,Answers373075,FALSE
879,2025-11-04 14:06:23,FALSE,FALSE,FALSE,-1,null,q4 in (select bannerid from adServerBanners where campaignid=78558 and site=22777),-1,2025-10-30 9:18:14,25000281,null,373075,0,FALSE,FALSE,FALSE,0,null,FALSE,FALSE,FALSE,Site,FALSE,FALSE,0,Site: Amazon CTV (CA),null,2025-10-29 14:12:13,FALSE,FALSE,Answers373075,FALSE
871,2025-11-04 14:06:23,FALSE,FALSE,FALSE,-1,null,(Q4 = '12691498'),-1,2025-10-30 9:18:13,25000319,null,373075,0,FALSE,FALSE,FALSE,0,null,FALSE,FALSE,FALSE,Site,FALSE,FALSE,0,Site: Amazon (IN),null,2025-10-29 14:12:14,FALSE,FALSE,Answers373075,FALSE
683,2025-11-04 14:06:23,TRUE,FALSE,FALSE,-1,null,"(((
 exists (
	select 1 from dbo.bannerexposure with (nolock) where  bannerexposure.respondentid = answers373075.id and bannerexposure.surveyid = 373075 and bannerexposure.bannerid  in 
		(
			select cast(element as int) from surveyfiltergroupelements with(nolock) where typeid = 1 and filtergroupid in (724374)
		)
	)
 or 
 exists (
	select 1 from dbo.creativeexposure with (nolock) where  creativeexposure.respondentid = answers373075.id and creativeexposure.surveyid = 373075 and creativeexposure.creativeid  in 
		(
			select element from surveyfiltergroupelements with(nolock) where typeid = 2 and filtergroupid in (724374)
		)
	)
 or 
 exists (
	select 1 from dbo.placementexposure with (nolock) where  placementexposure.respondentid = answers373075.id and placementexposure.surveyid = 373075 and placementexposure.placementid  in 
		(
			select element from surveyfiltergroupelements with(nolock) where typeid = 3 and filtergroupid in (724374)
		)
	)
)) or ((Q4 in (select value from surveyfilterelements with(nolock) where filterid=24878513 and type='mapctrlbanner'))))",-1,2025-10-30 9:18:04,24878513,null,373075,0,FALSE,TRUE,TRUE,1459,null,FALSE,FALSE,TRUE,Creative,FALSE,FALSE,2,Creative:  Placement Targeting Tactic - Behavioral,null,2025-10-23 10:47:52,FALSE,FALSE,Answers373075,FALSE
855,2025-11-04 14:06:23,FALSE,FALSE,FALSE,-1,null,q4 in (select bannerid from adServerBanners where campaignid=78558 and site=28362) or (Q2 like '%12594457%'),-1,2025-10-30 9:18:16,23784084,null,373075,0,FALSE,FALSE,FALSE,10,null,FALSE,FALSE,TRUE,Site All Hits,FALSE,FALSE,0,Site All Hits: Meta Audience Network Consented (Meta DI) (US),null,2025-10-23 9:54:36,FALSE,FALSE,Answers373075,FALSE
351,2025-11-04 14:06:23,FALSE,FALSE,FALSE,-1,null,q4 in (select bannerid from adServerBanners where campaignid=79821 and site=11498) or (Q2 like '%12439798%' or Q2 like '%12439800%' or Q2 like '%12439802%'),-1,2025-10-30 9:19:02,22175121,null,374821,0,FALSE,FALSE,FALSE,19,null,FALSE,FALSE,TRUE,Site All Hits,FALSE,FALSE,0,Site All Hits: Pandora Tablet (US),null,2025-08-25 11:38:00,FALSE,FALSE,Answers374821,FALSE
693,2025-11-04 14:06:23,TRUE,FALSE,FALSE,-1,null,"(((
 exists (
	select 1 from dbo.bannerexposure with (nolock) where  bannerexposure.respondentid = answers373075.id and bannerexposure.surveyid = 373075 and bannerexposure.bannerid  in 
		(
			select cast(element as int) from surveyfiltergroupelements with(nolock) where typeid = 1 and filtergroupid in (724313)
		)
	)
 or 
 exists (
	select 1 from dbo.creativeexposure with (nolock) where  creativeexposure.respondentid = answers373075.id and creativeexposure.surveyid = 373075 and creativeexposure.creativeid  in 
		(
			select element from surveyfiltergroupelements with(nolock) where typeid = 2 and filtergroupid in (724313)
		)
	)
 or 
 exists (
	select 1 from dbo.placementexposure with (nolock) where  placementexposure.respondentid = answers373075.id and placementexposure.surveyid = 373075 and placementexposure.placementid  in 
		(
			select element from surveyfiltergroupelements with(nolock) where typeid = 3 and filtergroupid in (724313)
		)
	)
)) or ((Q4 in (select value from surveyfilterelements with(nolock) where filterid=24878532 and type='mapctrlbanner'))))",-1,2025-10-30 9:18:03,24878532,null,373075,0,FALSE,TRUE,TRUE,1104,null,FALSE,FALSE,TRUE,Creative,FALSE,FALSE,2,Creative:  Size/Length - 6s,null,2025-10-23 10:48:34,FALSE,FALSE,Answers373075,FALSE
839,2025-11-04 14:06:23,FALSE,FALSE,FALSE,-1,null,q4 in (select bannerid from adServerBanners where campaignid=78558 and site=19514) or (Q2 like '%12504833%' or Q2 like '%12593747%' or Q2 like '%12593933%' or Q2 like '%12687813%' or Q2 like '%12687887%'),-1,2025-10-30 9:18:15,25000284,null,373075,0,FALSE,FALSE,FALSE,0,null,FALSE,FALSE,FALSE,Site All Hits,FALSE,FALSE,0,Site All Hits: Amazon Mobile (CA),null,2025-10-29 14:12:13,FALSE,FALSE,Answers373075,FALSE
2,2025-11-04 14:06:23,FALSE,FALSE,FALSE,-1,null,"(1=1) and (substring(Q241,1,1)='2')",-1,2025-10-30 8:43:56,22228350,null,374821,0,FALSE,FALSE,FALSE,9295,null,FALSE,FALSE,TRUE,Activity,FALSE,FALSE,1,Activity: Played video games on your PC or video game console,null,2025-02-06 14:26:32,FALSE,FALSE,Answers374821,FALSE
201,2025-11-04 14:06:23,TRUE,FALSE,FALSE,-1,null,"((
 exists (
	select 1 from dbo.bannerexposure with (nolock) where  bannerexposure.respondentid = answers374821.id and bannerexposure.surveyid = 374821 and bannerexposure.bannerid  in 
		(
			select cast(element as int) from surveyfiltergroupelements with(nolock) where typeid = 1 and filtergroupid in (727323)
		)
	)
 or 
 exists (
	select 1 from dbo.creativeexposure with (nolock) where  creativeexposure.respondentid = answers374821.id and creativeexposure.surveyid = 374821 and creativeexposure.creativeid  in 
		(
			select element from surveyfiltergroupelements with(nolock) where typeid = 2 and filtergroupid in (727323)
		)
	)
 or 
 exists (
	select 1 from dbo.placementexposure with (nolock) where  placementexposure.respondentid = answers374821.id and placementexposure.surveyid = 374821 and placementexposure.placementid  in 
		(
			select element from surveyfiltergroupelements with(nolock) where typeid = 3 and filtergroupid in (727323)
		)
	)
))",-1,2025-10-30 10:38:28,24969067,null,374821,0,FALSE,TRUE,FALSE,95,null,FALSE,FALSE,TRUE,Creative,FALSE,FALSE,1,Creative:  Theme - Battle of the Brands,null,2025-10-28 12:45:52,FALSE,FALSE,Answers374821,FALSE
838,2025-11-04 14:06:23,FALSE,FALSE,FALSE,-1,null,q4 in (select bannerid from adServerBanners where campaignid=78558 and site=21461) or (Q2 like '%12493361%' or Q2 like '%12593749%' or Q2 like '%12593781%' or Q2 like '%12643751%' or Q2 like '%12645673%' or Q2 like '%12674000%'),-1,2025-10-30 9:18:15,22512550,null,373075,0,FALSE,FALSE,FALSE,52,null,FALSE,FALSE,TRUE,Site All Hits,FALSE,FALSE,0,Site All Hits: Amazon CTV (US),null,2025-10-23 9:54:36,FALSE,FALSE,Answers373075,FALSE
807,2025-11-04 14:06:23,FALSE,FALSE,FALSE,-1,null,(Q264_5 in (0)),-1,2025-10-30 9:18:11,21587582,null,373075,0,FALSE,FALSE,FALSE,418,null,FALSE,FALSE,TRUE,Past Brand Recency - Grubhub,FALSE,FALSE,1,Past Brand Recency - Grubhub: Several times a week,null,2024-12-05 11:40:05,FALSE,FALSE,Answers373075,FALSE
671,2025-11-04 14:06:23,TRUE,FALSE,FALSE,-1,null,"(((
 exists (
	select 1 from dbo.bannerexposure with (nolock) where  bannerexposure.respondentid = answers373075.id and bannerexposure.surveyid = 373075 and bannerexposure.bannerid  in 
		(
			select cast(element as int) from surveyfiltergroupelements with(nolock) where typeid = 1 and filtergroupid in (724312)
		)
	)
 or 
 exists (
	select 1 from dbo.creativeexposure with (nolock) where  creativeexposure.respondentid = answers373075.id and creativeexposure.surveyid = 373075 and creativeexposure.creativeid  in 
		(
			select element from surveyfiltergroupelements with(nolock) where typeid = 2 and filtergroupid in (724312)
		)
	)
 or 
 exists (
	select 1 from dbo.placementexposure with (nolock) where  placementexposure.respondentid = answers373075.id and placementexposure.surveyid = 373075 and placementexposure.placementid  in 
		(
			select element from surveyfiltergroupelements with(nolock) where typeid = 3 and filtergroupid in (724312)
		)
	)
)) or ((Q4 in (select value from surveyfilterelements with(nolock) where filterid=24878478 and type='mapctrlbanner'))))",-1,2025-10-30 9:18:02,24878478,null,373075,0,FALSE,TRUE,TRUE,1972,null,FALSE,FALSE,TRUE,Creative,FALSE,FALSE,2,Creative:  Placement Device - CTV,null,2025-10-23 10:46:56,FALSE,FALSE,Answers373075,FALSE
695,2025-11-04 14:06:23,TRUE,FALSE,FALSE,-1,null,"(((
 exists (
	select 1 from dbo.bannerexposure with (nolock) where  bannerexposure.respondentid = answers373075.id and bannerexposure.surveyid = 373075 and bannerexposure.bannerid  in 
		(
			select cast(element as int) from surveyfiltergroupelements with(nolock) where typeid = 1 and filtergroupid in (724310)
		)
	)
 or 
 exists (
	select 1 from dbo.creativeexposure with (nolock) where  creativeexposure.respondentid = answers373075.id and creativeexposure.surveyid = 373075 and creativeexposure.creativeid  in 
		(
			select element from surveyfiltergroupelements with(nolock) where typeid = 2 and filtergroupid in (724310)
		)
	)
 or 
 exists (
	select 1 from dbo.placementexposure with (nolock) where  placementexposure.respondentid = answers373075.id and placementexposure.surveyid = 373075 and placementexposure.placementid  in 
		(
			select element from surveyfiltergroupelements with(nolock) where typeid = 3 and filtergroupid in (724310)
		)
	)
)) or ((Q4 in (select value from surveyfilterelements with(nolock) where filterid=24878534 and type='mapctrlbanner'))))",-1,2025-10-30 9:18:03,24878534,null,373075,0,FALSE,TRUE,TRUE,857,null,FALSE,FALSE,TRUE,Creative,FALSE,FALSE,2,Creative:  Size/Length - 970x250,null,2025-10-23 10:48:44,FALSE,FALSE,Answers373075,FALSE
823,2025-11-04 14:06:23,FALSE,FALSE,FALSE,-1,null,q4 in (select bannerid from adServerBanners where campaignid=78558 and site=5068) or (Q2 like '%12504876%' or Q2 like '%12593932%' or Q2 like '%12594064%' or Q2 like '%12687812%' or Q2 like '%12689948%'),-1,2025-10-30 9:18:15,25000286,null,373075,0,FALSE,FALSE,FALSE,0,null,FALSE,FALSE,FALSE,Site All Hits,FALSE,FALSE,0,Site All Hits: Amazon (CA),null,2025-10-29 14:12:13,FALSE,FALSE,Answers373075,FALSE
373,2025-11-04 14:06:23,FALSE,FALSE,FALSE,-1,null,(Q4 = '12594676'),-1,2001-01-01 0:00:00,25033354,null,374821,0,FALSE,FALSE,FALSE,null,null,FALSE,FALSE,FALSE,Site,FALSE,FALSE,0,Site: Amazon CTV (IN),null,2025-10-30 18:02:11,FALSE,FALSE,Answers374821,FALSE
343,2025-11-04 14:06:23,FALSE,FALSE,FALSE,-1,null,q4 in (select bannerid from adServerBanners where campaignid=79821 and site=28362) or (Q2 like '%12462653%' or Q2 like '%12462665%'),-1,2025-10-30 9:18:45,22379507,null,374821,0,FALSE,FALSE,FALSE,370,null,FALSE,FALSE,TRUE,Site All Hits,FALSE,FALSE,0,Site All Hits: Meta Audience Network Consented (Meta DI) (US),null,2025-08-25 11:38:00,FALSE,FALSE,Answers374821,FALSE
350,2025-11-04 14:06:23,FALSE,FALSE,FALSE,-1,null,q4 in (select bannerid from adServerBanners where campaignid=79821 and site=27419) or (Q2 like '%12571522%'),-1,2025-10-30 9:19:02,23589337,null,374821,0,FALSE,FALSE,FALSE,465,null,FALSE,FALSE,TRUE,Site All Hits,FALSE,FALSE,0,Site All Hits: Pandora Podcast Select (US),null,2025-08-25 11:38:00,FALSE,FALSE,Answers374821,FALSE
252,2025-11-04 14:06:23,FALSE,FALSE,FALSE,-1,null,"(1=1) and (substring(Q239,3,1)='2')",-1,2001-01-01 0:00:00,22228340,null,374821,0,FALSE,FALSE,FALSE,980,null,FALSE,FALSE,TRUE,Ethnicity,FALSE,FALSE,1,Ethnicity: Asian,null,2025-02-06 14:26:32,FALSE,FALSE,Answers374821,FALSE
647,2025-11-04 14:06:23,TRUE,FALSE,FALSE,-1,null,"((
 exists (
	select 1 from dbo.bannerexposure with (nolock) where  bannerexposure.respondentid = answers373075.id and bannerexposure.surveyid = 373075 and bannerexposure.bannerid  in 
		(
			select cast(element as int) from surveyfiltergroupelements with(nolock) where typeid = 1 and filtergroupid in (724343)
		)
	)
 or 
 exists (
	select 1 from dbo.creativeexposure with (nolock) where  creativeexposure.respondentid = answers373075.id and creativeexposure.surveyid = 373075 and creativeexposure.creativeid  in 
		(
			select element from surveyfiltergroupelements with(nolock) where typeid = 2 and filtergroupid in (724343)
		)
	)
 or 
 exists (
	select 1 from dbo.placementexposure with (nolock) where  placementexposure.respondentid = answers373075.id and placementexposure.surveyid = 373075 and placementexposure.placementid  in 
		(
			select element from surveyfiltergroupelements with(nolock) where typeid = 3 and filtergroupid in (724343)
		)
	)
))",-1,2025-10-30 9:18:01,24878440,null,373075,0,FALSE,TRUE,FALSE,0,null,FALSE,FALSE,TRUE,Creative,FALSE,FALSE,1,Creative:  Campaign - DashPass Peacock UF,null,2025-10-23 10:45:13,FALSE,FALSE,Answers373075,FALSE
217,2025-11-04 14:06:23,TRUE,FALSE,FALSE,-1,null,"((
 exists (
	select 1 from dbo.bannerexposure with (nolock) where  bannerexposure.respondentid = answers374821.id and bannerexposure.surveyid = 374821 and bannerexposure.bannerid  in 
		(
			select cast(element as int) from surveyfiltergroupelements with(nolock) where typeid = 1 and filtergroupid in (727347)
		)
	)
 or 
 exists (
	select 1 from dbo.creativeexposure with (nolock) where  creativeexposure.respondentid = answers374821.id and creativeexposure.surveyid = 374821 and creativeexposure.creativeid  in 
		(
			select element from surveyfiltergroupelements with(nolock) where typeid = 2 and filtergroupid in (727347)
		)
	)
 or 
 exists (
	select 1 from dbo.placementexposure with (nolock) where  placementexposure.respondentid = answers374821.id and placementexposure.surveyid = 374821 and placementexposure.placementid  in 
		(
			select element from surveyfiltergroupelements with(nolock) where typeid = 3 and filtergroupid in (727347)
		)
	)
))",-1,2025-10-30 10:38:36,24969083,null,374821,0,FALSE,TRUE,FALSE,3498,null,FALSE,FALSE,TRUE,Creative,FALSE,FALSE,1,Creative:  Theme - New Verticals,null,2025-10-28 12:45:53,FALSE,FALSE,Answers374821,FALSE
198,2025-11-04 14:06:23,TRUE,FALSE,FALSE,-1,null,"((
 exists (
	select 1 from dbo.bannerexposure with (nolock) where  bannerexposure.respondentid = answers374821.id and bannerexposure.surveyid = 374821 and bannerexposure.bannerid  in 
		(
			select cast(element as int) from surveyfiltergroupelements with(nolock) where typeid = 1 and filtergroupid in (727217)
		)
	)
 or 
 exists (
	select 1 from dbo.creativeexposure with (nolock) where  creativeexposure.respondentid = answers374821.id and creativeexposure.surveyid = 374821 and creativeexposure.creativeid  in 
		(
			select element from surveyfiltergroupelements with(nolock) where typeid = 2 and filtergroupid in (727217)
		)
	)
 or 
 exists (
	select 1 from dbo.placementexposure with (nolock) where  placementexposure.respondentid = answers374821.id and placementexposure.surveyid = 374821 and placementexposure.placementid  in 
		(
			select element from surveyfiltergroupelements with(nolock) where typeid = 3 and filtergroupid in (727217)
		)
	)
))",-1,2025-10-30 10:38:24,24969064,null,374821,0,FALSE,TRUE,FALSE,38,null,FALSE,FALSE,TRUE,Creative,FALSE,FALSE,1,Creative:  Size/Length - 970x90,null,2025-10-28 12:45:51,FALSE,FALSE,Answers374821,FALSE
197,2025-11-04 14:06:23,TRUE,FALSE,FALSE,-1,null,"((
 exists (
	select 1 from dbo.bannerexposure with (nolock) where  bannerexposure.respondentid = answers374821.id and bannerexposure.surveyid = 374821 and bannerexposure.bannerid  in 
		(
			select cast(element as int) from surveyfiltergroupelements with(nolock) where typeid = 1 and filtergroupid in (727275)
		)
	)
 or 
 exists (
	select 1 from dbo.creativeexposure with (nolock) where  creativeexposure.respondentid = answers374821.id and creativeexposure.surveyid = 374821 and creativeexposure.creativeid  in 
		(
			select element from surveyfiltergroupelements with(nolock) where typeid = 2 and filtergroupid in (727275)
		)
	)
 or 
 exists (
	select 1 from dbo.placementexposure with (nolock) where  placementexposure.respondentid = answers374821.id and placementexposure.surveyid = 374821 and placementexposure.placementid  in 
		(
			select element from surveyfiltergroupelements with(nolock) where typeid = 3 and filtergroupid in (727275)
		)
	)
))",-1,2025-10-30 10:38:24,24969063,null,374821,0,FALSE,TRUE,FALSE,46,null,FALSE,FALSE,TRUE,Creative,FALSE,FALSE,1,Creative:  Size/Length - 970x250,null,2025-10-28 12:45:51,FALSE,FALSE,Answers374821,FALSE
654,2025-11-04 14:06:23,TRUE,FALSE,FALSE,-1,null,"((
 exists (
	select 1 from dbo.bannerexposure with (nolock) where  bannerexposure.respondentid = answers373075.id and bannerexposure.surveyid = 373075 and bannerexposure.bannerid  in 
		(
			select cast(element as int) from surveyfiltergroupelements with(nolock) where typeid = 1 and filtergroupid in (724354)
		)
	)
 or 
 exists (
	select 1 from dbo.creativeexposure with (nolock) where  creativeexposure.respondentid = answers373075.id and creativeexposure.surveyid = 373075 and creativeexposure.creativeid  in 
		(
			select element from surveyfiltergroupelements with(nolock) where typeid = 2 and filtergroupid in (724354)
		)
	)
 or 
 exists (
	select 1 from dbo.placementexposure with (nolock) where  placementexposure.respondentid = answers373075.id and placementexposure.surveyid = 373075 and placementexposure.placementid  in 
		(
			select element from surveyfiltergroupelements with(nolock) where typeid = 3 and filtergroupid in (724354)
		)
	)
))",-1,2025-10-30 9:18:01,24878448,null,373075,0,FALSE,TRUE,FALSE,0,null,FALSE,FALSE,TRUE,Creative,FALSE,FALSE,1,Creative:  Campaign - New Verticals Tampa,null,2025-10-23 10:45:40,FALSE,FALSE,Answers373075,FALSE
253,2025-11-04 14:06:23,FALSE,FALSE,FALSE,-1,null,"(1=1) and (substring(Q239,2,1)='2')",-1,2001-01-01 0:00:00,22228339,null,374821,0,FALSE,FALSE,FALSE,3712,null,FALSE,FALSE,TRUE,Ethnicity,FALSE,FALSE,1,Ethnicity: Black/African American,null,2025-02-06 14:26:32,FALSE,FALSE,Answers374821,FALSE
815,2025-11-04 14:06:23,FALSE,FALSE,FALSE,-1,null,(Q264_2 in (0)),-1,2025-10-30 9:18:11,21587570,null,373075,0,FALSE,FALSE,FALSE,656,null,FALSE,FALSE,TRUE,Past Brand Recency - Uber Eats,FALSE,FALSE,1,Past Brand Recency - Uber Eats: Several times a week,null,2024-12-05 11:40:05,FALSE,FALSE,Answers373075,FALSE
242,2025-11-04 14:06:23,FALSE,FALSE,FALSE,-1,null,"(substring(Q233_10,2,1)='2')",-1,2001-01-01 0:00:00,22236048,null,374821,0,FALSE,FALSE,FALSE,2917,null,FALSE,FALSE,TRUE,Delivery Use - Use an app/website for on-demand or same day delivery,FALSE,FALSE,1,Delivery Use - Use an app/website for on-demand or same day delivery: Baby Supplies,null,2025-02-07 14:04:21,FALSE,FALSE,Answers374821,FALSE
366,2025-11-04 14:06:23,FALSE,FALSE,FALSE,-1,null,(Q4 = '12603704'),-1,2001-01-01 0:00:00,25033364,null,374821,0,FALSE,FALSE,FALSE,null,null,FALSE,FALSE,FALSE,Site,FALSE,FALSE,0,Site: Amazon (NL),null,2025-10-30 18:02:11,FALSE,FALSE,Answers374821,FALSE
114,2025-11-04 14:06:23,TRUE,FALSE,FALSE,-1,null,"((
 exists (
	select 1 from dbo.bannerexposure with (nolock) where  bannerexposure.respondentid = answers374821.id and bannerexposure.surveyid = 374821 and bannerexposure.bannerid  in 
		(
			select cast(element as int) from surveyfiltergroupelements with(nolock) where typeid = 1 and filtergroupid in (727424)
		)
	)
 or 
 exists (
	select 1 from dbo.creativeexposure with (nolock) where  creativeexposure.respondentid = answers374821.id and creativeexposure.surveyid = 374821 and creativeexposure.creativeid  in 
		(
			select element from surveyfiltergroupelements with(nolock) where typeid = 2 and filtergroupid in (727424)
		)
	)
 or 
 exists (
	select 1 from dbo.placementexposure with (nolock) where  placementexposure.respondentid = answers374821.id and placementexposure.surveyid = 374821 and placementexposure.placementid  in 
		(
			select element from surveyfiltergroupelements with(nolock) where typeid = 3 and filtergroupid in (727424)
		)
	)
))",-1,2025-10-30 10:37:40,24968979,null,374821,0,FALSE,TRUE,FALSE,327,null,FALSE,FALSE,TRUE,Creative,FALSE,FALSE,1,Creative:  Placement Publisher - Olyzon.TV,null,2025-10-28 12:45:41,FALSE,FALSE,Answers374821,FALSE
375,2025-11-04 14:06:23,FALSE,FALSE,FALSE,-1,null,q4 in (select bannerid from adServerBanners where campaignid=79821 and site=19514),-1,2001-01-01 0:00:00,25033266,null,374821,0,FALSE,FALSE,FALSE,null,null,FALSE,FALSE,FALSE,Site,FALSE,FALSE,0,Site: Amazon Mobile (CA),null,2025-10-30 18:02:10,FALSE,FALSE,Answers374821,FALSE
783,2025-11-04 14:06:23,FALSE,FALSE,FALSE,-1,null,(1=1) and (Q267=4),-1,2025-10-30 9:18:09,21583719,null,373075,0,FALSE,FALSE,FALSE,13,null,FALSE,FALSE,TRUE,Gender,FALSE,FALSE,1,Gender: Prefer not to answer,null,2024-12-05 9:23:50,FALSE,FALSE,Answers373075,FALSE
490,2025-11-04 14:06:23,FALSE,FALSE,FALSE,-1,null,(Q258=2),-1,2025-06-11 11:21:43,21081598,null,372250,0,FALSE,FALSE,FALSE,2252,null,FALSE,FALSE,TRUE,Gamer,FALSE,FALSE,0,"Gamer: More than 7 hours, but less than 14 hours",null,2025-05-15 18:03:59,FALSE,FALSE,Answers372250,FALSE
799,2025-11-04 14:06:23,FALSE,FALSE,FALSE,-1,null,(Q264_4 in (0)),-1,2025-10-30 9:18:10,21587578,null,373075,0,FALSE,FALSE,FALSE,1047,null,FALSE,FALSE,TRUE,Past Brand Recency - Amazon,FALSE,FALSE,1,Past Brand Recency - Amazon: Several times a week,null,2024-12-05 11:40:05,FALSE,FALSE,Answers373075,FALSE
61,2025-11-04 14:06:23,TRUE,FALSE,FALSE,-1,null,"((
 exists (
	select 1 from dbo.bannerexposure with (nolock) where  bannerexposure.respondentid = answers374821.id and bannerexposure.surveyid = 374821 and bannerexposure.bannerid  in 
		(
			select cast(element as int) from surveyfiltergroupelements with(nolock) where typeid = 1 and filtergroupid in (727342)
		)
	)
 or 
 exists (
	select 1 from dbo.creativeexposure with (nolock) where  creativeexposure.respondentid = answers374821.id and creativeexposure.surveyid = 374821 and creativeexposure.creativeid  in 
		(
			select element from surveyfiltergroupelements with(nolock) where typeid = 2 and filtergroupid in (727342)
		)
	)
 or 
 exists (
	select 1 from dbo.placementexposure with (nolock) where  placementexposure.respondentid = answers374821.id and placementexposure.surveyid = 374821 and placementexposure.placementid  in 
		(
			select element from surveyfiltergroupelements with(nolock) where typeid = 3 and filtergroupid in (727342)
		)
	)
))",-1,2025-10-30 10:37:09,24968926,null,374821,0,FALSE,TRUE,FALSE,0,null,FALSE,FALSE,TRUE,Creative,FALSE,FALSE,1,Creative:  Creative Publisher - Trip Advisor,null,2025-10-28 12:45:25,FALSE,FALSE,Answers374821,FALSE
208,2025-11-04 14:06:23,TRUE,FALSE,FALSE,-1,null,"((
 exists (
	select 1 from dbo.bannerexposure with (nolock) where  bannerexposure.respondentid = answers374821.id and bannerexposure.surveyid = 374821 and bannerexposure.bannerid  in 
		(
			select cast(element as int) from surveyfiltergroupelements with(nolock) where typeid = 1 and filtergroupid in (727361)
		)
	)
 or 
 exists (
	select 1 from dbo.creativeexposure with (nolock) where  creativeexposure.respondentid = answers374821.id and creativeexposure.surveyid = 374821 and creativeexposure.creativeid  in 
		(
			select element from surveyfiltergroupelements with(nolock) where typeid = 2 and filtergroupid in (727361)
		)
	)
 or 
 exists (
	select 1 from dbo.placementexposure with (nolock) where  placementexposure.respondentid = answers374821.id and placementexposure.surveyid = 374821 and placementexposure.placementid  in 
		(
			select element from surveyfiltergroupelements with(nolock) where typeid = 3 and filtergroupid in (727361)
		)
	)
))",-1,2025-10-30 10:38:34,24969074,null,374821,0,FALSE,TRUE,FALSE,75,null,FALSE,FALSE,TRUE,Creative,FALSE,FALSE,1,Creative:  Theme - Grocery,null,2025-10-28 12:45:52,FALSE,FALSE,Answers374821,FALSE
864,2025-11-04 14:06:23,FALSE,FALSE,FALSE,-1,null,q4 in (select bannerid from adServerBanners where campaignid=78558 and site=14632) or (Q2 like '%12376384%' or Q2 like '%12376385%' or Q2 like '%12439790%' or Q2 like '%12439792%' or Q2 like '%12439794%'),-1,2025-10-30 9:18:23,21505947,null,373075,0,FALSE,FALSE,FALSE,2,null,FALSE,FALSE,TRUE,Site All Hits,FALSE,FALSE,0,Site All Hits: Soundcloud Mobile (US),null,2025-10-23 9:54:36,FALSE,FALSE,Answers373075,FALSE
791,2025-11-04 14:06:23,FALSE,FALSE,FALSE,-1,null,(1=1) and (Q255=4),-1,2025-10-30 9:18:11,21583698,null,373075,0,FALSE,FALSE,FALSE,195,null,FALSE,FALSE,TRUE,Last Delivery,FALSE,FALSE,1,Last Delivery: Within the past 3-6 months,null,2024-12-05 9:23:50,FALSE,FALSE,Answers373075,FALSE
230,2025-11-04 14:06:23,FALSE,FALSE,FALSE,-1,null,"(1=1) and (substring(Q231,5,1)='2')",-1,2001-01-01 0:00:00,22228250,null,374821,0,FALSE,FALSE,FALSE,805,null,FALSE,FALSE,TRUE,Delivery Category,FALSE,FALSE,1,Delivery Category: None of the above,null,2025-02-06 14:26:32,FALSE,FALSE,Answers374821,FALSE
141,2025-11-04 14:06:23,TRUE,FALSE,FALSE,-1,null,"((
 exists (
	select 1 from dbo.bannerexposure with (nolock) where  bannerexposure.respondentid = answers374821.id and bannerexposure.surveyid = 374821 and bannerexposure.bannerid  in 
		(
			select cast(element as int) from surveyfiltergroupelements with(nolock) where typeid = 1 and filtergroupid in (727300)
		)
	)
 or 
 exists (
	select 1 from dbo.creativeexposure with (nolock) where  creativeexposure.respondentid = answers374821.id and creativeexposure.surveyid = 374821 and creativeexposure.creativeid  in 
		(
			select element from surveyfiltergroupelements with(nolock) where typeid = 2 and filtergroupid in (727300)
		)
	)
 or 
 exists (
	select 1 from dbo.placementexposure with (nolock) where  placementexposure.respondentid = answers374821.id and placementexposure.surveyid = 374821 and placementexposure.placementid  in 
		(
			select element from surveyfiltergroupelements with(nolock) where typeid = 3 and filtergroupid in (727300)
		)
	)
))",-1,2025-10-30 10:37:52,24969006,null,374821,0,FALSE,TRUE,FALSE,17,null,FALSE,FALSE,TRUE,Creative,FALSE,FALSE,1,Creative:  Placement Publisher - Yelp Non DI (US),null,2025-10-28 12:45:44,FALSE,FALSE,Answers374821,FALSE
91,2025-11-04 14:06:23,TRUE,FALSE,FALSE,-1,null,"((
 exists (
	select 1 from dbo.bannerexposure with (nolock) where  bannerexposure.respondentid = answers374821.id and bannerexposure.surveyid = 374821 and bannerexposure.bannerid  in 
		(
			select cast(element as int) from surveyfiltergroupelements with(nolock) where typeid = 1 and filtergroupid in (727419)
		)
	)
 or 
 exists (
	select 1 from dbo.creativeexposure with (nolock) where  creativeexposure.respondentid = answers374821.id and creativeexposure.surveyid = 374821 and creativeexposure.creativeid  in 
		(
			select element from surveyfiltergroupelements with(nolock) where typeid = 2 and filtergroupid in (727419)
		)
	)
 or 
 exists (
	select 1 from dbo.placementexposure with (nolock) where  placementexposure.respondentid = answers374821.id and placementexposure.surveyid = 374821 and placementexposure.placementid  in 
		(
			select element from surveyfiltergroupelements with(nolock) where typeid = 3 and filtergroupid in (727419)
		)
	)
))",-1,2025-10-30 10:37:30,24968956,null,374821,0,FALSE,TRUE,FALSE,458,null,FALSE,FALSE,TRUE,Creative,FALSE,FALSE,1,Creative:  Placement Publisher - DV360,null,2025-10-28 12:45:35,FALSE,FALSE,Answers374821,FALSE
498,2025-11-04 14:06:23,FALSE,FALSE,FALSE,-1,null,(Q247=1),-1,2025-06-11 11:21:44,21081607,null,372250,0,FALSE,FALSE,FALSE,5138,null,FALSE,FALSE,TRUE,Last Delivery,FALSE,FALSE,0,Last Delivery: Within the past 1-2 weeks,null,2025-05-15 18:03:57,FALSE,FALSE,Answers372250,FALSE
268,2025-11-04 14:06:23,FALSE,FALSE,FALSE,-1,null,(1=1) and (Q230=3),-1,2001-01-01 0:00:00,22228241,null,374821,0,FALSE,FALSE,FALSE,1859,null,FALSE,FALSE,TRUE,Last Delivery,FALSE,FALSE,1,Last Delivery: Within the past 1-3 months,null,2025-02-06 14:26:32,FALSE,FALSE,Answers374821,FALSE
363,2025-11-04 14:06:23,FALSE,FALSE,FALSE,-1,null,(Q4 = '12691499'),-1,2001-01-01 0:00:00,25033384,null,374821,0,FALSE,FALSE,FALSE,null,null,FALSE,FALSE,FALSE,Site,FALSE,FALSE,0,Site: Amazon (IN),null,2025-10-30 18:02:11,FALSE,FALSE,Answers374821,FALSE
703,2025-11-04 14:06:23,TRUE,FALSE,FALSE,-1,null,"((
 exists (
	select 1 from dbo.bannerexposure with (nolock) where  bannerexposure.respondentid = answers373075.id and bannerexposure.surveyid = 373075 and bannerexposure.bannerid  in 
		(
			select cast(element as int) from surveyfiltergroupelements with(nolock) where typeid = 1 and filtergroupid in (724341)
		)
	)
 or 
 exists (
	select 1 from dbo.creativeexposure with (nolock) where  creativeexposure.respondentid = answers373075.id and creativeexposure.surveyid = 373075 and creativeexposure.creativeid  in 
		(
			select element from surveyfiltergroupelements with(nolock) where typeid = 2 and filtergroupid in (724341)
		)
	)
 or 
 exists (
	select 1 from dbo.placementexposure with (nolock) where  placementexposure.respondentid = answers373075.id and placementexposure.surveyid = 373075 and placementexposure.placementid  in 
		(
			select element from surveyfiltergroupelements with(nolock) where typeid = 3 and filtergroupid in (724341)
		)
	)
))",-1,2025-10-30 9:18:03,24878542,null,373075,0,FALSE,TRUE,FALSE,0,null,FALSE,FALSE,TRUE,Creative,FALSE,FALSE,1,Creative:  Theme - DashPass Math,null,2025-10-23 10:49:13,FALSE,FALSE,Answers373075,FALSE
136,2025-11-04 14:06:23,TRUE,FALSE,FALSE,-1,null,"((
 exists (
	select 1 from dbo.bannerexposure with (nolock) where  bannerexposure.respondentid = answers374821.id and bannerexposure.surveyid = 374821 and bannerexposure.bannerid  in 
		(
			select cast(element as int) from surveyfiltergroupelements with(nolock) where typeid = 1 and filtergroupid in (727394)
		)
	)
 or 
 exists (
	select 1 from dbo.creativeexposure with (nolock) where  creativeexposure.respondentid = answers374821.id and creativeexposure.surveyid = 374821 and creativeexposure.creativeid  in 
		(
			select element from surveyfiltergroupelements with(nolock) where typeid = 2 and filtergroupid in (727394)
		)
	)
 or 
 exists (
	select 1 from dbo.placementexposure with (nolock) where  placementexposure.respondentid = answers374821.id and placementexposure.surveyid = 374821 and placementexposure.placementid  in 
		(
			select element from surveyfiltergroupelements with(nolock) where typeid = 3 and filtergroupid in (727394)
		)
	)
))",-1,2025-10-30 10:38:00,24969001,null,374821,0,FALSE,TRUE,FALSE,3884,null,FALSE,FALSE,TRUE,Creative,FALSE,FALSE,1,Creative:  Placement Publisher - TubiTV,null,2025-10-28 12:45:44,FALSE,FALSE,Answers374821,FALSE
220,2025-11-04 14:06:23,TRUE,FALSE,FALSE,-1,null,"((
 exists (
	select 1 from dbo.bannerexposure with (nolock) where  bannerexposure.respondentid = answers374821.id and bannerexposure.surveyid = 374821 and bannerexposure.bannerid  in 
		(
			select cast(element as int) from surveyfiltergroupelements with(nolock) where typeid = 1 and filtergroupid in (727225)
		)
	)
 or 
 exists (
	select 1 from dbo.creativeexposure with (nolock) where  creativeexposure.respondentid = answers374821.id and creativeexposure.surveyid = 374821 and creativeexposure.creativeid  in 
		(
			select element from surveyfiltergroupelements with(nolock) where typeid = 2 and filtergroupid in (727225)
		)
	)
 or 
 exists (
	select 1 from dbo.placementexposure with (nolock) where  placementexposure.respondentid = answers374821.id and placementexposure.surveyid = 374821 and placementexposure.placementid  in 
		(
			select element from surveyfiltergroupelements with(nolock) where typeid = 3 and filtergroupid in (727225)
		)
	)
))",-1,2025-10-30 10:38:37,24969086,null,374821,0,FALSE,TRUE,FALSE,3544,null,FALSE,FALSE,TRUE,Creative,FALSE,FALSE,1,Creative:  Theme - Resurrection,null,2025-10-28 12:45:53,FALSE,FALSE,Answers374821,FALSE
556,2025-11-04 14:06:23,FALSE,FALSE,FALSE,-1,null,q4 in (select bannerid from adServerBanners where campaignid=72361 and site=13691) or (Q2 like '%12063241%' or Q2 like '%12063242%' or Q2 like '%12063243%' or Q2 like '%12063244%' or Q2 like '%12063245%' or Q2 like '%12063246%'),-1,2025-09-17 12:02:02,20870705,null,372250,0,FALSE,FALSE,FALSE,531,null,FALSE,FALSE,FALSE,Site All Hits,FALSE,FALSE,0,Site All Hits: Match Media Group (US),null,2024-10-23 9:54:51,FALSE,FALSE,Answers372250,FALSE
53,2025-11-04 14:06:23,TRUE,FALSE,FALSE,-1,null,"((
 exists (
	select 1 from dbo.bannerexposure with (nolock) where  bannerexposure.respondentid = answers374821.id and bannerexposure.surveyid = 374821 and bannerexposure.bannerid  in 
		(
			select cast(element as int) from surveyfiltergroupelements with(nolock) where typeid = 1 and filtergroupid in (727353)
		)
	)
 or 
 exists (
	select 1 from dbo.creativeexposure with (nolock) where  creativeexposure.respondentid = answers374821.id and creativeexposure.surveyid = 374821 and creativeexposure.creativeid  in 
		(
			select element from surveyfiltergroupelements with(nolock) where typeid = 2 and filtergroupid in (727353)
		)
	)
 or 
 exists (
	select 1 from dbo.placementexposure with (nolock) where  placementexposure.respondentid = answers374821.id and placementexposure.surveyid = 374821 and placementexposure.placementid  in 
		(
			select element from surveyfiltergroupelements with(nolock) where typeid = 3 and filtergroupid in (727353)
		)
	)
))",-1,2025-10-30 10:37:19,24968918,null,374821,0,FALSE,TRUE,FALSE,0,null,FALSE,FALSE,TRUE,Creative,FALSE,FALSE,1,"Creative:  Creative Publisher - Peacock, Tubi, EyeQ ",null,2025-10-28 12:45:23,FALSE,FALSE,Answers374821,FALSE
564,2025-11-04 14:06:23,FALSE,FALSE,FALSE,-1,null,"q4 in (select bannerid from adServerBanners where campaignid=72361 and site=14572) or ID IN (select id from answers372250 cross apply [SQL#].[String_Split4k](Q2, ',', 2) SplitTable cross apply [SQL#].[String_Split4k](SplitTable.SplitVal, '-', 2) bannerid where bannerid.SplitNum = 1 and bannerid.SplitVal in ( select value from dbo.surveyfilterelements WHERE surveyfilterelements.filterid=20870758 and type='in-clause' and surveyfilterelements.question='Q2' ) )",-1,2001-01-01 0:00:00,20870758,null,372250,0,FALSE,FALSE,FALSE,null,null,FALSE,FALSE,FALSE,Site All Hits,FALSE,FALSE,0,Site All Hits: NFL (US),null,2025-10-18 22:12:09,FALSE,FALSE,Answers372250,FALSE
862,2025-11-04 14:06:23,FALSE,FALSE,FALSE,-1,null,"q4 in (select bannerid from adServerBanners where campaignid=78558 and site=18518) or ID IN (select id from answers373075 cross apply [SQL#].[String_Split4k](Q2, ',', 2) SplitTable cross apply [SQL#].[String_Split4k](SplitTable.SplitVal, '-', 2) bannerid where bannerid.SplitNum = 1 and bannerid.SplitVal in ( select value from dbo.surveyfilterelements WHERE surveyfilterelements.filterid=21280984 and type='in-clause' and surveyfilterelements.question='Q2' ) )",-1,2025-10-30 9:18:23,21280984,null,373075,0,FALSE,FALSE,FALSE,979,null,FALSE,FALSE,FALSE,Site All Hits,FALSE,FALSE,0,Site All Hits: Raptive (fka CafeMedia)(US),null,2025-10-29 14:12:13,FALSE,FALSE,Answers373075,FALSE
133,2025-11-04 14:06:23,TRUE,FALSE,FALSE,-1,null,"((
 exists (
	select 1 from dbo.bannerexposure with (nolock) where  bannerexposure.respondentid = answers374821.id and bannerexposure.surveyid = 374821 and bannerexposure.bannerid  in 
		(
			select cast(element as int) from surveyfiltergroupelements with(nolock) where typeid = 1 and filtergroupid in (727390)
		)
	)
 or 
 exists (
	select 1 from dbo.creativeexposure with (nolock) where  creativeexposure.respondentid = answers374821.id and creativeexposure.surveyid = 374821 and creativeexposure.creativeid  in 
		(
			select element from surveyfiltergroupelements with(nolock) where typeid = 2 and filtergroupid in (727390)
		)
	)
 or 
 exists (
	select 1 from dbo.placementexposure with (nolock) where  placementexposure.respondentid = answers374821.id and placementexposure.surveyid = 374821 and placementexposure.placementid  in 
		(
			select element from surveyfiltergroupelements with(nolock) where typeid = 3 and filtergroupid in (727390)
		)
	)
))",-1,2025-10-30 10:37:59,24968998,null,374821,0,FALSE,TRUE,FALSE,7109,null,FALSE,FALSE,TRUE,Creative,FALSE,FALSE,1,Creative:  Placement Publisher - The Trade Desk,null,2025-10-28 12:45:43,FALSE,FALSE,Answers374821,FALSE
81,2025-11-04 14:06:23,TRUE,FALSE,FALSE,-1,null,"((
 exists (
	select 1 from dbo.bannerexposure with (nolock) where  bannerexposure.respondentid = answers374821.id and bannerexposure.surveyid = 374821 and bannerexposure.bannerid  in 
		(
			select cast(element as int) from surveyfiltergroupelements with(nolock) where typeid = 1 and filtergroupid in (727268)
		)
	)
 or 
 exists (
	select 1 from dbo.creativeexposure with (nolock) where  creativeexposure.respondentid = answers374821.id and creativeexposure.surveyid = 374821 and creativeexposure.creativeid  in 
		(
			select element from surveyfiltergroupelements with(nolock) where typeid = 2 and filtergroupid in (727268)
		)
	)
 or 
 exists (
	select 1 from dbo.placementexposure with (nolock) where  placementexposure.respondentid = answers374821.id and placementexposure.surveyid = 374821 and placementexposure.placementid  in 
		(
			select element from surveyfiltergroupelements with(nolock) where typeid = 3 and filtergroupid in (727268)
		)
	)
))",-1,2025-10-30 10:37:26,24968946,null,374821,0,FALSE,TRUE,FALSE,784,null,FALSE,FALSE,TRUE,Creative,FALSE,FALSE,1,Creative:  Placement Publisher - Activision Blizzard/King (US),null,2025-10-28 12:45:32,FALSE,FALSE,Answers374821,FALSE
673,2025-11-04 14:06:23,TRUE,FALSE,FALSE,-1,null,"(((
 exists (
	select 1 from dbo.bannerexposure with (nolock) where  bannerexposure.respondentid = answers373075.id and bannerexposure.surveyid = 373075 and bannerexposure.bannerid  in 
		(
			select cast(element as int) from surveyfiltergroupelements with(nolock) where typeid = 1 and filtergroupid in (724295)
		)
	)
 or 
 exists (
	select 1 from dbo.creativeexposure with (nolock) where  creativeexposure.respondentid = answers373075.id and creativeexposure.surveyid = 373075 and creativeexposure.creativeid  in 
		(
			select element from surveyfiltergroupelements with(nolock) where typeid = 2 and filtergroupid in (724295)
		)
	)
 or 
 exists (
	select 1 from dbo.placementexposure with (nolock) where  placementexposure.respondentid = answers373075.id and placementexposure.surveyid = 373075 and placementexposure.placementid  in 
		(
			select element from surveyfiltergroupelements with(nolock) where typeid = 3 and filtergroupid in (724295)
		)
	)
)) or ((Q4 in (select value from surveyfilterelements with(nolock) where filterid=24878485 and type='mapctrlbanner'))))",-1,2025-10-30 9:18:02,24878485,null,373075,0,FALSE,TRUE,TRUE,2235,null,FALSE,FALSE,TRUE,Creative,FALSE,FALSE,2,Creative:  Placement Device - MOB,null,2025-10-23 10:47:05,FALSE,FALSE,Answers373075,FALSE
266,2025-11-04 14:06:23,FALSE,FALSE,FALSE,-1,null,(1=1) and (Q230=6),-1,2001-01-01 0:00:00,22228244,null,374821,0,FALSE,FALSE,FALSE,518,null,FALSE,FALSE,TRUE,Last Delivery,FALSE,FALSE,1,Last Delivery: More than 12 months ago,null,2025-02-06 14:26:32,FALSE,FALSE,Answers374821,FALSE
58,2025-11-04 14:06:23,TRUE,FALSE,FALSE,-1,null,"((
 exists (
	select 1 from dbo.bannerexposure with (nolock) where  bannerexposure.respondentid = answers374821.id and bannerexposure.surveyid = 374821 and bannerexposure.bannerid  in 
		(
			select cast(element as int) from surveyfiltergroupelements with(nolock) where typeid = 1 and filtergroupid in (727312)
		)
	)
 or 
 exists (
	select 1 from dbo.creativeexposure with (nolock) where  creativeexposure.respondentid = answers374821.id and creativeexposure.surveyid = 374821 and creativeexposure.creativeid  in 
		(
			select element from surveyfiltergroupelements with(nolock) where typeid = 2 and filtergroupid in (727312)
		)
	)
 or 
 exists (
	select 1 from dbo.placementexposure with (nolock) where  placementexposure.respondentid = answers374821.id and placementexposure.surveyid = 374821 and placementexposure.placementid  in 
		(
			select element from surveyfiltergroupelements with(nolock) where typeid = 3 and filtergroupid in (727312)
		)
	)
))",-1,2025-10-30 10:37:07,24968923,null,374821,0,FALSE,TRUE,FALSE,0,null,FALSE,FALSE,TRUE,Creative,FALSE,FALSE,1,Creative:  Creative Publisher - siriusxm.com,null,2025-10-28 12:45:24,FALSE,FALSE,Answers374821,FALSE
411,2025-11-04 14:06:23,FALSE,FALSE,FALSE,-1,null,(Q186 BETWEEN 55 AND 64),-1,2025-06-11 11:15:38,23388656,null,372250,0,FALSE,FALSE,FALSE,1370,null,FALSE,FALSE,TRUE,Age (Grouped),FALSE,FALSE,1,Age (Grouped): 55-64,null,2025-05-28 12:15:21,FALSE,FALSE,Answers372250,FALSE
496,2025-11-04 14:06:23,FALSE,FALSE,FALSE,-1,null,(Q247=7),-1,2025-06-11 11:21:44,21081605,null,372250,0,FALSE,FALSE,FALSE,3381,null,FALSE,FALSE,TRUE,Last Delivery,FALSE,FALSE,0,Last Delivery: I have not used an on-demand delivery app/website,null,2025-05-15 18:03:57,FALSE,FALSE,Answers372250,FALSE
260,2025-11-04 14:06:23,FALSE,FALSE,FALSE,-1,null,(1=1) and (Q238=1),-1,2025-10-29 17:59:21,22228334,null,374821,0,FALSE,FALSE,FALSE,12729,null,FALSE,FALSE,TRUE,Gender,FALSE,FALSE,1,Gender: Female,null,2025-02-06 14:26:32,FALSE,FALSE,Answers374821,FALSE
401,2025-11-04 14:06:23,FALSE,FALSE,FALSE,-1,null,"(substring(Q257,4,1)='2')",-1,2025-06-11 11:15:36,21081512,null,372250,0,FALSE,FALSE,FALSE,7595,null,FALSE,FALSE,TRUE,Activity,FALSE,FALSE,0,Activity: Watched NBA,null,2025-05-15 18:03:56,FALSE,FALSE,Answers372250,FALSE
442,2025-11-04 14:06:23,FALSE,FALSE,FALSE,-1,null,"(substring(Q250_3,3,1)='2')",-1,2025-06-11 11:20:07,21083177,null,372250,0,FALSE,FALSE,FALSE,3854,null,FALSE,FALSE,TRUE,Delivery Use - Used an app/website for non-same day delivery,FALSE,FALSE,1,Delivery Use - Used an app/website for non-same day delivery: Personal Care & Beauty,null,2025-05-15 18:03:59,FALSE,FALSE,Answers372250,FALSE
139,2025-11-04 14:06:23,TRUE,FALSE,FALSE,-1,null,"((
 exists (
	select 1 from dbo.bannerexposure with (nolock) where  bannerexposure.respondentid = answers374821.id and bannerexposure.surveyid = 374821 and bannerexposure.bannerid  in 
		(
			select cast(element as int) from surveyfiltergroupelements with(nolock) where typeid = 1 and filtergroupid in (727280)
		)
	)
 or 
 exists (
	select 1 from dbo.creativeexposure with (nolock) where  creativeexposure.respondentid = answers374821.id and creativeexposure.surveyid = 374821 and creativeexposure.creativeid  in 
		(
			select element from surveyfiltergroupelements with(nolock) where typeid = 2 and filtergroupid in (727280)
		)
	)
 or 
 exists (
	select 1 from dbo.placementexposure with (nolock) where  placementexposure.respondentid = answers374821.id and placementexposure.surveyid = 374821 and placementexposure.placementid  in 
		(
			select element from surveyfiltergroupelements with(nolock) where typeid = 3 and filtergroupid in (727280)
		)
	)
))",-1,2025-10-30 10:37:51,24969004,null,374821,0,FALSE,TRUE,FALSE,136,null,FALSE,FALSE,TRUE,Creative,FALSE,FALSE,1,Creative:  Placement Publisher - Westwood One Radio Podcast (US),null,2025-10-28 12:45:44,FALSE,FALSE,Answers374821,FALSE
737,2025-11-04 14:06:23,FALSE,FALSE,FALSE,-1,null,"(substring(Q257,1,1)='2')",-1,2025-10-30 9:18:05,21583707,null,373075,0,FALSE,FALSE,FALSE,3573,null,FALSE,FALSE,TRUE,Delivery Item,FALSE,FALSE,1,"Delivery Item: Fresh Food & Produce  (e.g., meat, dairy, breads, fruit, etc.)",null,2025-07-18 11:13:51,FALSE,FALSE,Answers373075,FALSE
122,2025-11-04 14:06:23,TRUE,FALSE,FALSE,-1,null,"((
 exists (
	select 1 from dbo.bannerexposure with (nolock) where  bannerexposure.respondentid = answers374821.id and bannerexposure.surveyid = 374821 and bannerexposure.bannerid  in 
		(
			select cast(element as int) from surveyfiltergroupelements with(nolock) where typeid = 1 and filtergroupid in (727278)
		)
	)
 or 
 exists (
	select 1 from dbo.creativeexposure with (nolock) where  creativeexposure.respondentid = answers374821.id and creativeexposure.surveyid = 374821 and creativeexposure.creativeid  in 
		(
			select element from surveyfiltergroupelements with(nolock) where typeid = 2 and filtergroupid in (727278)
		)
	)
 or 
 exists (
	select 1 from dbo.placementexposure with (nolock) where  placementexposure.respondentid = answers374821.id and placementexposure.surveyid = 374821 and placementexposure.placementid  in 
		(
			select element from surveyfiltergroupelements with(nolock) where typeid = 3 and filtergroupid in (727278)
		)
	)
))",-1,2025-10-30 10:37:45,24968987,null,374821,0,FALSE,TRUE,FALSE,142,null,FALSE,FALSE,TRUE,Creative,FALSE,FALSE,1,Creative:  Placement Publisher - Realm,null,2025-10-28 12:45:42,FALSE,FALSE,Answers374821,FALSE
558,2025-11-04 14:06:23,FALSE,FALSE,FALSE,-1,null,q4 in (select bannerid from adServerBanners where campaignid=72361 and site=21732) or (Q2 like '%12359617%' or Q2 like '%12359618%' or Q2 like '%12359619%' or Q2 like '%12359620%' or Q2 like '%12359621%' or Q2 like '%12379990%'),-1,2025-09-17 12:03:01,21208406,null,372250,0,FALSE,FALSE,FALSE,87,null,FALSE,FALSE,FALSE,Site All Hits,FALSE,FALSE,0,Site All Hits: MinuteMedia (US),null,2024-11-27 9:42:09,FALSE,FALSE,Answers372250,FALSE
55,2025-11-04 14:06:23,TRUE,FALSE,FALSE,-1,null,"((
 exists (
	select 1 from dbo.bannerexposure with (nolock) where  bannerexposure.respondentid = answers374821.id and bannerexposure.surveyid = 374821 and bannerexposure.bannerid  in 
		(
			select cast(element as int) from surveyfiltergroupelements with(nolock) where typeid = 1 and filtergroupid in (727330)
		)
	)
 or 
 exists (
	select 1 from dbo.creativeexposure with (nolock) where  creativeexposure.respondentid = answers374821.id and creativeexposure.surveyid = 374821 and creativeexposure.creativeid  in 
		(
			select element from surveyfiltergroupelements with(nolock) where typeid = 2 and filtergroupid in (727330)
		)
	)
 or 
 exists (
	select 1 from dbo.placementexposure with (nolock) where  placementexposure.respondentid = answers374821.id and placementexposure.surveyid = 374821 and placementexposure.placementid  in 
		(
			select element from surveyfiltergroupelements with(nolock) where typeid = 3 and filtergroupid in (727330)
		)
	)
))",-1,2025-10-30 10:37:20,24968920,null,374821,0,FALSE,TRUE,FALSE,2636,null,FALSE,FALSE,TRUE,Creative,FALSE,FALSE,1,Creative:  Creative Publisher - Roku,null,2025-10-28 12:45:24,FALSE,FALSE,Answers374821,FALSE
386,2025-11-04 14:06:23,FALSE,TRUE,FALSE,-1,null,(Q685>0) OR (Q253=0),-1,2025-10-29 17:58:06,24629946,null,374821,0,FALSE,FALSE,FALSE,6894,null,FALSE,FALSE,TRUE,TV Network,FALSE,FALSE,1,TV Network:CMT Music,null,2025-10-06 11:31:54,FALSE,FALSE,Answers374821,FALSE
106,2025-11-04 14:06:23,TRUE,FALSE,FALSE,-1,null,"((
 exists (
	select 1 from dbo.bannerexposure with (nolock) where  bannerexposure.respondentid = answers374821.id and bannerexposure.surveyid = 374821 and bannerexposure.bannerid  in 
		(
			select cast(element as int) from surveyfiltergroupelements with(nolock) where typeid = 1 and filtergroupid in (727437)
		)
	)
 or 
 exists (
	select 1 from dbo.creativeexposure with (nolock) where  creativeexposure.respondentid = answers374821.id and creativeexposure.surveyid = 374821 and creativeexposure.creativeid  in 
		(
			select element from surveyfiltergroupelements with(nolock) where typeid = 2 and filtergroupid in (727437)
		)
	)
 or 
 exists (
	select 1 from dbo.placementexposure with (nolock) where  placementexposure.respondentid = answers374821.id and placementexposure.surveyid = 374821 and placementexposure.placementid  in 
		(
			select element from surveyfiltergroupelements with(nolock) where typeid = 3 and filtergroupid in (727437)
		)
	)
))",-1,2025-10-30 10:37:36,24968971,null,374821,0,FALSE,TRUE,FALSE,270,null,FALSE,FALSE,TRUE,Creative,FALSE,FALSE,1,Creative:  Placement Publisher - Meta Audience Network Consented (Meta DI) (US),null,2025-10-28 12:45:39,FALSE,FALSE,Answers374821,FALSE
528,2025-11-04 14:06:23,FALSE,FALSE,FALSE,-1,null,(Q251_2 in (0)),-1,2025-06-11 11:29:21,21081620,null,372250,0,FALSE,FALSE,FALSE,14397,null,FALSE,FALSE,TRUE,Past Brand Usage,FALSE,FALSE,0,Past Brand Usage: Uber Eats,null,2025-05-15 18:03:56,FALSE,FALSE,Answers372250,FALSE
413,2025-11-04 14:06:23,FALSE,FALSE,FALSE,-1,null,"(substring(Q256,4,1)='2')",-1,2025-06-11 11:15:40,21081545,null,372250,0,FALSE,FALSE,FALSE,10980,null,FALSE,FALSE,TRUE,Children In HH,FALSE,FALSE,0,Children In HH: No,null,2025-05-15 18:03:59,FALSE,FALSE,Answers372250,FALSE
554,2025-11-04 14:06:23,FALSE,FALSE,FALSE,-1,null,"q4 in (select bannerid from adServerBanners where campaignid=72361 and site=29015) or ID IN (select id from answers372250 cross apply [SQL#].[String_Split4k](Q2, ',', 2) SplitTable cross apply [SQL#].[String_Split4k](SplitTable.SplitVal, '-', 2) bannerid where bannerid.SplitNum = 1 and bannerid.SplitVal in ( select value from dbo.surveyfilterelements WHERE surveyfilterelements.filterid=20870813 and type='in-clause' and surveyfilterelements.question='Q2' ) )",-1,2001-01-01 0:00:00,20870813,null,372250,0,FALSE,FALSE,FALSE,null,null,FALSE,FALSE,FALSE,Site All Hits,FALSE,FALSE,0,Site All Hits: Livewire (US),null,2025-10-18 22:12:09,FALSE,FALSE,Answers372250,FALSE
427,2025-11-04 14:06:23,FALSE,FALSE,FALSE,-1,null,"(substring(Q249,6,1)='2')",-1,2025-06-11 11:15:45,21081561,null,372250,0,FALSE,FALSE,FALSE,5651,null,FALSE,FALSE,TRUE,Delivery Item,FALSE,FALSE,0,"Delivery Item: Baby Supplies (e.g., diapers, baby food, baby clothes, etc.)",null,2025-05-15 18:03:57,FALSE,FALSE,Answers372250,FALSE
426,2025-11-04 14:06:23,FALSE,FALSE,FALSE,-1,null,"(substring(Q249,2,1)='2')",-1,2025-06-11 11:15:44,21081560,null,372250,0,FALSE,FALSE,FALSE,10605,null,FALSE,FALSE,TRUE,Delivery Item,FALSE,FALSE,0,"Delivery Item: Alcoholic Beverages (e.g., wine, beer, liquor, etc.)",null,2025-05-15 18:03:57,FALSE,FALSE,Answers372250,FALSE
79,2025-11-04 14:06:23,TRUE,FALSE,FALSE,-1,null,"((
 exists (
	select 1 from dbo.bannerexposure with (nolock) where  bannerexposure.respondentid = answers374821.id and bannerexposure.surveyid = 374821 and bannerexposure.bannerid  in 
		(
			select cast(element as int) from surveyfiltergroupelements with(nolock) where typeid = 1 and filtergroupid in (727284)
		)
	)
 or 
 exists (
	select 1 from dbo.creativeexposure with (nolock) where  creativeexposure.respondentid = answers374821.id and creativeexposure.surveyid = 374821 and creativeexposure.creativeid  in 
		(
			select element from surveyfiltergroupelements with(nolock) where typeid = 2 and filtergroupid in (727284)
		)
	)
 or 
 exists (
	select 1 from dbo.placementexposure with (nolock) where  placementexposure.respondentid = answers374821.id and placementexposure.surveyid = 374821 and placementexposure.placementid  in 
		(
			select element from surveyfiltergroupelements with(nolock) where typeid = 3 and filtergroupid in (727284)
		)
	)
))",-1,2025-10-30 10:37:25,24968944,null,374821,0,FALSE,TRUE,FALSE,259,null,FALSE,FALSE,TRUE,Creative,FALSE,FALSE,1,Creative:  Placement Publisher - Acast Podcast (US),null,2025-10-28 12:45:32,FALSE,FALSE,Answers374821,FALSE
566,2025-11-04 14:06:23,FALSE,FALSE,FALSE,-1,null,q4 in (select bannerid from adServerBanners where campaignid=72361 and site=2432) or (Q2 like '%12124929%' or Q2 like '%12124930%' or Q2 like '%12124932%' or Q2 like '%12124933%' or Q2 like '%12124934%'),-1,2025-09-17 12:02:40,20870719,null,372250,0,FALSE,FALSE,FALSE,50,null,FALSE,FALSE,FALSE,Site All Hits,FALSE,FALSE,0,Site All Hits: Pandora Mobile (US),null,2024-10-23 9:54:51,FALSE,FALSE,Answers372250,FALSE
93,2025-11-04 14:06:23,TRUE,FALSE,FALSE,-1,null,"((
 exists (
	select 1 from dbo.bannerexposure with (nolock) where  bannerexposure.respondentid = answers374821.id and bannerexposure.surveyid = 374821 and bannerexposure.bannerid  in 
		(
			select cast(element as int) from surveyfiltergroupelements with(nolock) where typeid = 1 and filtergroupid in (727383)
		)
	)
 or 
 exists (
	select 1 from dbo.creativeexposure with (nolock) where  creativeexposure.respondentid = answers374821.id and creativeexposure.surveyid = 374821 and creativeexposure.creativeid  in 
		(
			select element from surveyfiltergroupelements with(nolock) where typeid = 2 and filtergroupid in (727383)
		)
	)
 or 
 exists (
	select 1 from dbo.placementexposure with (nolock) where  placementexposure.respondentid = answers374821.id and placementexposure.surveyid = 374821 and placementexposure.placementid  in 
		(
			select element from surveyfiltergroupelements with(nolock) where typeid = 3 and filtergroupid in (727383)
		)
	)
))",-1,2025-10-30 10:37:42,24968958,null,374821,0,FALSE,TRUE,FALSE,0,null,FALSE,FALSE,TRUE,Creative,FALSE,FALSE,1,Creative:  Placement Publisher - ESPN Sports,null,2025-10-28 12:45:37,FALSE,FALSE,Answers374821,FALSE
107,2025-11-04 14:06:23,TRUE,FALSE,FALSE,-1,null,"((
 exists (
	select 1 from dbo.bannerexposure with (nolock) where  bannerexposure.respondentid = answers374821.id and bannerexposure.surveyid = 374821 and bannerexposure.bannerid  in 
		(
			select cast(element as int) from surveyfiltergroupelements with(nolock) where typeid = 1 and filtergroupid in (727249)
		)
	)
 or 
 exists (
	select 1 from dbo.creativeexposure with (nolock) where  creativeexposure.respondentid = answers374821.id and creativeexposure.surveyid = 374821 and creativeexposure.creativeid  in 
		(
			select element from surveyfiltergroupelements with(nolock) where typeid = 2 and filtergroupid in (727249)
		)
	)
 or 
 exists (
	select 1 from dbo.placementexposure with (nolock) where  placementexposure.respondentid = answers374821.id and placementexposure.surveyid = 374821 and placementexposure.placementid  in 
		(
			select element from surveyfiltergroupelements with(nolock) where typeid = 3 and filtergroupid in (727249)
		)
	)
))",-1,2025-10-30 10:37:36,24968972,null,374821,0,FALSE,TRUE,FALSE,2143,null,FALSE,FALSE,TRUE,Creative,FALSE,FALSE,1,Creative:  Placement Publisher - MIQ Logistics (US),null,2025-10-28 12:45:39,FALSE,FALSE,Answers374821,FALSE
434,2025-11-04 14:06:23,FALSE,FALSE,FALSE,-1,null,"(substring(Q250_6,3,1)='2')",-1,2025-06-11 11:15:43,21083180,null,372250,0,FALSE,FALSE,FALSE,1725,null,FALSE,FALSE,TRUE,Delivery Use - Used an app/website for non-same day delivery,FALSE,FALSE,1,Delivery Use - Used an app/website for non-same day delivery: Alcoholic Beverages,null,2025-05-15 18:03:59,FALSE,FALSE,Answers372250,FALSE
576,2025-11-04 14:06:23,FALSE,FALSE,FALSE,-1,null,q4 in (select bannerid from adServerBanners where campaignid=72361 and site=22064) or (Q2 like '%12037377%'),-1,2025-09-17 12:03:46,20870671,null,372250,0,FALSE,FALSE,FALSE,4376,null,FALSE,FALSE,FALSE,Site All Hits,FALSE,FALSE,0,Site All Hits: TubiTV (US),null,2024-10-23 9:54:52,FALSE,FALSE,Answers372250,FALSE
399,2025-11-04 14:06:23,FALSE,FALSE,FALSE,-1,null,"(substring(Q257,8,1)='2')",-1,2025-06-11 11:15:39,21081510,null,372250,0,FALSE,FALSE,FALSE,3037,null,FALSE,FALSE,TRUE,Activity,FALSE,FALSE,0,Activity: Watched MLS,null,2025-05-15 18:03:56,FALSE,FALSE,Answers372250,FALSE
181,2025-11-04 14:06:23,TRUE,FALSE,FALSE,-1,null,"((
 exists (
	select 1 from dbo.bannerexposure with (nolock) where  bannerexposure.respondentid = answers374821.id and bannerexposure.surveyid = 374821 and bannerexposure.bannerid  in 
		(
			select cast(element as int) from surveyfiltergroupelements with(nolock) where typeid = 1 and filtergroupid in (727246)
		)
	)
 or 
 exists (
	select 1 from dbo.creativeexposure with (nolock) where  creativeexposure.respondentid = answers374821.id and creativeexposure.surveyid = 374821 and creativeexposure.creativeid  in 
		(
			select element from surveyfiltergroupelements with(nolock) where typeid = 2 and filtergroupid in (727246)
		)
	)
 or 
 exists (
	select 1 from dbo.placementexposure with (nolock) where  placementexposure.respondentid = answers374821.id and placementexposure.surveyid = 374821 and placementexposure.placementid  in 
		(
			select element from surveyfiltergroupelements with(nolock) where typeid = 3 and filtergroupid in (727246)
		)
	)
))",-1,2025-10-30 10:38:17,24969047,null,374821,0,FALSE,TRUE,FALSE,0,null,FALSE,FALSE,TRUE,Creative,FALSE,FALSE,1,Creative:  Size/Length - 200x75,null,2025-10-28 12:45:49,FALSE,FALSE,Answers374821,FALSE
540,2025-11-04 14:06:23,FALSE,FALSE,FALSE,-1,null,"q4 in (select bannerid from adServerBanners where campaignid=72361 and site=3263) or ID IN (select id from answers372250 cross apply [SQL#].[String_Split4k](Q2, ',', 2) SplitTable cross apply [SQL#].[String_Split4k](SplitTable.SplitVal, '-', 2) bannerid where bannerid.SplitNum = 1 and bannerid.SplitVal in ( select value from dbo.surveyfilterelements WHERE surveyfilterelements.filterid=20870740 and type='in-clause' and surveyfilterelements.question='Q2' ) )",-1,2001-01-01 0:00:00,20870740,null,372250,0,FALSE,FALSE,FALSE,null,null,FALSE,FALSE,FALSE,Site All Hits,FALSE,FALSE,0,Site All Hits: Conde Nast (US),null,2025-10-18 22:12:08,FALSE,FALSE,Answers372250,FALSE
689,2025-11-04 14:06:23,TRUE,FALSE,FALSE,-1,null,"(((
 exists (
	select 1 from dbo.bannerexposure with (nolock) where  bannerexposure.respondentid = answers373075.id and bannerexposure.surveyid = 373075 and bannerexposure.bannerid  in 
		(
			select cast(element as int) from surveyfiltergroupelements with(nolock) where typeid = 1 and filtergroupid in (724304)
		)
	)
 or 
 exists (
	select 1 from dbo.creativeexposure with (nolock) where  creativeexposure.respondentid = answers373075.id and creativeexposure.surveyid = 373075 and creativeexposure.creativeid  in 
		(
			select element from surveyfiltergroupelements with(nolock) where typeid = 2 and filtergroupid in (724304)
		)
	)
 or 
 exists (
	select 1 from dbo.placementexposure with (nolock) where  placementexposure.respondentid = answers373075.id and placementexposure.surveyid = 373075 and placementexposure.placementid  in 
		(
			select element from surveyfiltergroupelements with(nolock) where typeid = 3 and filtergroupid in (724304)
		)
	)
)) or ((Q4 in (select value from surveyfilterelements with(nolock) where filterid=24878528 and type='mapctrlbanner'))))",-1,2025-10-30 9:18:03,24878528,null,373075,0,FALSE,TRUE,TRUE,1054,null,FALSE,FALSE,TRUE,Creative,FALSE,FALSE,2,Creative:  Size/Length - 300x600,null,2025-10-23 10:48:18,FALSE,FALSE,Answers373075,FALSE
397,2025-11-04 14:06:23,FALSE,FALSE,FALSE,-1,null,"(substring(Q257,12,1)='2')",-1,2025-06-11 11:15:39,21081508,null,372250,0,FALSE,FALSE,FALSE,15134,null,FALSE,FALSE,TRUE,Activity,FALSE,FALSE,0,Activity: Used social media,null,2025-05-15 18:03:56,FALSE,FALSE,Answers372250,FALSE
604,2025-11-04 14:06:23,FALSE,TRUE,FALSE,-1,null,(Q744>0) OR (Q264=0),-1,2025-09-05 15:51:41,23363478,null,372250,0,FALSE,FALSE,FALSE,9869,null,FALSE,FALSE,TRUE,TV ISCI,FALSE,FALSE,1,TV ISCI: 1212411,null,2025-05-22 14:06:10,FALSE,FALSE,Answers372250,FALSE
450,2025-11-04 14:06:23,FALSE,FALSE,FALSE,-1,null,"(substring(Q250_8,2,1)='2')",-1,2025-06-11 11:19:59,21081573,null,372250,0,FALSE,FALSE,FALSE,4472,null,FALSE,FALSE,TRUE,Delivery Use - Used an app/website for on-demand or same day delivery,FALSE,FALSE,0,Delivery Use - Used an app/website for on-demand or same day delivery: Health & Medicine,null,2025-05-15 18:03:59,FALSE,FALSE,Answers372250,FALSE
844,2025-11-04 14:06:23,FALSE,FALSE,FALSE,-1,null,q4 in (select bannerid from adServerBanners where campaignid=78558 and site=22778) or (Q2 like '%12509818%' or Q2 like '%12593930%' or Q2 like '%12594365%' or Q2 like '%12687815%' or Q2 like '%12688156%'),-1,2025-10-30 9:18:15,25000290,null,373075,0,FALSE,FALSE,FALSE,0,null,FALSE,FALSE,FALSE,Site All Hits,FALSE,FALSE,0,Site All Hits: Amazon Tablet (CA),null,2025-10-29 14:12:13,FALSE,FALSE,Answers373075,FALSE
95,2025-11-04 14:06:23,TRUE,FALSE,FALSE,-1,null,"((
 exists (
	select 1 from dbo.bannerexposure with (nolock) where  bannerexposure.respondentid = answers374821.id and bannerexposure.surveyid = 374821 and bannerexposure.bannerid  in 
		(
			select cast(element as int) from surveyfiltergroupelements with(nolock) where typeid = 1 and filtergroupid in (727430)
		)
	)
 or 
 exists (
	select 1 from dbo.creativeexposure with (nolock) where  creativeexposure.respondentid = answers374821.id and creativeexposure.surveyid = 374821 and creativeexposure.creativeid  in 
		(
			select element from surveyfiltergroupelements with(nolock) where typeid = 2 and filtergroupid in (727430)
		)
	)
 or 
 exists (
	select 1 from dbo.placementexposure with (nolock) where  placementexposure.respondentid = answers374821.id and placementexposure.surveyid = 374821 and placementexposure.placementid  in 
		(
			select element from surveyfiltergroupelements with(nolock) where typeid = 3 and filtergroupid in (727430)
		)
	)
))",-1,2025-10-30 10:37:43,24968960,null,374821,0,FALSE,TRUE,FALSE,592,null,FALSE,FALSE,TRUE,Creative,FALSE,FALSE,1,Creative:  Placement Publisher - Facebook Consented (Meta DI) (US),null,2025-10-28 12:45:37,FALSE,FALSE,Answers374821,FALSE
482,2025-11-04 14:06:23,FALSE,FALSE,FALSE,-1,null,(Q258=0),-1,2025-06-11 11:21:43,23389177,null,372250,0,FALSE,FALSE,FALSE,2036,null,FALSE,FALSE,TRUE,Gamer (Grouped),FALSE,FALSE,1,Gamer (Grouped): 2 hours or less per week,null,2025-05-28 12:49:18,FALSE,FALSE,Answers372250,FALSE
119,2025-11-04 14:06:23,TRUE,FALSE,FALSE,-1,null,"((
 exists (
	select 1 from dbo.bannerexposure with (nolock) where  bannerexposure.respondentid = answers374821.id and bannerexposure.surveyid = 374821 and bannerexposure.bannerid  in 
		(
			select cast(element as int) from surveyfiltergroupelements with(nolock) where typeid = 1 and filtergroupid in (727393)
		)
	)
 or 
 exists (
	select 1 from dbo.creativeexposure with (nolock) where  creativeexposure.respondentid = answers374821.id and creativeexposure.surveyid = 374821 and creativeexposure.creativeid  in 
		(
			select element from surveyfiltergroupelements with(nolock) where typeid = 2 and filtergroupid in (727393)
		)
	)
 or 
 exists (
	select 1 from dbo.placementexposure with (nolock) where  placementexposure.respondentid = answers374821.id and placementexposure.surveyid = 374821 and placementexposure.placementid  in 
		(
			select element from surveyfiltergroupelements with(nolock) where typeid = 3 and filtergroupid in (727393)
		)
	)
))",-1,2025-10-30 10:37:44,24968984,null,374821,0,FALSE,TRUE,FALSE,3769,null,FALSE,FALSE,TRUE,Creative,FALSE,FALSE,1,Creative:  Placement Publisher - Peacock,null,2025-10-28 12:45:42,FALSE,FALSE,Answers374821,FALSE
874,2025-11-04 14:06:23,FALSE,FALSE,FALSE,-1,null,(Q4 = '12603703'),-1,2025-10-30 9:18:13,25000313,null,373075,0,FALSE,FALSE,FALSE,0,null,FALSE,FALSE,FALSE,Site,FALSE,FALSE,0,Site: Amazon (NL),null,2025-10-29 14:12:14,FALSE,FALSE,Answers373075,FALSE
415,2025-11-04 14:06:23,FALSE,FALSE,FALSE,-1,null,"(substring(Q256,3,1)='2')",-1,2025-06-11 11:15:40,21081547,null,372250,0,FALSE,FALSE,FALSE,5751,null,FALSE,FALSE,TRUE,Children In HH,FALSE,FALSE,0,"Children In HH: Yes, age 13-17",null,2025-05-15 18:03:59,FALSE,FALSE,Answers372250,FALSE
389,2025-11-04 14:06:23,FALSE,TRUE,FALSE,-1,null,(Q688>0) OR (Q253=0),-1,2025-10-29 17:58:07,24629943,null,374821,0,FALSE,FALSE,FALSE,6893,null,FALSE,FALSE,TRUE,TV Network,FALSE,FALSE,1,TV Network:Monumental Sports Network,null,2025-10-06 11:31:54,FALSE,FALSE,Answers374821,FALSE
592,2025-11-04 14:06:23,FALSE,FALSE,FALSE,-1,null,(1=1) and (Q261=0),-1,2025-06-11 11:29:35,23445341,null,372250,0,FALSE,FALSE,FALSE,2579,null,FALSE,FALSE,TRUE,Super Bowl Viewing Recency,FALSE,FALSE,1,Super Bowl Viewing Recency: Past 7 days,null,2025-06-05 11:44:12,FALSE,FALSE,Answers372250,FALSE
721,2025-11-04 14:06:23,TRUE,FALSE,FALSE,-1,null,"((
 exists (
	select 1 from dbo.bannerexposure with (nolock) where  bannerexposure.respondentid = answers373075.id and bannerexposure.surveyid = 373075 and bannerexposure.bannerid  in 
		(
			select cast(element as int) from surveyfiltergroupelements with(nolock) where typeid = 1 and filtergroupid in (724363)
		)
	)
 or 
 exists (
	select 1 from dbo.creativeexposure with (nolock) where  creativeexposure.respondentid = answers373075.id and creativeexposure.surveyid = 373075 and creativeexposure.creativeid  in 
		(
			select element from surveyfiltergroupelements with(nolock) where typeid = 2 and filtergroupid in (724363)
		)
	)
 or 
 exists (
	select 1 from dbo.placementexposure with (nolock) where  placementexposure.respondentid = answers373075.id and placementexposure.surveyid = 373075 and placementexposure.placementid  in 
		(
			select element from surveyfiltergroupelements with(nolock) where typeid = 3 and filtergroupid in (724363)
		)
	)
))",-1,2025-10-30 9:18:04,24878560,null,373075,0,FALSE,TRUE,FALSE,0,null,FALSE,FALSE,TRUE,Creative,FALSE,FALSE,1,Creative:  Theme - Teens Selection,null,2025-10-23 10:50:22,FALSE,FALSE,Answers373075,FALSE
13,2025-11-04 14:06:23,FALSE,FALSE,FALSE,-1,null,"(1=1) and (substring(Q241,11,1)='2')",-1,2025-10-30 8:43:57,22228360,null,374821,0,FALSE,FALSE,FALSE,4802,null,FALSE,FALSE,TRUE,Activity,FALSE,FALSE,1,Activity: Watched WWE,null,2025-02-06 14:26:32,FALSE,FALSE,Answers374821,FALSE
876,2025-11-04 14:06:23,FALSE,FALSE,FALSE,-1,null,(Q4 = '12594096'),-1,2025-10-30 9:18:13,25000301,null,373075,0,FALSE,FALSE,FALSE,0,null,FALSE,FALSE,FALSE,Site,FALSE,FALSE,0,Site: Amazon CTV  (ES),null,2025-10-29 14:12:14,FALSE,FALSE,Answers373075,FALSE
574,2025-11-04 14:06:23,FALSE,FALSE,FALSE,-1,null,"q4 in (select bannerid from adServerBanners where campaignid=72361 and site=18578) or ID IN (select id from answers372250 cross apply [SQL#].[String_Split4k](Q2, ',', 2) SplitTable cross apply [SQL#].[String_Split4k](SplitTable.SplitVal, '-', 2) bannerid where bannerid.SplitNum = 1 and bannerid.SplitVal in ( select value from dbo.surveyfilterelements WHERE surveyfilterelements.filterid=20870667 and type='in-clause' and surveyfilterelements.question='Q2' ) )",-1,2001-01-01 0:00:00,20870667,null,372250,0,FALSE,FALSE,FALSE,null,null,FALSE,FALSE,FALSE,Site All Hits,FALSE,FALSE,0,Site All Hits: The Trade Desk (US),null,2025-10-18 22:12:08,FALSE,FALSE,Answers372250,FALSE
69,2025-11-04 14:06:23,TRUE,FALSE,FALSE,-1,null,"((
 exists (
	select 1 from dbo.bannerexposure with (nolock) where  bannerexposure.respondentid = answers374821.id and bannerexposure.surveyid = 374821 and bannerexposure.bannerid  in 
		(
			select cast(element as int) from surveyfiltergroupelements with(nolock) where typeid = 1 and filtergroupid in (727373)
		)
	)
 or 
 exists (
	select 1 from dbo.creativeexposure with (nolock) where  creativeexposure.respondentid = answers374821.id and creativeexposure.surveyid = 374821 and creativeexposure.creativeid  in 
		(
			select element from surveyfiltergroupelements with(nolock) where typeid = 2 and filtergroupid in (727373)
		)
	)
 or 
 exists (
	select 1 from dbo.placementexposure with (nolock) where  placementexposure.respondentid = answers374821.id and placementexposure.surveyid = 374821 and placementexposure.placementid  in 
		(
			select element from surveyfiltergroupelements with(nolock) where typeid = 3 and filtergroupid in (727373)
		)
	)
))",-1,2025-10-30 10:37:15,24968934,null,374821,0,FALSE,TRUE,FALSE,65,null,FALSE,FALSE,TRUE,Creative,FALSE,FALSE,1,"Creative:  Format - Static, Video ",null,2025-10-28 12:45:28,FALSE,FALSE,Answers374821,FALSE
439,2025-11-04 14:06:23,FALSE,FALSE,FALSE,-1,null,"(substring(Q250_8,3,1)='2')",-1,2025-06-11 11:17:49,21083186,null,372250,0,FALSE,FALSE,FALSE,3107,null,FALSE,FALSE,TRUE,Delivery Use - Used an app/website for non-same day delivery,FALSE,FALSE,1,Delivery Use - Used an app/website for non-same day delivery: Health & Medicine,null,2025-05-15 18:03:57,FALSE,FALSE,Answers372250,FALSE
711,2025-11-04 14:06:23,TRUE,FALSE,FALSE,-1,null,"(((
 exists (
	select 1 from dbo.bannerexposure with (nolock) where  bannerexposure.respondentid = answers373075.id and bannerexposure.surveyid = 373075 and bannerexposure.bannerid  in 
		(
			select cast(element as int) from surveyfiltergroupelements with(nolock) where typeid = 1 and filtergroupid in (724366)
		)
	)
 or 
 exists (
	select 1 from dbo.creativeexposure with (nolock) where  creativeexposure.respondentid = answers373075.id and creativeexposure.surveyid = 373075 and creativeexposure.creativeid  in 
		(
			select element from surveyfiltergroupelements with(nolock) where typeid = 2 and filtergroupid in (724366)
		)
	)
 or 
 exists (
	select 1 from dbo.placementexposure with (nolock) where  placementexposure.respondentid = answers373075.id and placementexposure.surveyid = 373075 and placementexposure.placementid  in 
		(
			select element from surveyfiltergroupelements with(nolock) where typeid = 3 and filtergroupid in (724366)
		)
	)
)) or ((Q4 in (select value from surveyfilterelements with(nolock) where filterid=24878550 and type='mapctrlbanner'))))",-1,2025-10-30 9:18:04,24878550,null,373075,0,FALSE,TRUE,TRUE,1097,null,FALSE,FALSE,TRUE,Creative,FALSE,FALSE,2,Creative:  Theme - Naptime Hispanic,null,2025-10-23 10:49:45,FALSE,FALSE,Answers373075,FALSE
719,2025-11-04 14:06:23,TRUE,FALSE,FALSE,-1,null,"((
 exists (
	select 1 from dbo.bannerexposure with (nolock) where  bannerexposure.respondentid = answers373075.id and bannerexposure.surveyid = 373075 and bannerexposure.bannerid  in 
		(
			select cast(element as int) from surveyfiltergroupelements with(nolock) where typeid = 1 and filtergroupid in (724342)
		)
	)
 or 
 exists (
	select 1 from dbo.creativeexposure with (nolock) where  creativeexposure.respondentid = answers373075.id and creativeexposure.surveyid = 373075 and creativeexposure.creativeid  in 
		(
			select element from surveyfiltergroupelements with(nolock) where typeid = 2 and filtergroupid in (724342)
		)
	)
 or 
 exists (
	select 1 from dbo.placementexposure with (nolock) where  placementexposure.respondentid = answers373075.id and placementexposure.surveyid = 373075 and placementexposure.placementid  in 
		(
			select element from surveyfiltergroupelements with(nolock) where typeid = 3 and filtergroupid in (724342)
		)
	)
))",-1,2025-10-30 9:18:04,24878558,null,373075,0,FALSE,TRUE,FALSE,0,null,FALSE,FALSE,TRUE,Creative,FALSE,FALSE,1,Creative:  Theme - Surveillance / Steam,null,2025-10-23 10:50:15,FALSE,FALSE,Answers373075,FALSE
149,2025-11-04 14:06:23,TRUE,FALSE,FALSE,-1,null,"((
 exists (
	select 1 from dbo.bannerexposure with (nolock) where  bannerexposure.respondentid = answers374821.id and bannerexposure.surveyid = 374821 and bannerexposure.bannerid  in 
		(
			select cast(element as int) from surveyfiltergroupelements with(nolock) where typeid = 1 and filtergroupid in (727265)
		)
	)
 or 
 exists (
	select 1 from dbo.creativeexposure with (nolock) where  creativeexposure.respondentid = answers374821.id and creativeexposure.surveyid = 374821 and creativeexposure.creativeid  in 
		(
			select element from surveyfiltergroupelements with(nolock) where typeid = 2 and filtergroupid in (727265)
		)
	)
 or 
 exists (
	select 1 from dbo.placementexposure with (nolock) where  placementexposure.respondentid = answers374821.id and placementexposure.surveyid = 374821 and placementexposure.placementid  in 
		(
			select element from surveyfiltergroupelements with(nolock) where typeid = 3 and filtergroupid in (727265)
		)
	)
))",-1,2025-10-30 10:37:56,24969014,null,374821,0,FALSE,TRUE,FALSE,2264,null,FALSE,FALSE,TRUE,Creative,FALSE,FALSE,1,Creative:  Placement Targeting Tactic - 3P Behavioral,null,2025-10-28 12:45:45,FALSE,FALSE,Answers374821,FALSE
789,2025-11-04 14:06:23,FALSE,FALSE,FALSE,-1,null,(1=1) and (Q255=3),-1,2025-10-30 9:18:11,21583697,null,373075,0,FALSE,FALSE,FALSE,448,null,FALSE,FALSE,TRUE,Last Delivery,FALSE,FALSE,1,Last Delivery: Within the past 1-3 months,null,2024-12-05 9:23:50,FALSE,FALSE,Answers373075,FALSE
854,2025-11-04 14:06:23,FALSE,FALSE,FALSE,-1,null,q4 in (select bannerid from adServerBanners where campaignid=78558 and site=28360) or (Q2 like '%12594451%' or Q2 like '%12594452%' or Q2 like '%12594453%' or Q2 like '%12594454%'),-1,2025-10-30 9:18:16,23784082,null,373075,0,FALSE,FALSE,FALSE,12,null,FALSE,FALSE,TRUE,Site All Hits,FALSE,FALSE,0,Site All Hits: Instagram Consented  (Meta DI) (US),null,2025-10-23 9:54:36,FALSE,FALSE,Answers373075,FALSE
846,2025-11-04 14:06:23,FALSE,FALSE,FALSE,-1,null,(Q4 = '12642432') or (Q2 like '%12642432%'),-1,2025-10-30 9:18:16,25000318,null,373075,0,FALSE,FALSE,FALSE,0,null,FALSE,FALSE,FALSE,Site All Hits,FALSE,FALSE,0,Site All Hits: Amazon Tablet (UK),null,2025-10-29 14:12:14,FALSE,FALSE,Answers373075,FALSE
77,2025-11-04 14:06:23,TRUE,FALSE,FALSE,-1,null,"((
 exists (
	select 1 from dbo.bannerexposure with (nolock) where  bannerexposure.respondentid = answers374821.id and bannerexposure.surveyid = 374821 and bannerexposure.bannerid  in 
		(
			select cast(element as int) from surveyfiltergroupelements with(nolock) where typeid = 1 and filtergroupid in (727433)
		)
	)
 or 
 exists (
	select 1 from dbo.creativeexposure with (nolock) where  creativeexposure.respondentid = answers374821.id and creativeexposure.surveyid = 374821 and creativeexposure.creativeid  in 
		(
			select element from surveyfiltergroupelements with(nolock) where typeid = 2 and filtergroupid in (727433)
		)
	)
 or 
 exists (
	select 1 from dbo.placementexposure with (nolock) where  placementexposure.respondentid = answers374821.id and placementexposure.surveyid = 374821 and placementexposure.placementid  in 
		(
			select element from surveyfiltergroupelements with(nolock) where typeid = 3 and filtergroupid in (727433)
		)
	)
))",-1,2025-10-30 10:37:23,24968942,null,374821,0,FALSE,TRUE,FALSE,131,null,FALSE,FALSE,TRUE,Creative,FALSE,FALSE,1,Creative:  Placement Location - Stories,null,2025-10-28 12:45:32,FALSE,FALSE,Answers374821,FALSE
43,2025-11-04 14:06:23,TRUE,FALSE,FALSE,-1,null,"((
 exists (
	select 1 from dbo.bannerexposure with (nolock) where  bannerexposure.respondentid = answers374821.id and bannerexposure.surveyid = 374821 and bannerexposure.bannerid  in 
		(
			select cast(element as int) from surveyfiltergroupelements with(nolock) where typeid = 1 and filtergroupid in (727346)
		)
	)
 or 
 exists (
	select 1 from dbo.creativeexposure with (nolock) where  creativeexposure.respondentid = answers374821.id and creativeexposure.surveyid = 374821 and creativeexposure.creativeid  in 
		(
			select element from surveyfiltergroupelements with(nolock) where typeid = 2 and filtergroupid in (727346)
		)
	)
 or 
 exists (
	select 1 from dbo.placementexposure with (nolock) where  placementexposure.respondentid = answers374821.id and placementexposure.surveyid = 374821 and placementexposure.placementid  in 
		(
			select element from surveyfiltergroupelements with(nolock) where typeid = 3 and filtergroupid in (727346)
		)
	)
))",-1,2025-10-30 10:37:03,24968908,null,374821,0,FALSE,TRUE,FALSE,805,null,FALSE,FALSE,TRUE,Creative,FALSE,FALSE,1,Creative:  Creative Publisher - Netflix DI (US),null,2025-10-28 12:45:17,FALSE,FALSE,Answers374821,FALSE
204,2025-11-04 14:06:23,TRUE,FALSE,FALSE,-1,null,"((
 exists (
	select 1 from dbo.bannerexposure with (nolock) where  bannerexposure.respondentid = answers374821.id and bannerexposure.surveyid = 374821 and bannerexposure.bannerid  in 
		(
			select cast(element as int) from surveyfiltergroupelements with(nolock) where typeid = 1 and filtergroupid in (727331)
		)
	)
 or 
 exists (
	select 1 from dbo.creativeexposure with (nolock) where  creativeexposure.respondentid = answers374821.id and creativeexposure.surveyid = 374821 and creativeexposure.creativeid  in 
		(
			select element from surveyfiltergroupelements with(nolock) where typeid = 2 and filtergroupid in (727331)
		)
	)
 or 
 exists (
	select 1 from dbo.placementexposure with (nolock) where  placementexposure.respondentid = answers374821.id and placementexposure.surveyid = 374821 and placementexposure.placementid  in 
		(
			select element from surveyfiltergroupelements with(nolock) where typeid = 3 and filtergroupid in (727331)
		)
	)
))",-1,2025-10-30 10:38:31,24969070,null,374821,0,FALSE,TRUE,FALSE,2731,null,FALSE,FALSE,TRUE,Creative,FALSE,FALSE,1,Creative:  Theme - DashPass Evergreen,null,2025-10-28 12:45:52,FALSE,FALSE,Answers374821,FALSE
687,2025-11-04 14:06:23,TRUE,FALSE,FALSE,-1,null,"(((
 exists (
	select 1 from dbo.bannerexposure with (nolock) where  bannerexposure.respondentid = answers373075.id and bannerexposure.surveyid = 373075 and bannerexposure.bannerid  in 
		(
			select cast(element as int) from surveyfiltergroupelements with(nolock) where typeid = 1 and filtergroupid in (724308)
		)
	)
 or 
 exists (
	select 1 from dbo.creativeexposure with (nolock) where  creativeexposure.respondentid = answers373075.id and creativeexposure.surveyid = 373075 and creativeexposure.creativeid  in 
		(
			select element from surveyfiltergroupelements with(nolock) where typeid = 2 and filtergroupid in (724308)
		)
	)
 or 
 exists (
	select 1 from dbo.placementexposure with (nolock) where  placementexposure.respondentid = answers373075.id and placementexposure.surveyid = 373075 and placementexposure.placementid  in 
		(
			select element from surveyfiltergroupelements with(nolock) where typeid = 3 and filtergroupid in (724308)
		)
	)
)) or ((Q4 in (select value from surveyfilterelements with(nolock) where filterid=24878525 and type='mapctrlbanner'))))",-1,2025-10-30 9:18:03,24878525,null,373075,0,FALSE,TRUE,TRUE,704,null,FALSE,FALSE,TRUE,Creative,FALSE,FALSE,2,Creative:  Size/Length - 160x600,null,2025-10-23 10:48:10,FALSE,FALSE,Answers373075,FALSE
506,2025-11-04 14:06:23,FALSE,FALSE,FALSE,-1,null,(Q252_4 in (1)),-1,2025-06-11 11:24:39,21083213,null,372250,0,FALSE,FALSE,FALSE,5571,null,FALSE,FALSE,TRUE,Past Brand Recency - Amazon,FALSE,FALSE,1,Past Brand Recency - Amazon: Once a week,null,2025-05-15 18:03:58,FALSE,FALSE,Answers372250,FALSE
508,2025-11-04 14:06:23,FALSE,FALSE,FALSE,-1,null,(Q252_1 in (3)),-1,2025-06-11 11:29:20,21083203,null,372250,0,FALSE,FALSE,FALSE,3615,null,FALSE,FALSE,TRUE,Past Brand Recency - DoorDash,FALSE,FALSE,1,Past Brand Recency - DoorDash: I did not use in the past 30 days,null,2025-05-15 18:03:57,FALSE,FALSE,Answers372250,FALSE
246,2025-11-04 14:06:23,FALSE,FALSE,FALSE,-1,null,"(substring(Q233_8,2,1)='2')",-1,2001-01-01 0:00:00,22236040,null,374821,0,FALSE,FALSE,FALSE,4903,null,FALSE,FALSE,TRUE,Delivery Use - Use an app/website for on-demand or same day delivery,FALSE,FALSE,1,Delivery Use - Use an app/website for on-demand or same day delivery: Health & Medicine,null,2025-02-07 13:58:34,FALSE,FALSE,Answers374821,FALSE
842,2025-11-04 14:06:23,FALSE,FALSE,FALSE,-1,null,q4 in (select bannerid from adServerBanners where campaignid=78558 and site=3141) or (Q2 like '%12504325%' or Q2 like '%12593745%' or Q2 like '%12593778%' or Q2 like '%12673997%'),-1,2025-10-30 9:18:15,22512545,null,373075,0,FALSE,FALSE,FALSE,56,null,FALSE,FALSE,TRUE,Site All Hits,FALSE,FALSE,0,Site All Hits: Amazon Mobile (US),null,2025-10-23 9:54:36,FALSE,FALSE,Answers373075,FALSE
258,2025-11-04 14:06:23,FALSE,FALSE,FALSE,-1,null,"(1=1) and (substring(Q239,8,1)='2')",-1,2001-01-01 0:00:00,22228345,null,374821,0,FALSE,FALSE,FALSE,96,null,FALSE,FALSE,TRUE,Ethnicity,FALSE,FALSE,1,Ethnicity: Prefer not to answer,null,2025-02-06 14:26:32,FALSE,FALSE,Answers374821,FALSE
151,2025-11-04 14:06:23,TRUE,FALSE,FALSE,-1,null,"((
 exists (
	select 1 from dbo.bannerexposure with (nolock) where  bannerexposure.respondentid = answers374821.id and bannerexposure.surveyid = 374821 and bannerexposure.bannerid  in 
		(
			select cast(element as int) from surveyfiltergroupelements with(nolock) where typeid = 1 and filtergroupid in (727264)
		)
	)
 or 
 exists (
	select 1 from dbo.creativeexposure with (nolock) where  creativeexposure.respondentid = answers374821.id and creativeexposure.surveyid = 374821 and creativeexposure.creativeid  in 
		(
			select element from surveyfiltergroupelements with(nolock) where typeid = 2 and filtergroupid in (727264)
		)
	)
 or 
 exists (
	select 1 from dbo.placementexposure with (nolock) where  placementexposure.respondentid = answers374821.id and placementexposure.surveyid = 374821 and placementexposure.placementid  in 
		(
			select element from surveyfiltergroupelements with(nolock) where typeid = 3 and filtergroupid in (727264)
		)
	)
))",-1,2025-10-30 10:37:58,24969016,null,374821,0,FALSE,TRUE,FALSE,3961,null,FALSE,FALSE,TRUE,Creative,FALSE,FALSE,1,Creative:  Placement Targeting Tactic - 3P Demo,null,2025-10-28 12:45:45,FALSE,FALSE,Answers374821,FALSE
713,2025-11-04 14:06:23,TRUE,FALSE,FALSE,-1,null,"((
 exists (
	select 1 from dbo.bannerexposure with (nolock) where  bannerexposure.respondentid = answers373075.id and bannerexposure.surveyid = 373075 and bannerexposure.bannerid  in 
		(
			select cast(element as int) from surveyfiltergroupelements with(nolock) where typeid = 1 and filtergroupid in (724361)
		)
	)
 or 
 exists (
	select 1 from dbo.creativeexposure with (nolock) where  creativeexposure.respondentid = answers373075.id and creativeexposure.surveyid = 373075 and creativeexposure.creativeid  in 
		(
			select element from surveyfiltergroupelements with(nolock) where typeid = 2 and filtergroupid in (724361)
		)
	)
 or 
 exists (
	select 1 from dbo.placementexposure with (nolock) where  placementexposure.respondentid = answers373075.id and placementexposure.surveyid = 373075 and placementexposure.placementid  in 
		(
			select element from surveyfiltergroupelements with(nolock) where typeid = 3 and filtergroupid in (724361)
		)
	)
))",-1,2025-10-30 9:18:06,24878552,null,373075,0,FALSE,TRUE,FALSE,0,null,FALSE,FALSE,TRUE,Creative,FALSE,FALSE,1,Creative:  Theme - Save 20 Annual Plan,null,2025-10-23 10:49:53,FALSE,FALSE,Answers373075,FALSE
679,2025-11-04 14:06:23,TRUE,FALSE,FALSE,-1,null,"(((
 exists (
	select 1 from dbo.bannerexposure with (nolock) where  bannerexposure.respondentid = answers373075.id and bannerexposure.surveyid = 373075 and bannerexposure.bannerid  in 
		(
			select cast(element as int) from surveyfiltergroupelements with(nolock) where typeid = 1 and filtergroupid in (724369)
		)
	)
 or 
 exists (
	select 1 from dbo.creativeexposure with (nolock) where  creativeexposure.respondentid = answers373075.id and creativeexposure.surveyid = 373075 and creativeexposure.creativeid  in 
		(
			select element from surveyfiltergroupelements with(nolock) where typeid = 2 and filtergroupid in (724369)
		)
	)
 or 
 exists (
	select 1 from dbo.placementexposure with (nolock) where  placementexposure.respondentid = answers373075.id and placementexposure.surveyid = 373075 and placementexposure.placementid  in 
		(
			select element from surveyfiltergroupelements with(nolock) where typeid = 3 and filtergroupid in (724369)
		)
	)
)) or ((Q4 in (select value from surveyfilterelements with(nolock) where filterid=24878500 and type='mapctrlbanner'))))",-1,2025-10-30 9:18:04,24878500,null,373075,0,FALSE,TRUE,TRUE,1230,null,FALSE,FALSE,TRUE,Creative,FALSE,FALSE,2,Creative:  Placement Targeting Tactic - 2P Contextual,null,2025-10-23 10:47:33,FALSE,FALSE,Answers373075,FALSE
476,2025-11-04 14:06:23,FALSE,FALSE,FALSE,-1,null,"(substring(Q254,6,1)='2')",-1,2025-06-11 11:20:12,21081588,null,372250,0,FALSE,FALSE,FALSE,2417,null,FALSE,FALSE,TRUE,Ethnicity,FALSE,FALSE,0,Ethnicity: Hispanic,null,2025-05-15 18:03:57,FALSE,FALSE,Answers372250,FALSE
45,2025-11-04 14:06:23,TRUE,FALSE,FALSE,-1,null,"((
 exists (
	select 1 from dbo.bannerexposure with (nolock) where  bannerexposure.respondentid = answers374821.id and bannerexposure.surveyid = 374821 and bannerexposure.bannerid  in 
		(
			select cast(element as int) from surveyfiltergroupelements with(nolock) where typeid = 1 and filtergroupid in (727319)
		)
	)
 or 
 exists (
	select 1 from dbo.creativeexposure with (nolock) where  creativeexposure.respondentid = answers374821.id and creativeexposure.surveyid = 374821 and creativeexposure.creativeid  in 
		(
			select element from surveyfiltergroupelements with(nolock) where typeid = 2 and filtergroupid in (727319)
		)
	)
 or 
 exists (
	select 1 from dbo.placementexposure with (nolock) where  placementexposure.respondentid = answers374821.id and placementexposure.surveyid = 374821 and placementexposure.placementid  in 
		(
			select element from surveyfiltergroupelements with(nolock) where typeid = 3 and filtergroupid in (727319)
		)
	)
))",-1,2025-10-30 10:37:04,24968910,null,374821,0,FALSE,TRUE,FALSE,8,null,FALSE,FALSE,TRUE,Creative,FALSE,FALSE,1,Creative:  Creative Publisher - Pandora Auto (US),null,2025-10-28 12:45:18,FALSE,FALSE,Answers374821,FALSE
872,2025-11-04 14:06:23,FALSE,FALSE,FALSE,-1,null,q4 in (select bannerid from adServerBanners where campaignid=78558 and site=24862),-1,2025-10-30 9:18:13,25000287,null,373075,0,FALSE,FALSE,FALSE,0,null,FALSE,FALSE,FALSE,Site,FALSE,FALSE,0,Site: Amazon (JP),null,2025-10-29 14:12:13,FALSE,FALSE,Answers373075,FALSE
75,2025-11-04 14:06:23,TRUE,FALSE,FALSE,-1,null,"((
 exists (
	select 1 from dbo.bannerexposure with (nolock) where  bannerexposure.respondentid = answers374821.id and bannerexposure.surveyid = 374821 and bannerexposure.bannerid  in 
		(
			select cast(element as int) from surveyfiltergroupelements with(nolock) where typeid = 1 and filtergroupid in (727431)
		)
	)
 or 
 exists (
	select 1 from dbo.creativeexposure with (nolock) where  creativeexposure.respondentid = answers374821.id and creativeexposure.surveyid = 374821 and creativeexposure.creativeid  in 
		(
			select element from surveyfiltergroupelements with(nolock) where typeid = 2 and filtergroupid in (727431)
		)
	)
 or 
 exists (
	select 1 from dbo.placementexposure with (nolock) where  placementexposure.respondentid = answers374821.id and placementexposure.surveyid = 374821 and placementexposure.placementid  in 
		(
			select element from surveyfiltergroupelements with(nolock) where typeid = 3 and filtergroupid in (727431)
		)
	)
))",-1,2025-10-30 10:37:22,24968940,null,374821,0,FALSE,TRUE,FALSE,498,null,FALSE,FALSE,TRUE,Creative,FALSE,FALSE,1,Creative:  Placement Location - In-Feed,null,2025-10-28 12:45:31,FALSE,FALSE,Answers374821,FALSE
709,2025-11-04 14:06:23,TRUE,FALSE,FALSE,-1,null,"((
 exists (
	select 1 from dbo.bannerexposure with (nolock) where  bannerexposure.respondentid = answers373075.id and bannerexposure.surveyid = 373075 and bannerexposure.bannerid  in 
		(
			select cast(element as int) from surveyfiltergroupelements with(nolock) where typeid = 1 and filtergroupid in (724359)
		)
	)
 or 
 exists (
	select 1 from dbo.creativeexposure with (nolock) where  creativeexposure.respondentid = answers373075.id and creativeexposure.surveyid = 373075 and creativeexposure.creativeid  in 
		(
			select element from surveyfiltergroupelements with(nolock) where typeid = 2 and filtergroupid in (724359)
		)
	)
 or 
 exists (
	select 1 from dbo.placementexposure with (nolock) where  placementexposure.respondentid = answers373075.id and placementexposure.surveyid = 373075 and placementexposure.placementid  in 
		(
			select element from surveyfiltergroupelements with(nolock) where typeid = 3 and filtergroupid in (724359)
		)
	)
))",-1,2025-10-30 9:18:04,24878548,null,373075,0,FALSE,TRUE,FALSE,0,null,FALSE,FALSE,TRUE,Creative,FALSE,FALSE,1,Creative:  Theme - Max The last of us,null,2025-10-23 10:49:35,FALSE,FALSE,Answers373075,FALSE
878,2025-11-04 14:06:23,FALSE,FALSE,FALSE,-1,null,(Q4 = '12594106'),-1,2025-10-30 9:18:14,25000305,null,373075,0,FALSE,FALSE,FALSE,0,null,FALSE,FALSE,FALSE,Site,FALSE,FALSE,0,Site: Amazon CTV (AU),null,2025-10-29 14:12:14,FALSE,FALSE,Answers373075,FALSE
189,2025-11-04 14:06:23,TRUE,FALSE,FALSE,-1,null,"((
 exists (
	select 1 from dbo.bannerexposure with (nolock) where  bannerexposure.respondentid = answers374821.id and bannerexposure.surveyid = 374821 and bannerexposure.bannerid  in 
		(
			select cast(element as int) from surveyfiltergroupelements with(nolock) where typeid = 1 and filtergroupid in (727338)
		)
	)
 or 
 exists (
	select 1 from dbo.creativeexposure with (nolock) where  creativeexposure.respondentid = answers374821.id and creativeexposure.surveyid = 374821 and creativeexposure.creativeid  in 
		(
			select element from surveyfiltergroupelements with(nolock) where typeid = 2 and filtergroupid in (727338)
		)
	)
 or 
 exists (
	select 1 from dbo.placementexposure with (nolock) where  placementexposure.respondentid = answers374821.id and placementexposure.surveyid = 374821 and placementexposure.placementid  in 
		(
			select element from surveyfiltergroupelements with(nolock) where typeid = 3 and filtergroupid in (727338)
		)
	)
))",-1,2025-10-30 10:38:15,24969055,null,374821,0,FALSE,TRUE,FALSE,0,null,FALSE,FALSE,TRUE,Creative,FALSE,FALSE,1,Creative:  Size/Length - 60s (Host Read),null,2025-10-28 12:45:50,FALSE,FALSE,Answers374821,FALSE
699,2025-11-04 14:06:23,TRUE,FALSE,FALSE,-1,null,"((
 exists (
	select 1 from dbo.bannerexposure with (nolock) where  bannerexposure.respondentid = answers373075.id and bannerexposure.surveyid = 373075 and bannerexposure.bannerid  in 
		(
			select cast(element as int) from surveyfiltergroupelements with(nolock) where typeid = 1 and filtergroupid in (724355)
		)
	)
 or 
 exists (
	select 1 from dbo.creativeexposure with (nolock) where  creativeexposure.respondentid = answers373075.id and creativeexposure.surveyid = 373075 and creativeexposure.creativeid  in 
		(
			select element from surveyfiltergroupelements with(nolock) where typeid = 2 and filtergroupid in (724355)
		)
	)
 or 
 exists (
	select 1 from dbo.placementexposure with (nolock) where  placementexposure.respondentid = answers373075.id and placementexposure.surveyid = 373075 and placementexposure.placementid  in 
		(
			select element from surveyfiltergroupelements with(nolock) where typeid = 3 and filtergroupid in (724355)
		)
	)
))",-1,2025-10-30 9:18:03,24878538,null,373075,0,FALSE,TRUE,FALSE,0,null,FALSE,FALSE,TRUE,Creative,FALSE,FALSE,1,Creative:  Theme - Cocktail Party,null,2025-10-23 10:48:59,FALSE,FALSE,Answers373075,FALSE
681,2025-11-04 14:06:23,TRUE,FALSE,FALSE,-1,null,"(((
 exists (
	select 1 from dbo.bannerexposure with (nolock) where  bannerexposure.respondentid = answers373075.id and bannerexposure.surveyid = 373075 and bannerexposure.bannerid  in 
		(
			select cast(element as int) from surveyfiltergroupelements with(nolock) where typeid = 1 and filtergroupid in (724294)
		)
	)
 or 
 exists (
	select 1 from dbo.creativeexposure with (nolock) where  creativeexposure.respondentid = answers373075.id and creativeexposure.surveyid = 373075 and creativeexposure.creativeid  in 
		(
			select element from surveyfiltergroupelements with(nolock) where typeid = 2 and filtergroupid in (724294)
		)
	)
 or 
 exists (
	select 1 from dbo.placementexposure with (nolock) where  placementexposure.respondentid = answers373075.id and placementexposure.surveyid = 373075 and placementexposure.placementid  in 
		(
			select element from surveyfiltergroupelements with(nolock) where typeid = 3 and filtergroupid in (724294)
		)
	)
)) or ((Q4 in (select value from surveyfilterelements with(nolock) where filterid=24878511 and type='mapctrlbanner'))))",-1,2025-10-30 9:18:04,24878511,null,373075,0,FALSE,TRUE,TRUE,2593,null,FALSE,FALSE,TRUE,Creative,FALSE,FALSE,2,Creative:  Placement Targeting Tactic - 3P Contextual,null,2025-10-23 10:47:43,FALSE,FALSE,Answers373075,FALSE
284,2025-11-04 14:06:23,FALSE,FALSE,FALSE,-1,null,(Q235_5 in (2)),-1,2001-01-01 0:00:00,22228331,null,374821,0,FALSE,FALSE,FALSE,2218,null,FALSE,FALSE,TRUE,Past Brand Recency - Grubhub,FALSE,FALSE,1,Past Brand Recency - Grubhub: Less than once a week,null,2025-02-06 14:26:32,FALSE,FALSE,Answers374821,FALSE
359,2025-11-04 14:06:23,FALSE,FALSE,FALSE,-1,null,q4 in (select bannerid from adServerBanners where campaignid=79821 and site=25485),-1,2001-01-01 0:00:00,25033368,null,374821,0,FALSE,FALSE,FALSE,null,null,FALSE,FALSE,FALSE,Site,FALSE,FALSE,0,Site: Amazon (AU),null,2025-10-30 18:02:11,FALSE,FALSE,Answers374821,FALSE
218,2025-11-04 14:06:23,TRUE,FALSE,FALSE,-1,null,"((
 exists (
	select 1 from dbo.bannerexposure with (nolock) where  bannerexposure.respondentid = answers374821.id and bannerexposure.surveyid = 374821 and bannerexposure.bannerid  in 
		(
			select cast(element as int) from surveyfiltergroupelements with(nolock) where typeid = 1 and filtergroupid in (727326)
		)
	)
 or 
 exists (
	select 1 from dbo.creativeexposure with (nolock) where  creativeexposure.respondentid = answers374821.id and creativeexposure.surveyid = 374821 and creativeexposure.creativeid  in 
		(
			select element from surveyfiltergroupelements with(nolock) where typeid = 2 and filtergroupid in (727326)
		)
	)
 or 
 exists (
	select 1 from dbo.placementexposure with (nolock) where  placementexposure.respondentid = answers374821.id and placementexposure.surveyid = 374821 and placementexposure.placementid  in 
		(
			select element from surveyfiltergroupelements with(nolock) where typeid = 3 and filtergroupid in (727326)
		)
	)
))",-1,2025-10-30 10:38:37,24969084,null,374821,0,FALSE,TRUE,FALSE,1201,null,FALSE,FALSE,TRUE,Creative,FALSE,FALSE,1,Creative:  Theme - NV Health,null,2025-10-28 12:45:53,FALSE,FALSE,Answers374821,FALSE
304,2025-11-04 14:06:23,FALSE,FALSE,FALSE,-1,null,"q4 in (select bannerid from adServerBanners where campaignid=79821 and site=26640) or ID IN (select id from answers374821 cross apply [SQL#].[String_Split4k](Q2, ',', 2) SplitTable cross apply [SQL#].[String_Split4k](SplitTable.SplitVal, '-', 2) bannerid where bannerid.SplitNum = 1 and bannerid.SplitVal in ( select value from dbo.surveyfilterelements WHERE surveyfilterelements.filterid=23493425 and type='in-clause' and surveyfilterelements.question='Q2' ) )",-1,2001-01-01 0:00:00,23493425,null,374821,0,FALSE,FALSE,FALSE,null,null,FALSE,FALSE,FALSE,Site All Hits,FALSE,FALSE,0,Site All Hits: Activision Blizzard/King (US),null,2025-10-30 18:02:11,FALSE,FALSE,Answers374821,FALSE
214,2025-11-04 14:06:23,TRUE,FALSE,FALSE,-1,null,"((
 exists (
	select 1 from dbo.bannerexposure with (nolock) where  bannerexposure.respondentid = answers374821.id and bannerexposure.surveyid = 374821 and bannerexposure.bannerid  in 
		(
			select cast(element as int) from surveyfiltergroupelements with(nolock) where typeid = 1 and filtergroupid in (727333)
		)
	)
 or 
 exists (
	select 1 from dbo.creativeexposure with (nolock) where  creativeexposure.respondentid = answers374821.id and creativeexposure.surveyid = 374821 and creativeexposure.creativeid  in 
		(
			select element from surveyfiltergroupelements with(nolock) where typeid = 2 and filtergroupid in (727333)
		)
	)
 or 
 exists (
	select 1 from dbo.placementexposure with (nolock) where  placementexposure.respondentid = answers374821.id and placementexposure.surveyid = 374821 and placementexposure.placementid  in 
		(
			select element from surveyfiltergroupelements with(nolock) where typeid = 3 and filtergroupid in (727333)
		)
	)
))",-1,2025-10-30 10:38:44,24969081,null,374821,0,FALSE,TRUE,FALSE,0,null,FALSE,FALSE,TRUE,Creative,FALSE,FALSE,1,Creative:  Theme - Mother´s Day,null,2025-10-28 12:45:53,FALSE,FALSE,Answers374821,FALSE
377,2025-11-04 14:06:23,FALSE,FALSE,FALSE,-1,null,q4 in (select bannerid from adServerBanners where campaignid=79821 and site=24254),-1,2001-01-01 0:00:00,25033348,null,374821,0,FALSE,FALSE,FALSE,null,null,FALSE,FALSE,FALSE,Site,FALSE,FALSE,0,Site: Amazon Mobile (MX),null,2025-10-30 18:02:11,FALSE,FALSE,Answers374821,FALSE
316,2025-11-04 14:06:23,FALSE,FALSE,FALSE,-1,null,(Q4 = '12594108') or (Q2 like '%12594108%'),-1,2001-01-01 0:00:00,25033353,null,374821,0,FALSE,FALSE,FALSE,null,null,FALSE,FALSE,FALSE,Site All Hits,FALSE,FALSE,0,Site All Hits: Amazon CTV (AU),null,2025-10-30 18:02:11,FALSE,FALSE,Answers374821,FALSE
21,2025-11-04 14:06:23,FALSE,FALSE,FALSE,-1,null,"(1=1) and (substring(Q240,2,1)='2')",-1,2025-10-29 17:56:14,22228347,null,374821,0,FALSE,FALSE,FALSE,8247,null,FALSE,FALSE,TRUE,Children in HH,FALSE,FALSE,1,"Children in HH: Yes, age 7-12",null,2025-02-06 14:26:32,FALSE,FALSE,Answers374821,FALSE
769,2025-11-04 14:06:23,FALSE,FALSE,FALSE,-1,null,(Q3= 1),-1,2025-10-30 9:18:09,21361298,null,373075,0,FALSE,FALSE,FALSE,377,null,FALSE,FALSE,TRUE,Frequency,FALSE,FALSE,2,Frequency: 1,null,2024-11-21 15:19:49,FALSE,FALSE,Answers373075,FALSE
37,2025-11-04 14:06:23,TRUE,FALSE,FALSE,-1,null,"((
 exists (
	select 1 from dbo.bannerexposure with (nolock) where  bannerexposure.respondentid = answers374821.id and bannerexposure.surveyid = 374821 and bannerexposure.bannerid  in 
		(
			select cast(element as int) from surveyfiltergroupelements with(nolock) where typeid = 1 and filtergroupid in (727348)
		)
	)
 or 
 exists (
	select 1 from dbo.creativeexposure with (nolock) where  creativeexposure.respondentid = answers374821.id and creativeexposure.surveyid = 374821 and creativeexposure.creativeid  in 
		(
			select element from surveyfiltergroupelements with(nolock) where typeid = 2 and filtergroupid in (727348)
		)
	)
 or 
 exists (
	select 1 from dbo.placementexposure with (nolock) where  placementexposure.respondentid = answers374821.id and placementexposure.surveyid = 374821 and placementexposure.placementid  in 
		(
			select element from surveyfiltergroupelements with(nolock) where typeid = 3 and filtergroupid in (727348)
		)
	)
))",-1,2025-10-30 10:36:55,24968901,null,374821,0,FALSE,TRUE,FALSE,0,null,FALSE,FALSE,TRUE,Creative,FALSE,FALSE,1,Creative:  Creative Publisher - Katz Media,null,2025-10-28 12:45:13,FALSE,FALSE,Answers374821,FALSE
232,2025-11-04 14:06:23,FALSE,FALSE,FALSE,-1,null,"(1=1) and (substring(Q231,1,1)='2')",-1,2001-01-01 0:00:00,22228246,null,374821,0,FALSE,FALSE,FALSE,13583,null,FALSE,FALSE,TRUE,Delivery Category,FALSE,FALSE,1,"Delivery Category: Prepared Restaurant Food (e.g., pizza, Thai food, Mexican food, sushi, etc.)",null,2025-02-06 14:26:32,FALSE,FALSE,Answers374821,FALSE
236,2025-11-04 14:06:23,FALSE,FALSE,FALSE,-1,null,"(substring(Q232,1,1)='2')",-1,2001-01-01 0:00:00,22228251,null,374821,0,FALSE,FALSE,FALSE,14278,null,FALSE,FALSE,TRUE,Delivery Item,FALSE,FALSE,1,"Delivery Item: Fresh Food & Produce  (e.g., meat, dairy, breads, fruit, etc.)",null,2025-02-07 14:18:37,FALSE,FALSE,Answers374821,FALSE
801,2025-11-04 14:06:23,FALSE,FALSE,FALSE,-1,null,(Q264_1 in (2)),-1,2025-10-30 9:18:10,21587568,null,373075,0,FALSE,FALSE,FALSE,718,null,FALSE,FALSE,TRUE,Past Brand Recency - DoorDash,FALSE,FALSE,1,Past Brand Recency - DoorDash: Less than once a week,null,2024-12-05 11:40:05,FALSE,FALSE,Answers373075,FALSE
157,2025-11-04 14:06:23,TRUE,FALSE,FALSE,-1,null,"((
 exists (
	select 1 from dbo.bannerexposure with (nolock) where  bannerexposure.respondentid = answers374821.id and bannerexposure.surveyid = 374821 and bannerexposure.bannerid  in 
		(
			select cast(element as int) from surveyfiltergroupelements with(nolock) where typeid = 1 and filtergroupid in (727267)
		)
	)
 or 
 exists (
	select 1 from dbo.creativeexposure with (nolock) where  creativeexposure.respondentid = answers374821.id and creativeexposure.surveyid = 374821 and creativeexposure.creativeid  in 
		(
			select element from surveyfiltergroupelements with(nolock) where typeid = 2 and filtergroupid in (727267)
		)
	)
 or 
 exists (
	select 1 from dbo.placementexposure with (nolock) where  placementexposure.respondentid = answers374821.id and placementexposure.surveyid = 374821 and placementexposure.placementid  in 
		(
			select element from surveyfiltergroupelements with(nolock) where typeid = 3 and filtergroupid in (727267)
		)
	)
))",-1,2025-10-30 10:38:01,24969022,null,374821,0,FALSE,TRUE,FALSE,572,null,FALSE,FALSE,TRUE,Creative,FALSE,FALSE,1,Creative:  Placement Targeting Tactic - Demo,null,2025-10-28 12:45:46,FALSE,FALSE,Answers374821,FALSE
856,2025-11-04 14:06:23,FALSE,FALSE,FALSE,-1,null,"q4 in (select bannerid from adServerBanners where campaignid=78558 and site=27860) or ID IN (select id from answers373075 cross apply [SQL#].[String_Split4k](Q2, ',', 2) SplitTable cross apply [SQL#].[String_Split4k](SplitTable.SplitVal, '-', 2) bannerid where bannerid.SplitNum = 1 and bannerid.SplitVal in ( select value from dbo.surveyfilterelements WHERE surveyfilterelements.filterid=21280992 and type='in-clause' and surveyfilterelements.question='Q2' ) )",-1,2025-10-30 9:18:19,21280992,null,373075,0,FALSE,FALSE,FALSE,227,null,FALSE,FALSE,FALSE,Site All Hits,FALSE,FALSE,0,Site All Hits: My Code Media (US),null,2025-10-29 14:12:13,FALSE,FALSE,Answers373075,FALSE
677,2025-11-04 14:06:23,TRUE,FALSE,FALSE,-1,null,"(((
 exists (
	select 1 from dbo.bannerexposure with (nolock) where  bannerexposure.respondentid = answers373075.id and bannerexposure.surveyid = 373075 and bannerexposure.bannerid  in 
		(
			select cast(element as int) from surveyfiltergroupelements with(nolock) where typeid = 1 and filtergroupid in (724370)
		)
	)
 or 
 exists (
	select 1 from dbo.creativeexposure with (nolock) where  creativeexposure.respondentid = answers373075.id and creativeexposure.surveyid = 373075 and creativeexposure.creativeid  in 
		(
			select element from surveyfiltergroupelements with(nolock) where typeid = 2 and filtergroupid in (724370)
		)
	)
 or 
 exists (
	select 1 from dbo.placementexposure with (nolock) where  placementexposure.respondentid = answers373075.id and placementexposure.surveyid = 373075 and placementexposure.placementid  in 
		(
			select element from surveyfiltergroupelements with(nolock) where typeid = 3 and filtergroupid in (724370)
		)
	)
)) or ((Q4 in (select value from surveyfilterelements with(nolock) where filterid=24878498 and type='mapctrlbanner'))))",-1,2025-10-30 9:18:04,24878498,null,373075,0,FALSE,TRUE,TRUE,1091,null,FALSE,FALSE,TRUE,Creative,FALSE,FALSE,2,Creative:  Placement Targeting Tactic - 1P CRM,null,2025-10-23 10:47:24,FALSE,FALSE,Answers373075,FALSE
248,2025-11-04 14:06:23,FALSE,FALSE,FALSE,-1,null,"(substring(Q233_7,2,1)='2')",-1,2001-01-01 0:00:00,22236037,null,374821,0,FALSE,FALSE,FALSE,6146,null,FALSE,FALSE,TRUE,Delivery Use - Use an app/website for on-demand or same day delivery,FALSE,FALSE,1,Delivery Use - Use an app/website for on-demand or same day delivery: Packaged Food & Non-Alcoholic Beverages,null,2025-02-07 13:56:02,FALSE,FALSE,Answers374821,FALSE
173,2025-11-04 14:06:23,TRUE,FALSE,FALSE,-1,null,"((
 exists (
	select 1 from dbo.bannerexposure with (nolock) where  bannerexposure.respondentid = answers374821.id and bannerexposure.surveyid = 374821 and bannerexposure.bannerid  in 
		(
			select cast(element as int) from surveyfiltergroupelements with(nolock) where typeid = 1 and filtergroupid in (727299)
		)
	)
 or 
 exists (
	select 1 from dbo.creativeexposure with (nolock) where  creativeexposure.respondentid = answers374821.id and creativeexposure.surveyid = 374821 and creativeexposure.creativeid  in 
		(
			select element from surveyfiltergroupelements with(nolock) where typeid = 2 and filtergroupid in (727299)
		)
	)
 or 
 exists (
	select 1 from dbo.placementexposure with (nolock) where  placementexposure.respondentid = answers374821.id and placementexposure.surveyid = 374821 and placementexposure.placementid  in 
		(
			select element from surveyfiltergroupelements with(nolock) where typeid = 3 and filtergroupid in (727299)
		)
	)
))",-1,2025-10-30 10:38:25,24969039,null,374821,0,FALSE,TRUE,FALSE,52,null,FALSE,FALSE,TRUE,Creative,FALSE,FALSE,1,Creative:  Size/Length - 1200x270,null,2025-10-28 12:45:48,FALSE,FALSE,Answers374821,FALSE
379,2025-11-04 14:06:23,FALSE,FALSE,FALSE,-1,null,(Q4 = '12594082'),-1,2001-01-01 0:00:00,25033338,null,374821,0,FALSE,FALSE,FALSE,null,null,FALSE,FALSE,FALSE,Site,FALSE,FALSE,0,Site: Amazon Tablet (IT),null,2025-10-30 18:02:11,FALSE,FALSE,Answers374821,FALSE
701,2025-11-04 14:06:23,TRUE,FALSE,FALSE,-1,null,"(((
 exists (
	select 1 from dbo.bannerexposure with (nolock) where  bannerexposure.respondentid = answers373075.id and bannerexposure.surveyid = 373075 and bannerexposure.bannerid  in 
		(
			select cast(element as int) from surveyfiltergroupelements with(nolock) where typeid = 1 and filtergroupid in (724292)
		)
	)
 or 
 exists (
	select 1 from dbo.creativeexposure with (nolock) where  creativeexposure.respondentid = answers373075.id and creativeexposure.surveyid = 373075 and creativeexposure.creativeid  in 
		(
			select element from surveyfiltergroupelements with(nolock) where typeid = 2 and filtergroupid in (724292)
		)
	)
 or 
 exists (
	select 1 from dbo.placementexposure with (nolock) where  placementexposure.respondentid = answers373075.id and placementexposure.surveyid = 373075 and placementexposure.placementid  in 
		(
			select element from surveyfiltergroupelements with(nolock) where typeid = 3 and filtergroupid in (724292)
		)
	)
)) or ((Q4 in (select value from surveyfilterelements with(nolock) where filterid=24878540 and type='mapctrlbanner'))))",-1,2025-10-30 9:18:03,24878540,null,373075,0,FALSE,TRUE,TRUE,2769,null,FALSE,FALSE,TRUE,Creative,FALSE,FALSE,2,Creative:  Theme - Comida En La Casa,null,2025-10-23 10:49:07,FALSE,FALSE,Answers373075,FALSE
5,2025-11-04 14:06:23,FALSE,FALSE,FALSE,-1,null,"(1=1) and (substring(Q241,12,1)='2')",-1,2025-10-30 8:43:57,22228361,null,374821,0,FALSE,FALSE,FALSE,13049,null,FALSE,FALSE,TRUE,Activity,FALSE,FALSE,1,Activity: Used social media,null,2025-02-06 14:26:32,FALSE,FALSE,Answers374821,FALSE
357,2025-11-04 14:06:23,FALSE,FALSE,FALSE,-1,null,"q4 in (select bannerid from adServerBanners where campaignid=79821 and site=3169) or ID IN (select id from answers374821 cross apply [SQL#].[String_Split4k](Q2, ',', 2) SplitTable cross apply [SQL#].[String_Split4k](SplitTable.SplitVal, '-', 2) bannerid where bannerid.SplitNum = 1 and bannerid.SplitVal in ( select value from dbo.surveyfilterelements WHERE surveyfilterelements.filterid=24594513 and type='in-clause' and surveyfilterelements.question='Q2' ) )",-1,2001-01-01 0:00:00,24594513,null,374821,0,FALSE,FALSE,FALSE,null,null,FALSE,FALSE,FALSE,Site All Hits,FALSE,FALSE,0,Site All Hits: Yelp Non DI (US),null,2025-10-30 18:02:11,FALSE,FALSE,Answers374821,FALSE
403,2025-11-04 14:06:23,FALSE,FALSE,FALSE,-1,null,"(substring(Q257,9,1)='2')",-1,2025-06-11 11:15:39,21081514,null,372250,0,FALSE,FALSE,FALSE,1871,null,FALSE,FALSE,TRUE,Activity,FALSE,FALSE,0,Activity: Watched NWSL,null,2025-05-15 18:03:56,FALSE,FALSE,Answers372250,FALSE
229,2025-11-04 14:06:23,FALSE,FALSE,FALSE,-1,null,"(1=1) and (substring(Q231,4,1)='2')",-1,2001-01-01 0:00:00,22228249,null,374821,0,FALSE,FALSE,FALSE,12979,null,FALSE,FALSE,TRUE,Delivery Category,FALSE,FALSE,1,"Delivery Category: Household Essentials (e.g., paper towels, toilet paper, cleaning supplies, organizers, etc.)",null,2025-02-06 14:26:32,FALSE,FALSE,Answers374821,FALSE
202,2025-11-04 14:06:23,TRUE,FALSE,FALSE,-1,null,"((
 exists (
	select 1 from dbo.bannerexposure with (nolock) where  bannerexposure.respondentid = answers374821.id and bannerexposure.surveyid = 374821 and bannerexposure.bannerid  in 
		(
			select cast(element as int) from surveyfiltergroupelements with(nolock) where typeid = 1 and filtergroupid in (727229)
		)
	)
 or 
 exists (
	select 1 from dbo.creativeexposure with (nolock) where  creativeexposure.respondentid = answers374821.id and creativeexposure.surveyid = 374821 and creativeexposure.creativeid  in 
		(
			select element from surveyfiltergroupelements with(nolock) where typeid = 2 and filtergroupid in (727229)
		)
	)
 or 
 exists (
	select 1 from dbo.placementexposure with (nolock) where  placementexposure.respondentid = answers374821.id and placementexposure.surveyid = 374821 and placementexposure.placementid  in 
		(
			select element from surveyfiltergroupelements with(nolock) where typeid = 3 and filtergroupid in (727229)
		)
	)
))",-1,2025-10-30 10:38:30,24969068,null,374821,0,FALSE,TRUE,FALSE,8458,null,FALSE,FALSE,TRUE,Creative,FALSE,FALSE,1,Creative:  Theme - DashPass,null,2025-10-28 12:45:52,FALSE,FALSE,Answers374821,FALSE
369,2025-11-04 14:06:23,FALSE,FALSE,FALSE,-1,null,(Q4 = '12594080'),-1,2001-01-01 0:00:00,25033335,null,374821,0,FALSE,FALSE,FALSE,null,null,FALSE,FALSE,FALSE,Site,FALSE,FALSE,0,Site: Amazon CTV  (UK),null,2025-10-30 18:02:11,FALSE,FALSE,Answers374821,FALSE
89,2025-11-04 14:06:23,TRUE,FALSE,FALSE,-1,null,"((
 exists (
	select 1 from dbo.bannerexposure with (nolock) where  bannerexposure.respondentid = answers374821.id and bannerexposure.surveyid = 374821 and bannerexposure.bannerid  in 
		(
			select cast(element as int) from surveyfiltergroupelements with(nolock) where typeid = 1 and filtergroupid in (727382)
		)
	)
 or 
 exists (
	select 1 from dbo.creativeexposure with (nolock) where  creativeexposure.respondentid = answers374821.id and creativeexposure.surveyid = 374821 and creativeexposure.creativeid  in 
		(
			select element from surveyfiltergroupelements with(nolock) where typeid = 2 and filtergroupid in (727382)
		)
	)
 or 
 exists (
	select 1 from dbo.placementexposure with (nolock) where  placementexposure.respondentid = answers374821.id and placementexposure.surveyid = 374821 and placementexposure.placementid  in 
		(
			select element from surveyfiltergroupelements with(nolock) where typeid = 3 and filtergroupid in (727382)
		)
	)
))",-1,2025-10-30 10:37:30,24968954,null,374821,0,FALSE,TRUE,FALSE,1052,null,FALSE,FALSE,TRUE,Creative,FALSE,FALSE,1,Creative:  Placement Publisher - Draft Kings,null,2025-10-28 12:45:35,FALSE,FALSE,Answers374821,FALSE
840,2025-11-04 14:06:23,FALSE,FALSE,FALSE,-1,null,(Q4 = '12600804') or (Q2 like '%12600804%'),-1,2025-10-30 9:18:15,25000310,null,373075,0,FALSE,FALSE,FALSE,0,null,FALSE,FALSE,FALSE,Site All Hits,FALSE,FALSE,0,Site All Hits: Amazon Mobile (DE),null,2025-10-29 14:12:14,FALSE,FALSE,Answers373075,FALSE
866,2025-11-04 14:06:23,FALSE,FALSE,FALSE,-1,null,"q4 in (select bannerid from adServerBanners where campaignid=78558 and site=3169) or ID IN (select id from answers373075 cross apply [SQL#].[String_Split4k](Q2, ',', 2) SplitTable cross apply [SQL#].[String_Split4k](SplitTable.SplitVal, '-', 2) bannerid where bannerid.SplitNum = 1 and bannerid.SplitVal in ( select value from dbo.surveyfilterelements WHERE surveyfilterelements.filterid=24594487 and type='in-clause' and surveyfilterelements.question='Q2' ) )",-1,2025-10-30 9:17:53,24594487,null,373075,0,FALSE,FALSE,FALSE,4,null,FALSE,FALSE,FALSE,Site All Hits,FALSE,FALSE,0,Site All Hits: Yelp Non DI (US),null,2025-10-29 14:12:14,FALSE,FALSE,Answers373075,FALSE
226,2025-11-04 14:06:23,FALSE,FALSE,FALSE,-1,null,(Q200_1 in (0)),-1,2001-01-01 0:00:00,22358549,null,374821,0,FALSE,FALSE,FALSE,8158,null,FALSE,FALSE,TRUE,DashPass Use,FALSE,FALSE,1,DashPass Use: Use it now,null,2025-03-05 7:57:23,FALSE,FALSE,Answers374821,FALSE
697,2025-11-04 14:06:23,TRUE,FALSE,FALSE,-1,null,"((
 exists (
	select 1 from dbo.bannerexposure with (nolock) where  bannerexposure.respondentid = answers373075.id and bannerexposure.surveyid = 373075 and bannerexposure.bannerid  in 
		(
			select cast(element as int) from surveyfiltergroupelements with(nolock) where typeid = 1 and filtergroupid in (724358)
		)
	)
 or 
 exists (
	select 1 from dbo.creativeexposure with (nolock) where  creativeexposure.respondentid = answers373075.id and creativeexposure.surveyid = 373075 and creativeexposure.creativeid  in 
		(
			select element from surveyfiltergroupelements with(nolock) where typeid = 2 and filtergroupid in (724358)
		)
	)
 or 
 exists (
	select 1 from dbo.placementexposure with (nolock) where  placementexposure.respondentid = answers373075.id and placementexposure.surveyid = 373075 and placementexposure.placementid  in 
		(
			select element from surveyfiltergroupelements with(nolock) where typeid = 3 and filtergroupid in (724358)
		)
	)
))",-1,2025-10-30 9:18:03,24878536,null,373075,0,FALSE,TRUE,FALSE,0,null,FALSE,FALSE,TRUE,Creative,FALSE,FALSE,1,Creative:  Theme - $0 Delivery Sign Up,null,2025-10-23 10:48:52,FALSE,FALSE,Answers373075,FALSE
224,2025-11-04 14:06:23,FALSE,FALSE,FALSE,-1,null,(Q200_1 in (3)),-1,2001-01-01 0:00:00,22358842,null,374821,0,FALSE,FALSE,FALSE,2048,null,FALSE,FALSE,TRUE,DashPass Use,FALSE,FALSE,1,DashPass Use: Have not heard of it,null,2025-03-05 8:58:29,FALSE,FALSE,Answers374821,FALSE
250,2025-11-04 14:06:23,FALSE,FALSE,FALSE,-1,null,"(substring(Q233_11,2,1)='2')",-1,2001-01-01 0:00:00,22236050,null,374821,0,FALSE,FALSE,FALSE,4078,null,FALSE,FALSE,TRUE,Delivery Use - Use an app/website for on-demand or same day delivery,FALSE,FALSE,1,Delivery Use - Use an app/website for on-demand or same day delivery: Pet Supplies,null,2025-02-07 14:05:02,FALSE,FALSE,Answers374821,FALSE
773,2025-11-04 14:06:23,FALSE,FALSE,FALSE,-1,null,(Q3= 4),-1,2025-10-30 9:18:09,21361302,null,373075,0,FALSE,FALSE,FALSE,152,null,FALSE,FALSE,TRUE,Frequency,FALSE,FALSE,2,Frequency: 4,null,2024-11-21 15:19:49,FALSE,FALSE,Answers373075,FALSE
237,2025-11-04 14:06:23,FALSE,FALSE,FALSE,-1,null,"(substring(Q232,4,1)='2')",-1,2001-01-01 0:00:00,22228254,null,374821,0,FALSE,FALSE,FALSE,11508,null,FALSE,FALSE,TRUE,Delivery Item,FALSE,FALSE,1,"Delivery Item: Health &amp; Medicine (e.g., cold & cough, first aid, nutritional supplements, home tests, family planning, etc.)",null,2025-02-07 14:18:22,FALSE,FALSE,Answers374821,FALSE
200,2025-11-04 14:06:23,TRUE,FALSE,FALSE,-1,null,"((
 exists (
	select 1 from dbo.bannerexposure with (nolock) where  bannerexposure.respondentid = answers374821.id and bannerexposure.surveyid = 374821 and bannerexposure.bannerid  in 
		(
			select cast(element as int) from surveyfiltergroupelements with(nolock) where typeid = 1 and filtergroupid in (727285)
		)
	)
 or 
 exists (
	select 1 from dbo.creativeexposure with (nolock) where  creativeexposure.respondentid = answers374821.id and creativeexposure.surveyid = 374821 and creativeexposure.creativeid  in 
		(
			select element from surveyfiltergroupelements with(nolock) where typeid = 2 and filtergroupid in (727285)
		)
	)
 or 
 exists (
	select 1 from dbo.placementexposure with (nolock) where  placementexposure.respondentid = answers374821.id and placementexposure.surveyid = 374821 and placementexposure.placementid  in 
		(
			select element from surveyfiltergroupelements with(nolock) where typeid = 3 and filtergroupid in (727285)
		)
	)
))",-1,2025-10-30 10:38:28,24969066,null,374821,0,FALSE,TRUE,FALSE,341,null,FALSE,FALSE,TRUE,Creative,FALSE,FALSE,1,Creative:  Size/Length - Pause Ad,null,2025-10-28 12:45:51,FALSE,FALSE,Answers374821,FALSE
194,2025-11-04 14:06:23,TRUE,FALSE,FALSE,-1,null,"((
 exists (
	select 1 from dbo.bannerexposure with (nolock) where  bannerexposure.respondentid = answers374821.id and bannerexposure.surveyid = 374821 and bannerexposure.bannerid  in 
		(
			select cast(element as int) from surveyfiltergroupelements with(nolock) where typeid = 1 and filtergroupid in (727227)
		)
	)
 or 
 exists (
	select 1 from dbo.creativeexposure with (nolock) where  creativeexposure.respondentid = answers374821.id and creativeexposure.surveyid = 374821 and creativeexposure.creativeid  in 
		(
			select element from surveyfiltergroupelements with(nolock) where typeid = 2 and filtergroupid in (727227)
		)
	)
 or 
 exists (
	select 1 from dbo.placementexposure with (nolock) where  placementexposure.respondentid = answers374821.id and placementexposure.surveyid = 374821 and placementexposure.placementid  in 
		(
			select element from surveyfiltergroupelements with(nolock) where typeid = 3 and filtergroupid in (727227)
		)
	)
))",-1,2025-10-30 10:38:12,24969060,null,374821,0,FALSE,TRUE,FALSE,2830,null,FALSE,FALSE,TRUE,Creative,FALSE,FALSE,1,Creative:  Size/Length - 6s,null,2025-10-28 12:45:51,FALSE,FALSE,Answers374821,FALSE
245,2025-11-04 14:06:23,FALSE,FALSE,FALSE,-1,null,"(substring(Q233_2,2,1)='2')",-1,2001-01-01 0:00:00,22236020,null,374821,0,FALSE,FALSE,FALSE,6874,null,FALSE,FALSE,TRUE,Delivery Use - Use an app/website for on-demand or same day delivery,FALSE,FALSE,1,Delivery Use - Use an app/website for on-demand or same day delivery: Groceries,null,2025-02-07 13:43:45,FALSE,FALSE,Answers374821,FALSE
707,2025-11-04 14:06:23,TRUE,FALSE,FALSE,-1,null,"(((
 exists (
	select 1 from dbo.bannerexposure with (nolock) where  bannerexposure.respondentid = answers373075.id and bannerexposure.surveyid = 373075 and bannerexposure.bannerid  in 
		(
			select cast(element as int) from surveyfiltergroupelements with(nolock) where typeid = 1 and filtergroupid in (724301)
		)
	)
 or 
 exists (
	select 1 from dbo.creativeexposure with (nolock) where  creativeexposure.respondentid = answers373075.id and creativeexposure.surveyid = 373075 and creativeexposure.creativeid  in 
		(
			select element from surveyfiltergroupelements with(nolock) where typeid = 2 and filtergroupid in (724301)
		)
	)
 or 
 exists (
	select 1 from dbo.placementexposure with (nolock) where  placementexposure.respondentid = answers373075.id and placementexposure.surveyid = 373075 and placementexposure.placementid  in 
		(
			select element from surveyfiltergroupelements with(nolock) where typeid = 3 and filtergroupid in (724301)
		)
	)
)) or ((Q4 in (select value from surveyfilterelements with(nolock) where filterid=24878546 and type='mapctrlbanner'))))",-1,2025-10-30 9:18:04,24878546,null,373075,0,FALSE,TRUE,TRUE,2682,null,FALSE,FALSE,TRUE,Creative,FALSE,FALSE,2,Creative:  Theme - Hispanic,null,2025-10-23 10:49:27,FALSE,FALSE,Answers373075,FALSE
492,2025-11-04 14:06:23,FALSE,FALSE,FALSE,-1,null,(Q253=3),-1,2025-06-11 11:21:44,21081601,null,372250,0,FALSE,FALSE,FALSE,39,null,FALSE,FALSE,TRUE,Gender,FALSE,FALSE,0,Gender: I prefer to self identify,null,2025-05-15 18:03:57,FALSE,FALSE,Answers372250,FALSE
383,2025-11-04 14:06:23,FALSE,FALSE,FALSE,-1,null,"
           ID IN (
           select distinct id from answers374821 with(nolock)
                cross apply [dbo].[splitstring](ISNULL(Q127, '') , ',') callsign
                where callsign.Value in 
                             (
                             select Value
                             from dbo.surveyfilterelements 
                             WHERE surveyfilterelements.filterid=24637073
                             and type='in-clause' and surveyfilterelements.question='Q127'
                             )
                            )",-1,2001-01-01 0:00:00,24637073,null,374821,0,FALSE,FALSE,TRUE,null,null,FALSE,FALSE,FALSE,TV Network (All Hits),FALSE,FALSE,0,TV Network (All Hits): ABC-7,null,2025-10-30 18:02:13,FALSE,FALSE,Answers374821,FALSE
205,2025-11-04 14:06:23,TRUE,FALSE,FALSE,-1,null,"((
 exists (
	select 1 from dbo.bannerexposure with (nolock) where  bannerexposure.respondentid = answers374821.id and bannerexposure.surveyid = 374821 and bannerexposure.bannerid  in 
		(
			select cast(element as int) from surveyfiltergroupelements with(nolock) where typeid = 1 and filtergroupid in (727271)
		)
	)
 or 
 exists (
	select 1 from dbo.creativeexposure with (nolock) where  creativeexposure.respondentid = answers374821.id and creativeexposure.surveyid = 374821 and creativeexposure.creativeid  in 
		(
			select element from surveyfiltergroupelements with(nolock) where typeid = 2 and filtergroupid in (727271)
		)
	)
 or 
 exists (
	select 1 from dbo.placementexposure with (nolock) where  placementexposure.respondentid = answers374821.id and placementexposure.surveyid = 374821 and placementexposure.placementid  in 
		(
			select element from surveyfiltergroupelements with(nolock) where typeid = 3 and filtergroupid in (727271)
		)
	)
))",-1,2025-10-30 10:38:32,24969071,null,374821,0,FALSE,TRUE,FALSE,774,null,FALSE,FALSE,TRUE,Creative,FALSE,FALSE,1,Creative:  Theme - DashPassxChase,null,2025-10-28 12:45:52,FALSE,FALSE,Answers374821,FALSE
83,2025-11-04 14:06:23,TRUE,FALSE,FALSE,-1,null,"((
 exists (
	select 1 from dbo.bannerexposure with (nolock) where  bannerexposure.respondentid = answers374821.id and bannerexposure.surveyid = 374821 and bannerexposure.bannerid  in 
		(
			select cast(element as int) from surveyfiltergroupelements with(nolock) where typeid = 1 and filtergroupid in (727429)
		)
	)
 or 
 exists (
	select 1 from dbo.creativeexposure with (nolock) where  creativeexposure.respondentid = answers374821.id and creativeexposure.surveyid = 374821 and creativeexposure.creativeid  in 
		(
			select element from surveyfiltergroupelements with(nolock) where typeid = 2 and filtergroupid in (727429)
		)
	)
 or 
 exists (
	select 1 from dbo.placementexposure with (nolock) where  placementexposure.respondentid = answers374821.id and placementexposure.surveyid = 374821 and placementexposure.placementid  in 
		(
			select element from surveyfiltergroupelements with(nolock) where typeid = 3 and filtergroupid in (727429)
		)
	)
))",-1,2025-10-30 10:37:27,24968948,null,374821,0,FALSE,TRUE,FALSE,49,null,FALSE,FALSE,TRUE,Creative,FALSE,FALSE,1,Creative:  Placement Publisher - Amazon CTV (US),null,2025-10-28 12:45:34,FALSE,FALSE,Answers374821,FALSE
216,2025-11-04 14:06:23,TRUE,FALSE,FALSE,-1,null,"((
 exists (
	select 1 from dbo.bannerexposure with (nolock) where  bannerexposure.respondentid = answers374821.id and bannerexposure.surveyid = 374821 and bannerexposure.bannerid  in 
		(
			select cast(element as int) from surveyfiltergroupelements with(nolock) where typeid = 1 and filtergroupid in (727234)
		)
	)
 or 
 exists (
	select 1 from dbo.creativeexposure with (nolock) where  creativeexposure.respondentid = answers374821.id and creativeexposure.surveyid = 374821 and creativeexposure.creativeid  in 
		(
			select element from surveyfiltergroupelements with(nolock) where typeid = 2 and filtergroupid in (727234)
		)
	)
 or 
 exists (
	select 1 from dbo.placementexposure with (nolock) where  placementexposure.respondentid = answers374821.id and placementexposure.surveyid = 374821 and placementexposure.placementid  in 
		(
			select element from surveyfiltergroupelements with(nolock) where typeid = 3 and filtergroupid in (727234)
		)
	)
))",-1,2025-10-30 10:38:35,24969082,null,374821,0,FALSE,TRUE,FALSE,3388,null,FALSE,FALSE,TRUE,Creative,FALSE,FALSE,1,Creative:  Theme - New Cx,null,2025-10-28 12:45:53,FALSE,FALSE,Answers374821,FALSE
213,2025-11-04 14:06:23,TRUE,FALSE,FALSE,-1,null,"((
 exists (
	select 1 from dbo.bannerexposure with (nolock) where  bannerexposure.respondentid = answers374821.id and bannerexposure.surveyid = 374821 and bannerexposure.bannerid  in 
		(
			select cast(element as int) from surveyfiltergroupelements with(nolock) where typeid = 1 and filtergroupid in (727363)
		)
	)
 or 
 exists (
	select 1 from dbo.creativeexposure with (nolock) where  creativeexposure.respondentid = answers374821.id and creativeexposure.surveyid = 374821 and creativeexposure.creativeid  in 
		(
			select element from surveyfiltergroupelements with(nolock) where typeid = 2 and filtergroupid in (727363)
		)
	)
 or 
 exists (
	select 1 from dbo.placementexposure with (nolock) where  placementexposure.respondentid = answers374821.id and placementexposure.surveyid = 374821 and placementexposure.placementid  in 
		(
			select element from surveyfiltergroupelements with(nolock) where typeid = 3 and filtergroupid in (727363)
		)
	)
))",-1,2025-10-30 10:38:44,24969079,null,374821,0,FALSE,TRUE,FALSE,31,null,FALSE,FALSE,TRUE,Creative,FALSE,FALSE,1,Creative:  Theme - Marketplace Influencers,null,2025-10-28 12:45:53,FALSE,FALSE,Answers374821,FALSE
868,2025-11-04 14:06:23,FALSE,FALSE,FALSE,-1,null,q4 in (select bannerid from adServerBanners where campaignid=78558 and site=27103),-1,2025-10-30 9:18:13,25000279,null,373075,0,FALSE,FALSE,FALSE,0,null,FALSE,FALSE,FALSE,Site,FALSE,FALSE,0,Site: Amazon (BR),null,2025-10-29 14:12:13,FALSE,FALSE,Answers373075,FALSE
300,2025-11-04 14:06:23,FALSE,FALSE,FALSE,-1,null,( starttime >= '10/01/2025' and starttime < '11/01/2025' ),-1,2001-01-01 0:00:00,24546100,null,374821,0,FALSE,FALSE,FALSE,null,null,FALSE,FALSE,TRUE,Recruitment Month,FALSE,FALSE,0,Recruitment Month:October 2025,null,2025-10-01 2:14:02,FALSE,FALSE,Answers374821,FALSE
234,2025-11-04 14:06:23,FALSE,FALSE,FALSE,-1,null,"(1=1) and (substring(Q232,6,1)='2')",-1,2001-01-01 0:00:00,22228256,null,374821,0,FALSE,FALSE,FALSE,5721,null,FALSE,FALSE,TRUE,Delivery Item,FALSE,FALSE,1,"Delivery Item: Baby Supplies (e.g., diapers, baby food, baby clothes, etc.)",null,2025-02-06 14:26:32,FALSE,FALSE,Answers374821,FALSE
221,2025-11-04 14:06:23,TRUE,FALSE,FALSE,-1,null,"((
 exists (
	select 1 from dbo.bannerexposure with (nolock) where  bannerexposure.respondentid = answers374821.id and bannerexposure.surveyid = 374821 and bannerexposure.bannerid  in 
		(
			select cast(element as int) from surveyfiltergroupelements with(nolock) where typeid = 1 and filtergroupid in (727269)
		)
	)
 or 
 exists (
	select 1 from dbo.creativeexposure with (nolock) where  creativeexposure.respondentid = answers374821.id and creativeexposure.surveyid = 374821 and creativeexposure.creativeid  in 
		(
			select element from surveyfiltergroupelements with(nolock) where typeid = 2 and filtergroupid in (727269)
		)
	)
 or 
 exists (
	select 1 from dbo.placementexposure with (nolock) where  placementexposure.respondentid = answers374821.id and placementexposure.surveyid = 374821 and placementexposure.placementid  in 
		(
			select element from surveyfiltergroupelements with(nolock) where typeid = 3 and filtergroupid in (727269)
		)
	)
))",-1,2025-10-30 10:38:38,24969087,null,374821,0,FALSE,TRUE,FALSE,2486,null,FALSE,FALSE,TRUE,Creative,FALSE,FALSE,1,Creative:  Theme - SODP,null,2025-10-28 12:45:54,FALSE,FALSE,Answers374821,FALSE
264,2025-11-04 14:06:23,FALSE,FALSE,FALSE,-1,null,(1=1) and (Q238=4),-1,2025-10-29 17:59:21,22228337,null,374821,0,FALSE,FALSE,FALSE,73,null,FALSE,FALSE,TRUE,Gender,FALSE,FALSE,1,Gender: Prefer not to answer,null,2025-02-06 14:26:32,FALSE,FALSE,Answers374821,FALSE
135,2025-11-04 14:06:23,TRUE,FALSE,FALSE,-1,null,"((
 exists (
	select 1 from dbo.bannerexposure with (nolock) where  bannerexposure.respondentid = answers374821.id and bannerexposure.surveyid = 374821 and bannerexposure.bannerid  in 
		(
			select cast(element as int) from surveyfiltergroupelements with(nolock) where typeid = 1 and filtergroupid in (727427)
		)
	)
 or 
 exists (
	select 1 from dbo.creativeexposure with (nolock) where  creativeexposure.respondentid = answers374821.id and creativeexposure.surveyid = 374821 and creativeexposure.creativeid  in 
		(
			select element from surveyfiltergroupelements with(nolock) where typeid = 2 and filtergroupid in (727427)
		)
	)
 or 
 exists (
	select 1 from dbo.placementexposure with (nolock) where  placementexposure.respondentid = answers374821.id and placementexposure.surveyid = 374821 and placementexposure.placementid  in 
		(
			select element from surveyfiltergroupelements with(nolock) where typeid = 3 and filtergroupid in (727427)
		)
	)
))",-1,2025-10-30 10:38:00,24969000,null,374821,0,FALSE,TRUE,FALSE,0,null,FALSE,FALSE,TRUE,Creative,FALSE,FALSE,1,Creative:  Placement Publisher - Tubi,null,2025-10-28 12:45:44,FALSE,FALSE,Answers374821,FALSE
367,2025-11-04 14:06:23,FALSE,FALSE,FALSE,-1,null,q4 in (select bannerid from adServerBanners where campaignid=79821 and site=22782),-1,2001-01-01 0:00:00,25033284,null,374821,0,FALSE,FALSE,FALSE,null,null,FALSE,FALSE,FALSE,Site,FALSE,FALSE,0,Site: Amazon CTV  (DE),null,2025-10-30 18:02:10,FALSE,FALSE,Answers374821,FALSE
865,2025-11-04 14:06:23,FALSE,FALSE,FALSE,-1,null,q4 in (select bannerid from adServerBanners where campaignid=78558 and site=1565) or (Q2 like '%12584327%' or Q2 like '%12584328%' or Q2 like '%12591224%' or Q2 like '%12652604%' or Q2 like '%12652605%' or Q2 like '%12652606%' or Q2 like '%12652607%' or Q2 like '%12652608%' or Q2 like '%12652609%'),-1,2025-10-30 9:18:23,23721056,null,373075,0,FALSE,FALSE,FALSE,27,null,FALSE,FALSE,TRUE,Site All Hits,FALSE,FALSE,0,Site All Hits: Spotify (US),null,2025-10-23 9:54:36,FALSE,FALSE,Answers373075,FALSE
269,2025-11-04 14:06:23,FALSE,FALSE,FALSE,-1,null,(1=1) and (Q230=2),-1,2001-01-01 0:00:00,22228240,null,374821,0,FALSE,FALSE,FALSE,2870,null,FALSE,FALSE,TRUE,Last Delivery,FALSE,FALSE,1,Last Delivery: Within the past 2-4 weeks,null,2025-02-06 14:26:32,FALSE,FALSE,Answers374821,FALSE
886,2025-11-04 14:06:23,FALSE,FALSE,FALSE,-1,null,q4 in (select bannerid from adServerBanners where campaignid=78558 and site=22778),-1,2025-10-30 9:18:14,25000289,null,373075,0,FALSE,FALSE,FALSE,0,null,FALSE,FALSE,FALSE,Site,FALSE,FALSE,0,Site: Amazon Tablet (CA),null,2025-10-29 14:12:13,FALSE,FALSE,Answers373075,FALSE
270,2025-11-04 14:06:23,FALSE,FALSE,FALSE,-1,null,(1=1) and (Q230=4),-1,2001-01-01 0:00:00,22228242,null,374821,0,FALSE,FALSE,FALSE,733,null,FALSE,FALSE,TRUE,Last Delivery,FALSE,FALSE,1,Last Delivery: Within the past 3-6 months,null,2025-02-06 14:26:32,FALSE,FALSE,Answers374821,FALSE
265,2025-11-04 14:06:23,FALSE,FALSE,FALSE,-1,null,(1=1) and (Q230=7),-1,2001-01-01 0:00:00,22228245,null,374821,0,FALSE,FALSE,FALSE,1927,null,FALSE,FALSE,TRUE,Last Delivery,FALSE,FALSE,1,Last Delivery: I have not used an on-demand delivery app/website,null,2025-02-06 14:26:32,FALSE,FALSE,Answers374821,FALSE
361,2025-11-04 14:06:23,FALSE,FALSE,FALSE,-1,null,q4 in (select bannerid from adServerBanners where campaignid=79821 and site=5068),-1,2001-01-01 0:00:00,25033261,null,374821,0,FALSE,FALSE,FALSE,null,null,FALSE,FALSE,FALSE,Site,FALSE,FALSE,0,Site: Amazon (CA),null,2025-10-30 18:02:10,FALSE,FALSE,Answers374821,FALSE
409,2025-11-04 14:06:23,FALSE,FALSE,FALSE,-1,null,(Q186 BETWEEN 35 AND 44),-1,2025-06-11 11:15:38,23388654,null,372250,0,FALSE,FALSE,FALSE,9535,null,FALSE,FALSE,TRUE,Age (Grouped),FALSE,FALSE,1,Age (Grouped): 35-44,null,2025-05-28 12:15:21,FALSE,FALSE,Answers372250,FALSE
532,2025-11-04 14:06:23,FALSE,FALSE,FALSE,-1,null,"q4 in (select bannerid from adServerBanners where campaignid=72361 and site=21461) or ID IN (select id from answers372250 cross apply [SQL#].[String_Split4k](Q2, ',', 2) SplitTable cross apply [SQL#].[String_Split4k](SplitTable.SplitVal, '-', 2) bannerid where bannerid.SplitNum = 1 and bannerid.SplitVal in ( select value from dbo.surveyfilterelements WHERE surveyfilterelements.filterid=20870689 and type='in-clause' and surveyfilterelements.question='Q2' ) )",-1,2001-01-01 0:00:00,20870689,null,372250,0,FALSE,FALSE,FALSE,null,null,FALSE,FALSE,FALSE,Site All Hits,FALSE,FALSE,0,Site All Hits: Amazon CTV (US),null,2025-10-18 22:12:08,FALSE,FALSE,Answers372250,FALSE
59,2025-11-04 14:06:23,TRUE,FALSE,FALSE,-1,null,"((
 exists (
	select 1 from dbo.bannerexposure with (nolock) where  bannerexposure.respondentid = answers374821.id and bannerexposure.surveyid = 374821 and bannerexposure.bannerid  in 
		(
			select cast(element as int) from surveyfiltergroupelements with(nolock) where typeid = 1 and filtergroupid in (727311)
		)
	)
 or 
 exists (
	select 1 from dbo.creativeexposure with (nolock) where  creativeexposure.respondentid = answers374821.id and creativeexposure.surveyid = 374821 and creativeexposure.creativeid  in 
		(
			select element from surveyfiltergroupelements with(nolock) where typeid = 2 and filtergroupid in (727311)
		)
	)
 or 
 exists (
	select 1 from dbo.placementexposure with (nolock) where  placementexposure.respondentid = answers374821.id and placementexposure.surveyid = 374821 and placementexposure.placementid  in 
		(
			select element from surveyfiltergroupelements with(nolock) where typeid = 3 and filtergroupid in (727311)
		)
	)
))",-1,2025-10-30 10:37:07,24968924,null,374821,0,FALSE,TRUE,FALSE,0,null,FALSE,FALSE,TRUE,Creative,FALSE,FALSE,1,Creative:  Creative Publisher - Spotify,null,2025-10-28 12:45:24,FALSE,FALSE,Answers374821,FALSE
412,2025-11-04 14:06:23,FALSE,FALSE,FALSE,-1,null,(Q186>=65),-1,2025-06-11 11:15:38,23388657,null,372250,0,FALSE,FALSE,FALSE,1135,null,FALSE,FALSE,TRUE,Age (Grouped),FALSE,FALSE,1,Age (Grouped): 65+,null,2025-05-28 12:15:21,FALSE,FALSE,Answers372250,FALSE
123,2025-11-04 14:06:23,TRUE,FALSE,FALSE,-1,null,"((
 exists (
	select 1 from dbo.bannerexposure with (nolock) where  bannerexposure.respondentid = answers374821.id and bannerexposure.surveyid = 374821 and bannerexposure.bannerid  in 
		(
			select cast(element as int) from surveyfiltergroupelements with(nolock) where typeid = 1 and filtergroupid in (727409)
		)
	)
 or 
 exists (
	select 1 from dbo.creativeexposure with (nolock) where  creativeexposure.respondentid = answers374821.id and creativeexposure.surveyid = 374821 and creativeexposure.creativeid  in 
		(
			select element from surveyfiltergroupelements with(nolock) where typeid = 2 and filtergroupid in (727409)
		)
	)
 or 
 exists (
	select 1 from dbo.placementexposure with (nolock) where  placementexposure.respondentid = answers374821.id and placementexposure.surveyid = 374821 and placementexposure.placementid  in 
		(
			select element from surveyfiltergroupelements with(nolock) where typeid = 3 and filtergroupid in (727409)
		)
	)
))",-1,2025-10-30 10:37:46,24968988,null,374821,0,FALSE,TRUE,FALSE,3959,null,FALSE,FALSE,TRUE,Creative,FALSE,FALSE,1,Creative:  Placement Publisher - Roku,null,2025-10-28 12:45:42,FALSE,FALSE,Answers374821,FALSE
80,2025-11-04 14:06:23,TRUE,FALSE,FALSE,-1,null,"((
 exists (
	select 1 from dbo.bannerexposure with (nolock) where  bannerexposure.respondentid = answers374821.id and bannerexposure.surveyid = 374821 and bannerexposure.bannerid  in 
		(
			select cast(element as int) from surveyfiltergroupelements with(nolock) where typeid = 1 and filtergroupid in (727416)
		)
	)
 or 
 exists (
	select 1 from dbo.creativeexposure with (nolock) where  creativeexposure.respondentid = answers374821.id and creativeexposure.surveyid = 374821 and creativeexposure.creativeid  in 
		(
			select element from surveyfiltergroupelements with(nolock) where typeid = 2 and filtergroupid in (727416)
		)
	)
 or 
 exists (
	select 1 from dbo.placementexposure with (nolock) where  placementexposure.respondentid = answers374821.id and placementexposure.surveyid = 374821 and placementexposure.placementid  in 
		(
			select element from surveyfiltergroupelements with(nolock) where typeid = 3 and filtergroupid in (727416)
		)
	)
))",-1,2025-10-30 10:37:25,24968945,null,374821,0,FALSE,TRUE,FALSE,0,null,FALSE,FALSE,TRUE,Creative,FALSE,FALSE,1,Creative:  Placement Publisher - Activision Blizzard,null,2025-10-28 12:45:32,FALSE,FALSE,Answers374821,FALSE
568,2025-11-04 14:06:23,FALSE,FALSE,FALSE,-1,null,q4 in (select bannerid from adServerBanners where campaignid=72361 and site=11687) or (Q2 like '%12296685%'),-1,2025-09-17 12:02:41,20870811,null,372250,0,FALSE,FALSE,FALSE,146,null,FALSE,FALSE,FALSE,Site All Hits,FALSE,FALSE,0,Site All Hits: Prometheus Global,null,2024-10-23 9:54:51,FALSE,FALSE,Answers372250,FALSE
729,2025-11-04 14:06:23,FALSE,FALSE,FALSE,-1,null,"(1=1) and (substring(Q256,2,1)='2')",-1,2025-10-30 9:18:05,21583703,null,373075,0,FALSE,FALSE,FALSE,3541,null,FALSE,FALSE,TRUE,Delivery Category,FALSE,FALSE,1,"Delivery Category: Groceries (e.g., dairy, eggs, produce, meat, bread, snacks, pasta, etc.)",null,2024-12-05 9:23:50,FALSE,FALSE,Answers373075,FALSE
544,2025-11-04 14:06:23,FALSE,FALSE,FALSE,-1,null,. . 20870735 . OR . . 21214002 .,-1,2025-09-17 12:01:12,21573400,null,372250,0,FALSE,FALSE,FALSE,925,null,TRUE,FALSE,TRUE,Site All Hits,FALSE,FALSE,1,Site All Hits: ESPN,null,2024-12-04 9:47:31,FALSE,FALSE,Answers372250,FALSE
292,2025-11-04 14:06:23,FALSE,FALSE,FALSE,-1,null,(Q235_2 in (2)),-1,2001-01-01 0:00:00,22228319,null,374821,0,FALSE,FALSE,FALSE,2805,null,FALSE,FALSE,TRUE,Past Brand Recency - Uber Eats,FALSE,FALSE,1,Past Brand Recency - Uber Eats: Less than once a week,null,2025-02-06 14:26:32,FALSE,FALSE,Answers374821,FALSE
400,2025-11-04 14:06:23,FALSE,FALSE,FALSE,-1,null,"(substring(Q257,10,1)='2')",-1,2025-06-11 11:15:39,21081511,null,372250,0,FALSE,FALSE,FALSE,3209,null,FALSE,FALSE,TRUE,Activity,FALSE,FALSE,0,Activity: Watched NASCAR,null,2025-05-15 18:03:56,FALSE,FALSE,Answers372250,FALSE
423,2025-11-04 14:06:23,FALSE,FALSE,FALSE,-1,null,"(substring(Q248,5,1)='2')",-1,2025-06-11 11:15:42,21081557,null,372250,0,FALSE,FALSE,FALSE,814,null,FALSE,FALSE,TRUE,Delivery Category,FALSE,FALSE,0,Delivery Category: None of the above,null,2025-05-15 18:03:57,FALSE,FALSE,Answers372250,FALSE
63,2025-11-04 14:06:23,TRUE,FALSE,FALSE,-1,null,"((
 exists (
	select 1 from dbo.bannerexposure with (nolock) where  bannerexposure.respondentid = answers374821.id and bannerexposure.surveyid = 374821 and bannerexposure.bannerid  in 
		(
			select cast(element as int) from surveyfiltergroupelements with(nolock) where typeid = 1 and filtergroupid in (727334)
		)
	)
 or 
 exists (
	select 1 from dbo.creativeexposure with (nolock) where  creativeexposure.respondentid = answers374821.id and creativeexposure.surveyid = 374821 and creativeexposure.creativeid  in 
		(
			select element from surveyfiltergroupelements with(nolock) where typeid = 2 and filtergroupid in (727334)
		)
	)
 or 
 exists (
	select 1 from dbo.placementexposure with (nolock) where  placementexposure.respondentid = answers374821.id and placementexposure.surveyid = 374821 and placementexposure.placementid  in 
		(
			select element from surveyfiltergroupelements with(nolock) where typeid = 3 and filtergroupid in (727334)
		)
	)
))",-1,2025-10-30 10:37:11,24968928,null,374821,0,FALSE,TRUE,FALSE,0,null,FALSE,FALSE,TRUE,Creative,FALSE,FALSE,1,Creative:  Creative Publisher - VEVO,null,2025-10-28 12:45:27,FALSE,FALSE,Answers374821,FALSE
562,2025-11-04 14:06:23,FALSE,FALSE,FALSE,-1,null,"q4 in (select bannerid from adServerBanners where campaignid=72361 and site=11682) or ID IN (select id from answers372250 cross apply [SQL#].[String_Split4k](Q2, ',', 2) SplitTable cross apply [SQL#].[String_Split4k](SplitTable.SplitVal, '-', 2) bannerid where bannerid.SplitNum = 1 and bannerid.SplitVal in ( select value from dbo.surveyfilterelements WHERE surveyfilterelements.filterid=20870654 and type='in-clause' and surveyfilterelements.question='Q2' ) )",-1,2001-01-01 0:00:00,20870654,null,372250,0,FALSE,FALSE,FALSE,null,null,FALSE,FALSE,FALSE,Site All Hits,FALSE,FALSE,0,Site All Hits: NBA (US),null,2025-10-18 22:12:07,FALSE,FALSE,Answers372250,FALSE
588,2025-11-04 14:06:23,FALSE,FALSE,FALSE,-1,null,"(1=1) and (substring(Q259,6,1)='2')",-1,2025-06-05 11:44:42,23445336,null,372250,0,FALSE,FALSE,FALSE,4500,null,FALSE,FALSE,TRUE,Sports Fan,FALSE,FALSE,1,Sports Fan: None of the above,null,2025-06-05 11:44:12,FALSE,FALSE,Answers372250,FALSE
92,2025-11-04 14:06:23,TRUE,FALSE,FALSE,-1,null,"((
 exists (
	select 1 from dbo.bannerexposure with (nolock) where  bannerexposure.respondentid = answers374821.id and bannerexposure.surveyid = 374821 and bannerexposure.bannerid  in 
		(
			select cast(element as int) from surveyfiltergroupelements with(nolock) where typeid = 1 and filtergroupid in (727261)
		)
	)
 or 
 exists (
	select 1 from dbo.creativeexposure with (nolock) where  creativeexposure.respondentid = answers374821.id and creativeexposure.surveyid = 374821 and creativeexposure.creativeid  in 
		(
			select element from surveyfiltergroupelements with(nolock) where typeid = 2 and filtergroupid in (727261)
		)
	)
 or 
 exists (
	select 1 from dbo.placementexposure with (nolock) where  placementexposure.respondentid = answers374821.id and placementexposure.surveyid = 374821 and placementexposure.placementid  in 
		(
			select element from surveyfiltergroupelements with(nolock) where typeid = 3 and filtergroupid in (727261)
		)
	)
))",-1,2025-10-30 10:37:41,24968957,null,374821,0,FALSE,TRUE,FALSE,544,null,FALSE,FALSE,TRUE,Creative,FALSE,FALSE,1,Creative:  Placement Publisher - ESPN (US),null,2025-10-28 12:45:37,FALSE,FALSE,Answers374821,FALSE
131,2025-11-04 14:06:23,TRUE,FALSE,FALSE,-1,null,"((
 exists (
	select 1 from dbo.bannerexposure with (nolock) where  bannerexposure.respondentid = answers374821.id and bannerexposure.surveyid = 374821 and bannerexposure.bannerid  in 
		(
			select cast(element as int) from surveyfiltergroupelements with(nolock) where typeid = 1 and filtergroupid in (727279)
		)
	)
 or 
 exists (
	select 1 from dbo.creativeexposure with (nolock) where  creativeexposure.respondentid = answers374821.id and creativeexposure.surveyid = 374821 and creativeexposure.creativeid  in 
		(
			select element from surveyfiltergroupelements with(nolock) where typeid = 2 and filtergroupid in (727279)
		)
	)
 or 
 exists (
	select 1 from dbo.placementexposure with (nolock) where  placementexposure.respondentid = answers374821.id and placementexposure.surveyid = 374821 and placementexposure.placementid  in 
		(
			select element from surveyfiltergroupelements with(nolock) where typeid = 3 and filtergroupid in (727279)
		)
	)
))",-1,2025-10-30 10:37:49,24968996,null,374821,0,FALSE,TRUE,FALSE,82,null,FALSE,FALSE,TRUE,Creative,FALSE,FALSE,1,Creative:  Placement Publisher - Starglow Media Podcast (US),null,2025-10-28 12:45:43,FALSE,FALSE,Answers374821,FALSE
578,2025-11-04 14:06:23,FALSE,FALSE,FALSE,-1,null,"q4 in (select bannerid from adServerBanners where campaignid=72361 and site=3169) or ID IN (select id from answers372250 cross apply [SQL#].[String_Split4k](Q2, ',', 2) SplitTable cross apply [SQL#].[String_Split4k](SplitTable.SplitVal, '-', 2) bannerid where bannerid.SplitNum = 1 and bannerid.SplitVal in ( select value from dbo.surveyfilterelements WHERE surveyfilterelements.filterid=20870732 and type='in-clause' and surveyfilterelements.question='Q2' ) )",-1,2001-01-01 0:00:00,20870732,null,372250,0,FALSE,FALSE,FALSE,null,null,FALSE,FALSE,FALSE,Site All Hits,FALSE,FALSE,0,Site All Hits: Yelp Non DI (US),null,2025-10-18 22:12:08,FALSE,FALSE,Answers372250,FALSE
443,2025-11-04 14:06:23,FALSE,FALSE,FALSE,-1,null,"(substring(Q250_11,3,1)='2')",-1,2025-06-11 11:20:07,21083184,null,372250,0,FALSE,FALSE,FALSE,3259,null,FALSE,FALSE,TRUE,Delivery Use - Used an app/website for non-same day delivery,FALSE,FALSE,1,Delivery Use - Used an app/website for non-same day delivery: Pet Supplies,null,2025-05-15 18:03:57,FALSE,FALSE,Answers372250,FALSE
555,2025-11-04 14:06:23,FALSE,FALSE,FALSE,-1,null,"q4 in (select bannerid from adServerBanners where campaignid=72361 and site=29047) or ID IN (select id from answers372250 cross apply [SQL#].[String_Split4k](Q2, ',', 2) SplitTable cross apply [SQL#].[String_Split4k](SplitTable.SplitVal, '-', 2) bannerid where bannerid.SplitNum = 1 and bannerid.SplitVal in ( select value from dbo.surveyfilterelements WHERE surveyfilterelements.filterid=21132500 and type='in-clause' and surveyfilterelements.question='Q2' ) )",-1,2001-01-01 0:00:00,21132500,null,372250,0,FALSE,FALSE,FALSE,null,null,FALSE,FALSE,FALSE,Site All Hits,FALSE,FALSE,0,Site All Hits: Lyft Mobile (US),null,2025-10-18 22:12:09,FALSE,FALSE,Answers372250,FALSE
500,2025-11-04 14:06:23,FALSE,FALSE,FALSE,-1,null,(Q247=2),-1,2025-06-11 11:21:44,21081609,null,372250,0,FALSE,FALSE,FALSE,3034,null,FALSE,FALSE,TRUE,Last Delivery,FALSE,FALSE,0,Last Delivery: Within the past 2-4 weeks,null,2025-05-15 18:03:57,FALSE,FALSE,Answers372250,FALSE
717,2025-11-04 14:06:23,TRUE,FALSE,FALSE,-1,null,"((
 exists (
	select 1 from dbo.bannerexposure with (nolock) where  bannerexposure.respondentid = answers373075.id and bannerexposure.surveyid = 373075 and bannerexposure.bannerid  in 
		(
			select cast(element as int) from surveyfiltergroupelements with(nolock) where typeid = 1 and filtergroupid in (724347)
		)
	)
 or 
 exists (
	select 1 from dbo.creativeexposure with (nolock) where  creativeexposure.respondentid = answers373075.id and creativeexposure.surveyid = 373075 and creativeexposure.creativeid  in 
		(
			select element from surveyfiltergroupelements with(nolock) where typeid = 2 and filtergroupid in (724347)
		)
	)
 or 
 exists (
	select 1 from dbo.placementexposure with (nolock) where  placementexposure.respondentid = answers373075.id and placementexposure.surveyid = 373075 and placementexposure.placementid  in 
		(
			select element from surveyfiltergroupelements with(nolock) where typeid = 3 and filtergroupid in (724347)
		)
	)
))",-1,2025-10-30 9:18:06,24878556,null,373075,0,FALSE,TRUE,FALSE,0,null,FALSE,FALSE,TRUE,Creative,FALSE,FALSE,1,Creative:  Theme - Steam,null,2025-10-23 10:50:08,FALSE,FALSE,Answers373075,FALSE
567,2025-11-04 14:06:23,FALSE,FALSE,FALSE,-1,null,q4 in (select bannerid from adServerBanners where campaignid=72361 and site=11498) or (Q2 like '%12124936%'),-1,2025-09-17 12:02:41,20870721,null,372250,0,FALSE,FALSE,FALSE,0,null,FALSE,FALSE,FALSE,Site All Hits,FALSE,FALSE,0,Site All Hits: Pandora Tablet (US),null,2024-12-24 14:27:54,FALSE,FALSE,Answers372250,FALSE
480,2025-11-04 14:06:23,FALSE,FALSE,FALSE,-1,null,"(substring(Q254,8,1)='2')",-1,2025-06-11 11:20:12,21081592,null,372250,0,FALSE,FALSE,FALSE,119,null,FALSE,FALSE,TRUE,Ethnicity,FALSE,FALSE,0,Ethnicity: Prefer not to answer,null,2025-05-15 18:03:57,FALSE,FALSE,Answers372250,FALSE
850,2025-11-04 14:06:23,FALSE,FALSE,FALSE,-1,null,q4 in (select bannerid from adServerBanners where campaignid=78558 and site=1587) or (Q2 like '%12590714%' or Q2 like '%12622567%' or Q2 like '%12652610%' or Q2 like '%12652611%' or Q2 like '%12652612%' or Q2 like '%12652613%' or Q2 like '%12652614%'),-1,2025-10-30 9:18:17,23720512,null,373075,0,FALSE,FALSE,FALSE,309,null,FALSE,FALSE,TRUE,Site All Hits,FALSE,FALSE,0,Site All Hits: Disney+ (US),null,2025-10-23 9:54:36,FALSE,FALSE,Answers373075,FALSE
575,2025-11-04 14:06:23,FALSE,FALSE,FALSE,-1,null,"q4 in (select bannerid from adServerBanners where campaignid=72361 and site=17755) or ID IN (select id from answers372250 cross apply [SQL#].[String_Split4k](Q2, ',', 2) SplitTable cross apply [SQL#].[String_Split4k](SplitTable.SplitVal, '-', 2) bannerid where bannerid.SplitNum = 1 and bannerid.SplitVal in ( select value from dbo.surveyfilterelements WHERE surveyfilterelements.filterid=20870744 and type='in-clause' and surveyfilterelements.question='Q2' ) )",-1,2001-01-01 0:00:00,20870744,null,372250,0,FALSE,FALSE,FALSE,null,null,FALSE,FALSE,FALSE,Site All Hits,FALSE,FALSE,0,Site All Hits: TripAdvisor (US),null,2025-10-18 22:12:08,FALSE,FALSE,Answers372250,FALSE
391,2025-11-04 14:06:23,FALSE,TRUE,FALSE,-1,null,(Q690>0) OR (Q253=0),-1,2025-10-29 17:58:07,24629941,null,374821,0,FALSE,FALSE,FALSE,6893,null,FALSE,FALSE,TRUE,TV Network,FALSE,FALSE,1,TV Network:Pop,null,2025-10-06 11:31:54,FALSE,FALSE,Answers374821,FALSE
691,2025-11-04 14:06:23,TRUE,FALSE,FALSE,-1,null,"(((
 exists (
	select 1 from dbo.bannerexposure with (nolock) where  bannerexposure.respondentid = answers373075.id and bannerexposure.surveyid = 373075 and bannerexposure.bannerid  in 
		(
			select cast(element as int) from surveyfiltergroupelements with(nolock) where typeid = 1 and filtergroupid in (724309)
		)
	)
 or 
 exists (
	select 1 from dbo.creativeexposure with (nolock) where  creativeexposure.respondentid = answers373075.id and creativeexposure.surveyid = 373075 and creativeexposure.creativeid  in 
		(
			select element from surveyfiltergroupelements with(nolock) where typeid = 2 and filtergroupid in (724309)
		)
	)
 or 
 exists (
	select 1 from dbo.placementexposure with (nolock) where  placementexposure.respondentid = answers373075.id and placementexposure.surveyid = 373075 and placementexposure.placementid  in 
		(
			select element from surveyfiltergroupelements with(nolock) where typeid = 3 and filtergroupid in (724309)
		)
	)
)) or ((Q4 in (select value from surveyfilterelements with(nolock) where filterid=24878530 and type='mapctrlbanner'))))",-1,2025-10-30 9:18:03,24878530,null,373075,0,FALSE,TRUE,TRUE,1128,null,FALSE,FALSE,TRUE,Creative,FALSE,FALSE,2,Creative:  Size/Length - 320x50,null,2025-10-23 10:48:26,FALSE,FALSE,Answers373075,FALSE
579,2025-11-04 14:06:23,FALSE,FALSE,FALSE,-1,null,. . 20870662 .,-1,2025-09-17 12:03:31,21110389,null,372250,0,FALSE,FALSE,FALSE,1527,null,TRUE,FALSE,TRUE,Site All Hits,FALSE,FALSE,1,Site All Hits: YouTube,null,2024-10-23 9:54:52,FALSE,FALSE,Answers372250,FALSE
111,2025-11-04 14:06:23,TRUE,FALSE,FALSE,-1,null,"((
 exists (
	select 1 from dbo.bannerexposure with (nolock) where  bannerexposure.respondentid = answers374821.id and bannerexposure.surveyid = 374821 and bannerexposure.bannerid  in 
		(
			select cast(element as int) from surveyfiltergroupelements with(nolock) where typeid = 1 and filtergroupid in (727385)
		)
	)
 or 
 exists (
	select 1 from dbo.creativeexposure with (nolock) where  creativeexposure.respondentid = answers374821.id and creativeexposure.surveyid = 374821 and creativeexposure.creativeid  in 
		(
			select element from surveyfiltergroupelements with(nolock) where typeid = 2 and filtergroupid in (727385)
		)
	)
 or 
 exists (
	select 1 from dbo.placementexposure with (nolock) where  placementexposure.respondentid = answers374821.id and placementexposure.surveyid = 374821 and placementexposure.placementid  in 
		(
			select element from surveyfiltergroupelements with(nolock) where typeid = 3 and filtergroupid in (727385)
		)
	)
))",-1,2025-10-30 10:37:38,24968976,null,374821,0,FALSE,TRUE,FALSE,2145,null,FALSE,FALSE,TRUE,Creative,FALSE,FALSE,1,Creative:  Placement Publisher - NBA,null,2025-10-28 12:45:40,FALSE,FALSE,Answers374821,FALSE
103,2025-11-04 14:06:23,TRUE,FALSE,FALSE,-1,null,"((
 exists (
	select 1 from dbo.bannerexposure with (nolock) where  bannerexposure.respondentid = answers374821.id and bannerexposure.surveyid = 374821 and bannerexposure.bannerid  in 
		(
			select cast(element as int) from surveyfiltergroupelements with(nolock) where typeid = 1 and filtergroupid in (727294)
		)
	)
 or 
 exists (
	select 1 from dbo.creativeexposure with (nolock) where  creativeexposure.respondentid = answers374821.id and creativeexposure.surveyid = 374821 and creativeexposure.creativeid  in 
		(
			select element from surveyfiltergroupelements with(nolock) where typeid = 2 and filtergroupid in (727294)
		)
	)
 or 
 exists (
	select 1 from dbo.placementexposure with (nolock) where  placementexposure.respondentid = answers374821.id and placementexposure.surveyid = 374821 and placementexposure.placementid  in 
		(
			select element from surveyfiltergroupelements with(nolock) where typeid = 3 and filtergroupid in (727294)
		)
	)
))",-1,2025-10-30 10:37:35,24968968,null,374821,0,FALSE,TRUE,FALSE,133,null,FALSE,FALSE,TRUE,Creative,FALSE,FALSE,1,Creative:  Placement Publisher - Learfield  (US),null,2025-10-28 12:45:39,FALSE,FALSE,Answers374821,FALSE
852,2025-11-04 14:06:23,FALSE,FALSE,FALSE,-1,null,q4 in (select bannerid from adServerBanners where campaignid=78558 and site=28361) or (Q2 like '%12594449%' or Q2 like '%12594450%' or Q2 like '%12594455%' or Q2 like '%12594456%' or Q2 like '%12596301%' or Q2 like '%12662011%'),-1,2025-10-30 9:18:16,23784080,null,373075,0,FALSE,FALSE,FALSE,11,null,FALSE,FALSE,TRUE,Site All Hits,FALSE,FALSE,0,Site All Hits: Facebook Consented (Meta DI) (US),null,2025-10-23 9:54:36,FALSE,FALSE,Answers373075,FALSE
420,2025-11-04 14:06:23,FALSE,FALSE,FALSE,-1,null,. . 21943370 . OR . . 21979822 . OR . . 21979823 . OR . . 21979824 . OR . . 21943375 . OR . . 21943371 .,-1,2025-09-05 15:41:11,23413300,null,372250,0,FALSE,FALSE,FALSE,10971,null,TRUE,FALSE,TRUE,Creatives (Using All Control Sample) 365581 (Q3+Q4),FALSE,FALSE,1,Creatives (Using All Control Sample) 365581 (Q3+Q4): Creative Campaign - YDTM (Grouped),null,2025-06-03 14:48:10,FALSE,FALSE,Answers372250,FALSE
484,2025-11-04 14:06:23,FALSE,FALSE,FALSE,-1,null,(Q258=4),-1,2025-06-11 11:21:43,23389180,null,372250,0,FALSE,FALSE,FALSE,906,null,FALSE,FALSE,TRUE,Gamer (Grouped),FALSE,FALSE,1,Gamer (Grouped): More than 21 hours,null,2025-05-28 12:49:18,FALSE,FALSE,Answers372250,FALSE
256,2025-11-04 14:06:23,FALSE,FALSE,FALSE,-1,null,"(1=1) and (substring(Q239,4,1)='2')",-1,2001-01-01 0:00:00,22228341,null,374821,0,FALSE,FALSE,FALSE,182,null,FALSE,FALSE,TRUE,Ethnicity,FALSE,FALSE,1,Ethnicity: Native Hawaiian or Other Pacific Islander,null,2025-02-06 14:26:32,FALSE,FALSE,Answers374821,FALSE
723,2025-11-04 14:06:23,TRUE,FALSE,FALSE,-1,null,"((
 exists (
	select 1 from dbo.bannerexposure with (nolock) where  bannerexposure.respondentid = answers373075.id and bannerexposure.surveyid = 373075 and bannerexposure.bannerid  in 
		(
			select cast(element as int) from surveyfiltergroupelements with(nolock) where typeid = 1 and filtergroupid in (724338)
		)
	)
 or 
 exists (
	select 1 from dbo.creativeexposure with (nolock) where  creativeexposure.respondentid = answers373075.id and creativeexposure.surveyid = 373075 and creativeexposure.creativeid  in 
		(
			select element from surveyfiltergroupelements with(nolock) where typeid = 2 and filtergroupid in (724338)
		)
	)
 or 
 exists (
	select 1 from dbo.placementexposure with (nolock) where  placementexposure.respondentid = answers373075.id and placementexposure.surveyid = 373075 and placementexposure.placementid  in 
		(
			select element from surveyfiltergroupelements with(nolock) where typeid = 3 and filtergroupid in (724338)
		)
	)
))",-1,2025-10-30 9:18:04,24878562,null,373075,0,FALSE,TRUE,FALSE,0,null,FALSE,FALSE,TRUE,Creative,FALSE,FALSE,1,Creative:  Theme - Wingstop 50 Point Promo,null,2025-10-23 10:50:28,FALSE,FALSE,Answers373075,FALSE
72,2025-11-04 14:06:23,TRUE,FALSE,FALSE,-1,null,"((
 exists (
	select 1 from dbo.bannerexposure with (nolock) where  bannerexposure.respondentid = answers374821.id and bannerexposure.surveyid = 374821 and bannerexposure.bannerid  in 
		(
			select cast(element as int) from surveyfiltergroupelements with(nolock) where typeid = 1 and filtergroupid in (727286)
		)
	)
 or 
 exists (
	select 1 from dbo.creativeexposure with (nolock) where  creativeexposure.respondentid = answers374821.id and creativeexposure.surveyid = 374821 and creativeexposure.creativeid  in 
		(
			select element from surveyfiltergroupelements with(nolock) where typeid = 2 and filtergroupid in (727286)
		)
	)
 or 
 exists (
	select 1 from dbo.placementexposure with (nolock) where  placementexposure.respondentid = answers374821.id and placementexposure.surveyid = 374821 and placementexposure.placementid  in 
		(
			select element from surveyfiltergroupelements with(nolock) where typeid = 3 and filtergroupid in (727286)
		)
	)
))",-1,2025-10-30 10:37:20,24968937,null,374821,0,FALSE,TRUE,FALSE,341,null,FALSE,FALSE,TRUE,Creative,FALSE,FALSE,1,Creative:  OTT Type - Static,null,2025-10-28 12:45:30,FALSE,FALSE,Answers374821,FALSE
431,2025-11-04 14:06:23,FALSE,FALSE,FALSE,-1,null,"(substring(Q249,8,1)='2')",-1,2025-06-11 11:15:43,21081565,null,372250,0,FALSE,FALSE,FALSE,1154,null,FALSE,FALSE,TRUE,Delivery Item,FALSE,FALSE,0,Delivery Item: None of the above,null,2025-05-15 18:03:57,FALSE,FALSE,Answers372250,FALSE
39,2025-11-04 14:06:23,TRUE,FALSE,FALSE,-1,null,"((
 exists (
	select 1 from dbo.bannerexposure with (nolock) where  bannerexposure.respondentid = answers374821.id and bannerexposure.surveyid = 374821 and bannerexposure.bannerid  in 
		(
			select cast(element as int) from surveyfiltergroupelements with(nolock) where typeid = 1 and filtergroupid in (727324)
		)
	)
 or 
 exists (
	select 1 from dbo.creativeexposure with (nolock) where  creativeexposure.respondentid = answers374821.id and creativeexposure.surveyid = 374821 and creativeexposure.creativeid  in 
		(
			select element from surveyfiltergroupelements with(nolock) where typeid = 2 and filtergroupid in (727324)
		)
	)
 or 
 exists (
	select 1 from dbo.placementexposure with (nolock) where  placementexposure.respondentid = answers374821.id and placementexposure.surveyid = 374821 and placementexposure.placementid  in 
		(
			select element from surveyfiltergroupelements with(nolock) where typeid = 3 and filtergroupid in (727324)
		)
	)
))",-1,2025-10-30 10:36:56,24968903,null,374821,0,FALSE,TRUE,FALSE,1797,null,FALSE,FALSE,TRUE,Creative,FALSE,FALSE,1,Creative:  Creative Publisher - Media IQ Digital,null,2025-10-28 12:45:14,FALSE,FALSE,Answers374821,FALSE
884,2025-11-04 14:06:23,FALSE,FALSE,FALSE,-1,null,(Q4 = '12600804'),-1,2025-10-30 9:18:14,25000309,null,373075,0,FALSE,FALSE,FALSE,0,null,FALSE,FALSE,FALSE,Site,FALSE,FALSE,0,Site: Amazon Mobile (DE),null,2025-10-29 14:12:14,FALSE,FALSE,Answers373075,FALSE
100,2025-11-04 14:06:23,TRUE,FALSE,FALSE,-1,null,"((
 exists (
	select 1 from dbo.bannerexposure with (nolock) where  bannerexposure.respondentid = answers374821.id and bannerexposure.surveyid = 374821 and bannerexposure.bannerid  in 
		(
			select cast(element as int) from surveyfiltergroupelements with(nolock) where typeid = 1 and filtergroupid in (727435)
		)
	)
 or 
 exists (
	select 1 from dbo.creativeexposure with (nolock) where  creativeexposure.respondentid = answers374821.id and creativeexposure.surveyid = 374821 and creativeexposure.creativeid  in 
		(
			select element from surveyfiltergroupelements with(nolock) where typeid = 2 and filtergroupid in (727435)
		)
	)
 or 
 exists (
	select 1 from dbo.placementexposure with (nolock) where  placementexposure.respondentid = answers374821.id and placementexposure.surveyid = 374821 and placementexposure.placementid  in 
		(
			select element from surveyfiltergroupelements with(nolock) where typeid = 3 and filtergroupid in (727435)
		)
	)
))",-1,2025-10-30 10:37:33,24968965,null,374821,0,FALSE,TRUE,FALSE,319,null,FALSE,FALSE,TRUE,Creative,FALSE,FALSE,1,Creative:  Placement Publisher - Instagram Consented  (Meta DI) (US),null,2025-10-28 12:45:38,FALSE,FALSE,Answers374821,FALSE
524,2025-11-04 14:06:23,FALSE,FALSE,FALSE,-1,null,(Q251_4 in (0)),-1,2025-06-11 11:29:21,21081617,null,372250,0,FALSE,FALSE,FALSE,19404,null,FALSE,FALSE,TRUE,Past Brand Usage,FALSE,FALSE,0,Past Brand Usage: Amazon,null,2025-05-15 18:03:55,FALSE,FALSE,Answers372250,FALSE
882,2025-11-04 14:06:23,FALSE,FALSE,FALSE,-1,null,(Q4 = '12594079'),-1,2025-10-30 9:18:14,25000299,null,373075,0,FALSE,FALSE,FALSE,0,null,FALSE,FALSE,FALSE,Site,FALSE,FALSE,0,Site: Amazon CTV (IT),null,2025-10-29 14:12:14,FALSE,FALSE,Answers373075,FALSE
127,2025-11-04 14:06:23,TRUE,FALSE,FALSE,-1,null,"((
 exists (
	select 1 from dbo.bannerexposure with (nolock) where  bannerexposure.respondentid = answers374821.id and bannerexposure.surveyid = 374821 and bannerexposure.bannerid  in 
		(
			select cast(element as int) from surveyfiltergroupelements with(nolock) where typeid = 1 and filtergroupid in (727389)
		)
	)
 or 
 exists (
	select 1 from dbo.creativeexposure with (nolock) where  creativeexposure.respondentid = answers374821.id and creativeexposure.surveyid = 374821 and creativeexposure.creativeid  in 
		(
			select element from surveyfiltergroupelements with(nolock) where typeid = 2 and filtergroupid in (727389)
		)
	)
 or 
 exists (
	select 1 from dbo.placementexposure with (nolock) where  placementexposure.respondentid = answers374821.id and placementexposure.surveyid = 374821 and placementexposure.placementid  in 
		(
			select element from surveyfiltergroupelements with(nolock) where typeid = 3 and filtergroupid in (727389)
		)
	)
))",-1,2025-10-30 10:37:48,24968992,null,374821,0,FALSE,TRUE,FALSE,0,null,FALSE,FALSE,TRUE,Creative,FALSE,FALSE,1,Creative:  Placement Publisher - siriusxm.com,null,2025-10-28 12:45:43,FALSE,FALSE,Answers374821,FALSE
388,2025-11-04 14:06:23,FALSE,TRUE,FALSE,-1,null,(Q687>0) OR (Q253=0),-1,2025-10-29 17:58:06,24629944,null,374821,0,FALSE,FALSE,FALSE,6894,null,FALSE,FALSE,TRUE,TV Network,FALSE,FALSE,1,TV Network:CSI,null,2025-10-06 11:31:54,FALSE,FALSE,Answers374821,FALSE
155,2025-11-04 14:06:23,TRUE,FALSE,FALSE,-1,null,"((
 exists (
	select 1 from dbo.bannerexposure with (nolock) where  bannerexposure.respondentid = answers374821.id and bannerexposure.surveyid = 374821 and bannerexposure.bannerid  in 
		(
			select cast(element as int) from surveyfiltergroupelements with(nolock) where typeid = 1 and filtergroupid in (727421)
		)
	)
 or 
 exists (
	select 1 from dbo.creativeexposure with (nolock) where  creativeexposure.respondentid = answers374821.id and creativeexposure.surveyid = 374821 and creativeexposure.creativeid  in 
		(
			select element from surveyfiltergroupelements with(nolock) where typeid = 2 and filtergroupid in (727421)
		)
	)
 or 
 exists (
	select 1 from dbo.placementexposure with (nolock) where  placementexposure.respondentid = answers374821.id and placementexposure.surveyid = 374821 and placementexposure.placementid  in 
		(
			select element from surveyfiltergroupelements with(nolock) where typeid = 3 and filtergroupid in (727421)
		)
	)
))",-1,2025-10-30 10:38:05,24969020,null,374821,0,FALSE,TRUE,FALSE,209,null,FALSE,FALSE,TRUE,Creative,FALSE,FALSE,1,Creative:  Placement Targeting Tactic - Custom Affinity,null,2025-10-28 12:45:46,FALSE,FALSE,Answers374821,FALSE
596,2025-11-04 14:06:23,FALSE,FALSE,FALSE,-1,null,"(1=1) and (substring(Q260,2,1)='2')",-1,2025-06-11 11:29:35,23445338,null,372250,0,FALSE,FALSE,FALSE,13486,null,FALSE,FALSE,TRUE,Super Bowl Viewing,FALSE,FALSE,1,Super Bowl Viewing: Super Bowl LVII (2023),null,2025-06-05 11:44:12,FALSE,FALSE,Answers372250,FALSE
381,2025-11-04 14:06:23,FALSE,FALSE,FALSE,-1,null,q4 in (select bannerid from adServerBanners where campaignid=79821 and site=259),-1,2001-01-01 0:00:00,25033388,null,374821,0,FALSE,FALSE,FALSE,null,null,FALSE,FALSE,FALSE,Site,FALSE,FALSE,0,Site: Hearst Corporation (US),null,2025-10-30 18:02:11,FALSE,FALSE,Answers374821,FALSE
392,2025-11-04 14:06:23,FALSE,FALSE,FALSE,-1,null,(Q211_8 in (0)),-1,2025-10-30 19:23:51,24968736,null,374821,0,FALSE,FALSE,FALSE,12041,null,FALSE,FALSE,TRUE,null,FALSE,FALSE,1,ZD - Netflix P7D,null,2025-10-28 12:30:16,FALSE,FALSE,Answers374821,FALSE
71,2025-11-04 14:06:23,TRUE,FALSE,FALSE,-1,null,"((
 exists (
	select 1 from dbo.bannerexposure with (nolock) where  bannerexposure.respondentid = answers374821.id and bannerexposure.surveyid = 374821 and bannerexposure.bannerid  in 
		(
			select cast(element as int) from surveyfiltergroupelements with(nolock) where typeid = 1 and filtergroupid in (727219)
		)
	)
 or 
 exists (
	select 1 from dbo.creativeexposure with (nolock) where  creativeexposure.respondentid = answers374821.id and creativeexposure.surveyid = 374821 and creativeexposure.creativeid  in 
		(
			select element from surveyfiltergroupelements with(nolock) where typeid = 2 and filtergroupid in (727219)
		)
	)
 or 
 exists (
	select 1 from dbo.placementexposure with (nolock) where  placementexposure.respondentid = answers374821.id and placementexposure.surveyid = 374821 and placementexposure.placementid  in 
		(
			select element from surveyfiltergroupelements with(nolock) where typeid = 3 and filtergroupid in (727219)
		)
	)
))",-1,2025-10-30 10:37:16,24968936,null,374821,0,FALSE,TRUE,FALSE,9563,null,FALSE,FALSE,TRUE,Creative,FALSE,FALSE,1,Creative:  Format - VID,null,2025-10-28 12:45:29,FALSE,FALSE,Answers374821,FALSE
447,2025-11-04 14:06:23,FALSE,FALSE,FALSE,-1,null,"(substring(Q250_9,2,1)='2')",-1,2025-06-11 11:19:59,21081570,null,372250,0,FALSE,FALSE,FALSE,2446,null,FALSE,FALSE,TRUE,Delivery Use - Used an app/website for on-demand or same day delivery,FALSE,FALSE,0,Delivery Use - Used an app/website for on-demand or same day delivery: Flowers,null,2025-05-15 18:03:57,FALSE,FALSE,Answers372250,FALSE
685,2025-11-04 14:06:23,TRUE,FALSE,FALSE,-1,null,"((
 exists (
	select 1 from dbo.bannerexposure with (nolock) where  bannerexposure.respondentid = answers373075.id and bannerexposure.surveyid = 373075 and bannerexposure.bannerid  in 
		(
			select cast(element as int) from surveyfiltergroupelements with(nolock) where typeid = 1 and filtergroupid in (724371)
		)
	)
 or 
 exists (
	select 1 from dbo.creativeexposure with (nolock) where  creativeexposure.respondentid = answers373075.id and creativeexposure.surveyid = 373075 and creativeexposure.creativeid  in 
		(
			select element from surveyfiltergroupelements with(nolock) where typeid = 2 and filtergroupid in (724371)
		)
	)
 or 
 exists (
	select 1 from dbo.placementexposure with (nolock) where  placementexposure.respondentid = answers373075.id and placementexposure.surveyid = 373075 and placementexposure.placementid  in 
		(
			select element from surveyfiltergroupelements with(nolock) where typeid = 3 and filtergroupid in (724371)
		)
	)
))",-1,2025-10-30 9:18:03,24878515,null,373075,0,FALSE,TRUE,FALSE,0,null,FALSE,FALSE,TRUE,Creative,FALSE,FALSE,1,Creative:  Placement Targeting Tactic - Retargeting,null,2025-10-23 10:48:00,FALSE,FALSE,Answers373075,FALSE
104,2025-11-04 14:06:23,TRUE,FALSE,FALSE,-1,null,"((
 exists (
	select 1 from dbo.bannerexposure with (nolock) where  bannerexposure.respondentid = answers374821.id and bannerexposure.surveyid = 374821 and bannerexposure.bannerid  in 
		(
			select cast(element as int) from surveyfiltergroupelements with(nolock) where typeid = 1 and filtergroupid in (727425)
		)
	)
 or 
 exists (
	select 1 from dbo.creativeexposure with (nolock) where  creativeexposure.respondentid = answers374821.id and creativeexposure.surveyid = 374821 and creativeexposure.creativeid  in 
		(
			select element from surveyfiltergroupelements with(nolock) where typeid = 2 and filtergroupid in (727425)
		)
	)
 or 
 exists (
	select 1 from dbo.placementexposure with (nolock) where  placementexposure.respondentid = answers374821.id and placementexposure.surveyid = 374821 and placementexposure.placementid  in 
		(
			select element from surveyfiltergroupelements with(nolock) where typeid = 3 and filtergroupid in (727425)
		)
	)
))",-1,2025-10-30 10:37:36,24968969,null,374821,0,FALSE,TRUE,FALSE,0,null,FALSE,FALSE,TRUE,Creative,FALSE,FALSE,1,"Creative:  Placement Publisher - Learfield Communications, Inc ",null,2025-10-28 12:45:39,FALSE,FALSE,Answers374821,FALSE
288,2025-11-04 14:06:23,FALSE,FALSE,FALSE,-1,null,(Q235_3 in (2)),-1,2001-01-01 0:00:00,22228323,null,374821,0,FALSE,FALSE,FALSE,2488,null,FALSE,FALSE,TRUE,Past Brand Recency - Instacart,FALSE,FALSE,1,Past Brand Recency - Instacart: Less than once a week,null,2025-02-06 14:26:32,FALSE,FALSE,Answers374821,FALSE
580,2025-11-04 14:06:23,FALSE,FALSE,FALSE,-1,null,q4 in (select bannerid from adServerBanners where campaignid=72361 and site=18182),-1,2025-06-05 11:06:02,22185252,null,372250,0,TRUE,FALSE,TRUE,0,null,FALSE,FALSE,TRUE,Site,FALSE,FALSE,0,Site: FLEX,2025-05-23 17:13:29,2025-05-23 17:13:29,FALSE,FALSE,Answers372250,FALSE
206,2025-11-04 14:06:23,TRUE,FALSE,FALSE,-1,null,"((
 exists (
	select 1 from dbo.bannerexposure with (nolock) where  bannerexposure.respondentid = answers374821.id and bannerexposure.surveyid = 374821 and bannerexposure.bannerid  in 
		(
			select cast(element as int) from surveyfiltergroupelements with(nolock) where typeid = 1 and filtergroupid in (727372)
		)
	)
 or 
 exists (
	select 1 from dbo.creativeexposure with (nolock) where  creativeexposure.respondentid = answers374821.id and creativeexposure.surveyid = 374821 and creativeexposure.creativeid  in 
		(
			select element from surveyfiltergroupelements with(nolock) where typeid = 2 and filtergroupid in (727372)
		)
	)
 or 
 exists (
	select 1 from dbo.placementexposure with (nolock) where  placementexposure.respondentid = answers374821.id and placementexposure.surveyid = 374821 and placementexposure.placementid  in 
		(
			select element from surveyfiltergroupelements with(nolock) where typeid = 3 and filtergroupid in (727372)
		)
	)
))",-1,2025-10-30 10:38:33,24969072,null,374821,0,FALSE,TRUE,FALSE,10,null,FALSE,FALSE,TRUE,Creative,FALSE,FALSE,1,Creative:  Theme - Easter,null,2025-10-28 12:45:52,FALSE,FALSE,Answers374821,FALSE
68,2025-11-04 14:06:23,TRUE,FALSE,FALSE,-1,null,"((
 exists (
	select 1 from dbo.bannerexposure with (nolock) where  bannerexposure.respondentid = answers374821.id and bannerexposure.surveyid = 374821 and bannerexposure.bannerid  in 
		(
			select cast(element as int) from surveyfiltergroupelements with(nolock) where typeid = 1 and filtergroupid in (727252)
		)
	)
 or 
 exists (
	select 1 from dbo.creativeexposure with (nolock) where  creativeexposure.respondentid = answers374821.id and creativeexposure.surveyid = 374821 and creativeexposure.creativeid  in 
		(
			select element from surveyfiltergroupelements with(nolock) where typeid = 2 and filtergroupid in (727252)
		)
	)
 or 
 exists (
	select 1 from dbo.placementexposure with (nolock) where  placementexposure.respondentid = answers374821.id and placementexposure.surveyid = 374821 and placementexposure.placementid  in 
		(
			select element from surveyfiltergroupelements with(nolock) where typeid = 3 and filtergroupid in (727252)
		)
	)
))",-1,2025-10-30 10:37:14,24968933,null,374821,0,FALSE,TRUE,FALSE,35,null,FALSE,FALSE,TRUE,Creative,FALSE,FALSE,1,Creative:  Format - SOC,null,2025-10-28 12:45:28,FALSE,FALSE,Answers374821,FALSE
320,2025-11-04 14:06:23,FALSE,FALSE,FALSE,-1,null,(Q4 = '12594083') or (Q2 like '%12594083%'),-1,2001-01-01 0:00:00,25033343,null,374821,0,FALSE,FALSE,FALSE,null,null,FALSE,FALSE,FALSE,Site All Hits,FALSE,FALSE,0,Site All Hits: Amazon CTV (IT),null,2025-10-30 18:02:11,FALSE,FALSE,Answers374821,FALSE
548,2025-11-04 14:06:23,FALSE,FALSE,FALSE,-1,null,q4 in (select bannerid from adServerBanners where campaignid=72361 and site=150) or (Q2 like '%12271023%'),-1,2025-09-17 12:01:19,20870754,null,372250,0,FALSE,FALSE,FALSE,245,null,FALSE,FALSE,FALSE,Site All Hits,FALSE,FALSE,0,Site All Hits: Fox (US),null,2024-10-23 9:54:51,FALSE,FALSE,Answers372250,FALSE
244,2025-11-04 14:06:23,FALSE,FALSE,FALSE,-1,null,"(substring(Q233_5,2,1)='2')",-1,2001-01-01 0:00:00,22236030,null,374821,0,FALSE,FALSE,FALSE,6158,null,FALSE,FALSE,TRUE,Delivery Use - Use an app/website for on-demand or same day delivery,FALSE,FALSE,1,Delivery Use - Use an app/website for on-demand or same day delivery: Fresh Food & Produce,null,2025-02-07 13:50:09,FALSE,FALSE,Answers374821,FALSE
257,2025-11-04 14:06:23,FALSE,FALSE,FALSE,-1,null,"(1=1) and (substring(Q239,7,1)='2')",-1,2001-01-01 0:00:00,22228344,null,374821,0,FALSE,FALSE,FALSE,145,null,FALSE,FALSE,TRUE,Ethnicity,FALSE,FALSE,1,Ethnicity: Other,null,2025-02-06 14:26:32,FALSE,FALSE,Answers374821,FALSE
785,2025-11-04 14:06:23,FALSE,FALSE,FALSE,-1,null,(1=1) and (Q157=1),-1,2025-10-30 9:18:09,21583685,null,373075,0,FALSE,FALSE,FALSE,571,null,FALSE,FALSE,TRUE,Language,FALSE,FALSE,1,Language: Spanish/Español,null,2024-12-05 9:23:50,FALSE,FALSE,Answers373075,FALSE
308,2025-11-04 14:06:23,FALSE,FALSE,FALSE,-1,null,(Q4 = '12601499') or (Q2 like '%12601499%'),-1,2001-01-01 0:00:00,25033362,null,374821,0,FALSE,FALSE,FALSE,null,null,FALSE,FALSE,FALSE,Site All Hits,FALSE,FALSE,0,Site All Hits: Amazon (DE),null,2025-10-30 18:02:11,FALSE,FALSE,Answers374821,FALSE
238,2025-11-04 14:06:23,FALSE,FALSE,FALSE,-1,null,"(1=1) and (substring(Q232,8,1)='2')",-1,2001-01-01 0:00:00,22228258,null,374821,0,FALSE,FALSE,FALSE,1084,null,FALSE,FALSE,TRUE,Delivery Item,FALSE,FALSE,1,Delivery Item: None of the above,null,2025-02-06 14:26:32,FALSE,FALSE,Answers374821,FALSE
277,2025-11-04 14:06:23,FALSE,FALSE,FALSE,-1,null,(Q235_4 in (1)),-1,2001-01-01 0:00:00,22228326,null,374821,0,FALSE,FALSE,FALSE,5391,null,FALSE,FALSE,TRUE,Past Brand Recency - Amazon,FALSE,FALSE,1,Past Brand Recency - Amazon: Once a week,null,2025-02-06 14:26:32,FALSE,FALSE,Answers374821,FALSE
640,2025-11-04 14:06:23,FALSE,FALSE,FALSE,-1,null,(Q164>=65),-1,2025-10-30 8:51:41,23041281,null,373075,0,FALSE,FALSE,FALSE,206,null,FALSE,FALSE,TRUE,Age,FALSE,FALSE,1,Age: 65+,null,2025-07-25 10:29:14,FALSE,FALSE,Answers373075,FALSE
47,2025-11-04 14:06:23,TRUE,FALSE,FALSE,-1,null,"((
 exists (
	select 1 from dbo.bannerexposure with (nolock) where  bannerexposure.respondentid = answers374821.id and bannerexposure.surveyid = 374821 and bannerexposure.bannerid  in 
		(
			select cast(element as int) from surveyfiltergroupelements with(nolock) where typeid = 1 and filtergroupid in (727321)
		)
	)
 or 
 exists (
	select 1 from dbo.creativeexposure with (nolock) where  creativeexposure.respondentid = answers374821.id and creativeexposure.surveyid = 374821 and creativeexposure.creativeid  in 
		(
			select element from surveyfiltergroupelements with(nolock) where typeid = 2 and filtergroupid in (727321)
		)
	)
 or 
 exists (
	select 1 from dbo.placementexposure with (nolock) where  placementexposure.respondentid = answers374821.id and placementexposure.surveyid = 374821 and placementexposure.placementid  in 
		(
			select element from surveyfiltergroupelements with(nolock) where typeid = 3 and filtergroupid in (727321)
		)
	)
))",-1,2025-10-30 10:36:59,24968912,null,374821,0,FALSE,TRUE,FALSE,83,null,FALSE,FALSE,TRUE,Creative,FALSE,FALSE,1,Creative:  Creative Publisher - Pandora Mobile (US),null,2025-10-28 12:45:19,FALSE,FALSE,Answers374821,FALSE
289,2025-11-04 14:06:23,FALSE,FALSE,FALSE,-1,null,(Q235_3 in (1)),-1,2001-01-01 0:00:00,22228322,null,374821,0,FALSE,FALSE,FALSE,3859,null,FALSE,FALSE,TRUE,Past Brand Recency - Instacart,FALSE,FALSE,1,Past Brand Recency - Instacart: Once a week,null,2025-02-06 14:26:32,FALSE,FALSE,Answers374821,FALSE
212,2025-11-04 14:06:23,TRUE,FALSE,FALSE,-1,null,"((
 exists (
	select 1 from dbo.bannerexposure with (nolock) where  bannerexposure.respondentid = answers374821.id and bannerexposure.surveyid = 374821 and bannerexposure.bannerid  in 
		(
			select cast(element as int) from surveyfiltergroupelements with(nolock) where typeid = 1 and filtergroupid in (727295)
		)
	)
 or 
 exists (
	select 1 from dbo.creativeexposure with (nolock) where  creativeexposure.respondentid = answers374821.id and creativeexposure.surveyid = 374821 and creativeexposure.creativeid  in 
		(
			select element from surveyfiltergroupelements with(nolock) where typeid = 2 and filtergroupid in (727295)
		)
	)
 or 
 exists (
	select 1 from dbo.placementexposure with (nolock) where  placementexposure.respondentid = answers374821.id and placementexposure.surveyid = 374821 and placementexposure.placementid  in 
		(
			select element from surveyfiltergroupelements with(nolock) where typeid = 3 and filtergroupid in (727295)
		)
	)
))",-1,2025-10-30 10:38:43,24969078,null,374821,0,FALSE,TRUE,FALSE,1613,null,FALSE,FALSE,TRUE,Creative,FALSE,FALSE,1,Creative:  Theme - Marketplace,null,2025-10-28 12:45:53,FALSE,FALSE,Answers374821,FALSE
516,2025-11-04 14:06:23,FALSE,FALSE,FALSE,-1,null,(Q252_3 in (3)),-1,2025-06-11 11:29:20,21083211,null,372250,0,FALSE,FALSE,FALSE,2961,null,FALSE,FALSE,TRUE,Past Brand Recency - Instacart,FALSE,FALSE,1,Past Brand Recency - Instacart: I did not use in the past 30 days,null,2025-05-15 18:03:58,FALSE,FALSE,Answers372250,FALSE
772,2025-11-04 14:06:23,FALSE,FALSE,FALSE,-1,null,(Q3= 3),-1,2025-10-30 9:18:09,21361301,null,373075,0,FALSE,FALSE,FALSE,152,null,FALSE,FALSE,TRUE,Frequency,FALSE,FALSE,2,Frequency: 3,null,2024-11-21 15:19:49,FALSE,FALSE,Answers373075,FALSE
371,2025-11-04 14:06:23,FALSE,FALSE,FALSE,-1,null,q4 in (select bannerid from adServerBanners where campaignid=79821 and site=22777),-1,2001-01-01 0:00:00,25033273,null,374821,0,FALSE,FALSE,FALSE,null,null,FALSE,FALSE,FALSE,Site,FALSE,FALSE,0,Site: Amazon CTV (CA),null,2025-10-30 18:02:10,FALSE,FALSE,Answers374821,FALSE
88,2025-11-04 14:06:23,TRUE,FALSE,FALSE,-1,null,"((
 exists (
	select 1 from dbo.bannerexposure with (nolock) where  bannerexposure.respondentid = answers374821.id and bannerexposure.surveyid = 374821 and bannerexposure.bannerid  in 
		(
			select cast(element as int) from surveyfiltergroupelements with(nolock) where typeid = 1 and filtergroupid in (727392)
		)
	)
 or 
 exists (
	select 1 from dbo.creativeexposure with (nolock) where  creativeexposure.respondentid = answers374821.id and creativeexposure.surveyid = 374821 and creativeexposure.creativeid  in 
		(
			select element from surveyfiltergroupelements with(nolock) where typeid = 2 and filtergroupid in (727392)
		)
	)
 or 
 exists (
	select 1 from dbo.placementexposure with (nolock) where  placementexposure.respondentid = answers374821.id and placementexposure.surveyid = 374821 and placementexposure.placementid  in 
		(
			select element from surveyfiltergroupelements with(nolock) where typeid = 3 and filtergroupid in (727392)
		)
	)
))",-1,2025-10-30 10:37:29,24968953,null,374821,0,FALSE,TRUE,FALSE,4755,null,FALSE,FALSE,TRUE,Creative,FALSE,FALSE,1,Creative:  Placement Publisher - Disney+,null,2025-10-28 12:45:35,FALSE,FALSE,Answers374821,FALSE
228,2025-11-04 14:06:23,FALSE,FALSE,FALSE,-1,null,"(1=1) and (substring(Q231,2,1)='2')",-1,2001-01-01 0:00:00,22228247,null,374821,0,FALSE,FALSE,FALSE,14781,null,FALSE,FALSE,TRUE,Delivery Category,FALSE,FALSE,1,"Delivery Category: Groceries (e.g., dairy, eggs, produce, meat, bread, snacks, pasta, etc.)",null,2025-02-06 14:26:32,FALSE,FALSE,Answers374821,FALSE
861,2025-11-04 14:06:23,FALSE,FALSE,FALSE,-1,null,"q4 in (select bannerid from adServerBanners where campaignid=78558 and site=2432) or ID IN (select id from answers373075 cross apply [SQL#].[String_Split4k](Q2, ',', 2) SplitTable cross apply [SQL#].[String_Split4k](SplitTable.SplitVal, '-', 2) bannerid where bannerid.SplitNum = 1 and bannerid.SplitVal in ( select value from dbo.surveyfilterelements WHERE surveyfilterelements.filterid=21280998 and type='in-clause' and surveyfilterelements.question='Q2' ) )",-1,2025-10-30 9:18:21,21280998,null,373075,0,FALSE,FALSE,FALSE,30,null,FALSE,FALSE,FALSE,Site All Hits,FALSE,FALSE,0,Site All Hits: Pandora Mobile (US),null,2025-10-29 14:12:13,FALSE,FALSE,Answers373075,FALSE
833,2025-11-04 14:06:23,FALSE,FALSE,FALSE,-1,null,(Q4 = '12594106') or (Q2 like '%12594106%'),-1,2025-10-30 9:18:15,25000306,null,373075,0,FALSE,FALSE,FALSE,0,null,FALSE,FALSE,FALSE,Site All Hits,FALSE,FALSE,0,Site All Hits: Amazon CTV (AU),null,2025-10-29 14:12:14,FALSE,FALSE,Answers373075,FALSE
147,2025-11-04 14:06:23,TRUE,FALSE,FALSE,-1,null,"((
 exists (
	select 1 from dbo.bannerexposure with (nolock) where  bannerexposure.respondentid = answers374821.id and bannerexposure.surveyid = 374821 and bannerexposure.bannerid  in 
		(
			select cast(element as int) from surveyfiltergroupelements with(nolock) where typeid = 1 and filtergroupid in (727270)
		)
	)
 or 
 exists (
	select 1 from dbo.creativeexposure with (nolock) where  creativeexposure.respondentid = answers374821.id and creativeexposure.surveyid = 374821 and creativeexposure.creativeid  in 
		(
			select element from surveyfiltergroupelements with(nolock) where typeid = 2 and filtergroupid in (727270)
		)
	)
 or 
 exists (
	select 1 from dbo.placementexposure with (nolock) where  placementexposure.respondentid = answers374821.id and placementexposure.surveyid = 374821 and placementexposure.placementid  in 
		(
			select element from surveyfiltergroupelements with(nolock) where typeid = 3 and filtergroupid in (727270)
		)
	)
))",-1,2025-10-30 10:37:55,24969012,null,374821,0,FALSE,TRUE,FALSE,3882,null,FALSE,FALSE,TRUE,Creative,FALSE,FALSE,1,Creative:  Placement Targeting Tactic - 2P Contextual,null,2025-10-28 12:45:45,FALSE,FALSE,Answers374821,FALSE
365,2025-11-04 14:06:23,FALSE,FALSE,FALSE,-1,null,q4 in (select bannerid from adServerBanners where campaignid=79821 and site=26592),-1,2001-01-01 0:00:00,25033276,null,374821,0,FALSE,FALSE,FALSE,null,null,FALSE,FALSE,FALSE,Site,FALSE,FALSE,0,Site: Amazon (MX),null,2025-10-30 18:02:10,FALSE,FALSE,Answers374821,FALSE
404,2025-11-04 14:06:23,FALSE,FALSE,FALSE,-1,null,"(substring(Q257,5,1)='2')",-1,2025-06-11 11:15:39,21081515,null,372250,0,FALSE,FALSE,FALSE,3203,null,FALSE,FALSE,TRUE,Activity,FALSE,FALSE,0,Activity: Watched WNBA,null,2025-05-15 18:03:58,FALSE,FALSE,Answers372250,FALSE
255,2025-11-04 14:06:23,FALSE,FALSE,FALSE,-1,null,"(1=1) and (substring(Q239,5,1)='2')",-1,2001-01-01 0:00:00,22228342,null,374821,0,FALSE,FALSE,FALSE,417,null,FALSE,FALSE,TRUE,Ethnicity,FALSE,FALSE,1,Ethnicity: Native American,null,2025-02-06 14:26:32,FALSE,FALSE,Answers374821,FALSE
276,2025-11-04 14:06:23,FALSE,FALSE,FALSE,-1,null,(Q235_4 in (2)),-1,2001-01-01 0:00:00,22228327,null,374821,0,FALSE,FALSE,FALSE,3706,null,FALSE,FALSE,TRUE,Past Brand Recency - Amazon,FALSE,FALSE,1,Past Brand Recency - Amazon: Less than once a week,null,2025-02-06 14:26:32,FALSE,FALSE,Answers374821,FALSE
222,2025-11-04 14:06:23,TRUE,FALSE,FALSE,-1,null,"((
 exists (
	select 1 from dbo.bannerexposure with (nolock) where  bannerexposure.respondentid = answers374821.id and bannerexposure.surveyid = 374821 and bannerexposure.bannerid  in 
		(
			select cast(element as int) from surveyfiltergroupelements with(nolock) where typeid = 1 and filtergroupid in (727242)
		)
	)
 or 
 exists (
	select 1 from dbo.creativeexposure with (nolock) where  creativeexposure.respondentid = answers374821.id and creativeexposure.surveyid = 374821 and creativeexposure.creativeid  in 
		(
			select element from surveyfiltergroupelements with(nolock) where typeid = 2 and filtergroupid in (727242)
		)
	)
 or 
 exists (
	select 1 from dbo.placementexposure with (nolock) where  placementexposure.respondentid = answers374821.id and placementexposure.surveyid = 374821 and placementexposure.placementid  in 
		(
			select element from surveyfiltergroupelements with(nolock) where typeid = 3 and filtergroupid in (727242)
		)
	)
))",-1,2025-10-30 10:38:39,24969088,null,374821,0,FALSE,TRUE,FALSE,2557,null,FALSE,FALSE,TRUE,Creative,FALSE,FALSE,1,Creative:  Theme - Super Bowl,null,2025-10-28 12:45:54,FALSE,FALSE,Answers374821,FALSE
702,2025-11-04 14:06:23,TRUE,FALSE,FALSE,-1,null,"((
 exists (
	select 1 from dbo.bannerexposure with (nolock) where  bannerexposure.respondentid = answers373075.id and bannerexposure.surveyid = 373075 and bannerexposure.bannerid  in 
		(
			select cast(element as int) from surveyfiltergroupelements with(nolock) where typeid = 1 and filtergroupid in (724348)
		)
	)
 or 
 exists (
	select 1 from dbo.creativeexposure with (nolock) where  creativeexposure.respondentid = answers373075.id and creativeexposure.surveyid = 373075 and creativeexposure.creativeid  in 
		(
			select element from surveyfiltergroupelements with(nolock) where typeid = 2 and filtergroupid in (724348)
		)
	)
 or 
 exists (
	select 1 from dbo.placementexposure with (nolock) where  placementexposure.respondentid = answers373075.id and placementexposure.surveyid = 373075 and placementexposure.placementid  in 
		(
			select element from surveyfiltergroupelements with(nolock) where typeid = 3 and filtergroupid in (724348)
		)
	)
))",-1,2025-10-30 9:18:03,24878541,null,373075,0,FALSE,TRUE,FALSE,0,null,FALSE,FALSE,TRUE,Creative,FALSE,FALSE,1,Creative:  Theme - DashPass,null,2025-10-23 10:49:10,FALSE,FALSE,Answers373075,FALSE
195,2025-11-04 14:06:23,TRUE,FALSE,FALSE,-1,null,"((
 exists (
	select 1 from dbo.bannerexposure with (nolock) where  bannerexposure.respondentid = answers374821.id and bannerexposure.surveyid = 374821 and bannerexposure.bannerid  in 
		(
			select cast(element as int) from surveyfiltergroupelements with(nolock) where typeid = 1 and filtergroupid in (727218)
		)
	)
 or 
 exists (
	select 1 from dbo.creativeexposure with (nolock) where  creativeexposure.respondentid = answers374821.id and creativeexposure.surveyid = 374821 and creativeexposure.creativeid  in 
		(
			select element from surveyfiltergroupelements with(nolock) where typeid = 2 and filtergroupid in (727218)
		)
	)
 or 
 exists (
	select 1 from dbo.placementexposure with (nolock) where  placementexposure.respondentid = answers374821.id and placementexposure.surveyid = 374821 and placementexposure.placementid  in 
		(
			select element from surveyfiltergroupelements with(nolock) where typeid = 3 and filtergroupid in (727218)
		)
	)
))",-1,2025-10-30 10:38:22,24969061,null,374821,0,FALSE,TRUE,FALSE,354,null,FALSE,FALSE,TRUE,Creative,FALSE,FALSE,1,Creative:  Size/Length - 728x90,null,2025-10-28 12:45:51,FALSE,FALSE,Answers374821,FALSE
777,2025-11-04 14:06:23,FALSE,FALSE,FALSE,-1,null,(Q3= 8),-1,2025-10-30 9:18:09,21361306,null,373075,0,FALSE,FALSE,FALSE,79,null,FALSE,FALSE,TRUE,Frequency,FALSE,FALSE,2,Frequency: 8,null,2024-11-21 15:19:49,FALSE,FALSE,Answers373075,FALSE
355,2025-11-04 14:06:23,FALSE,FALSE,FALSE,-1,null,. . 23901122 . OR . . 22220651 .,-1,2025-10-30 9:19:28,23901668,null,374821,0,FALSE,FALSE,FALSE,4223,null,TRUE,FALSE,TRUE,Site All Hits,FALSE,FALSE,1,Site All Hits: Roku Grouped,null,2025-09-03 13:49:31,FALSE,FALSE,Answers374821,FALSE
706,2025-11-04 14:06:23,TRUE,FALSE,FALSE,-1,null,"((
 exists (
	select 1 from dbo.bannerexposure with (nolock) where  bannerexposure.respondentid = answers373075.id and bannerexposure.surveyid = 373075 and bannerexposure.bannerid  in 
		(
			select cast(element as int) from surveyfiltergroupelements with(nolock) where typeid = 1 and filtergroupid in (724346)
		)
	)
 or 
 exists (
	select 1 from dbo.creativeexposure with (nolock) where  creativeexposure.respondentid = answers373075.id and creativeexposure.surveyid = 373075 and creativeexposure.creativeid  in 
		(
			select element from surveyfiltergroupelements with(nolock) where typeid = 2 and filtergroupid in (724346)
		)
	)
 or 
 exists (
	select 1 from dbo.placementexposure with (nolock) where  placementexposure.respondentid = answers373075.id and placementexposure.surveyid = 373075 and placementexposure.placementid  in 
		(
			select element from surveyfiltergroupelements with(nolock) where typeid = 3 and filtergroupid in (724346)
		)
	)
))",-1,2025-10-30 9:18:04,24878545,null,373075,0,FALSE,TRUE,FALSE,0,null,FALSE,FALSE,TRUE,Creative,FALSE,FALSE,1,Creative:  Theme - High Five,null,2025-10-23 10:49:23,FALSE,FALSE,Answers373075,FALSE
134,2025-11-04 14:06:23,TRUE,FALSE,FALSE,-1,null,"((
 exists (
	select 1 from dbo.bannerexposure with (nolock) where  bannerexposure.respondentid = answers374821.id and bannerexposure.surveyid = 374821 and bannerexposure.bannerid  in 
		(
			select cast(element as int) from surveyfiltergroupelements with(nolock) where typeid = 1 and filtergroupid in (727417)
		)
	)
 or 
 exists (
	select 1 from dbo.creativeexposure with (nolock) where  creativeexposure.respondentid = answers374821.id and creativeexposure.surveyid = 374821 and creativeexposure.creativeid  in 
		(
			select element from surveyfiltergroupelements with(nolock) where typeid = 2 and filtergroupid in (727417)
		)
	)
 or 
 exists (
	select 1 from dbo.placementexposure with (nolock) where  placementexposure.respondentid = answers374821.id and placementexposure.surveyid = 374821 and placementexposure.placementid  in 
		(
			select element from surveyfiltergroupelements with(nolock) where typeid = 3 and filtergroupid in (727417)
		)
	)
))",-1,2025-10-30 10:38:00,24968999,null,374821,0,FALSE,TRUE,FALSE,820,null,FALSE,FALSE,TRUE,Creative,FALSE,FALSE,1,Creative:  Placement Publisher - Trip Advisor,null,2025-10-28 12:45:44,FALSE,FALSE,Answers374821,FALSE
793,2025-11-04 14:06:23,FALSE,FALSE,FALSE,-1,null,(1=1) and (Q255=0),-1,2025-10-30 9:18:09,21583694,null,373075,0,FALSE,FALSE,FALSE,1999,null,FALSE,FALSE,TRUE,Last Delivery,FALSE,FALSE,1,Last Delivery: Within the past week,null,2024-12-05 9:23:50,FALSE,FALSE,Answers373075,FALSE
733,2025-11-04 14:06:23,FALSE,FALSE,FALSE,-1,null,"(1=1) and (substring(Q256,1,1)='2')",-1,2025-10-30 9:18:05,21583702,null,373075,0,FALSE,FALSE,FALSE,3530,null,FALSE,FALSE,TRUE,Delivery Category,FALSE,FALSE,1,"Delivery Category: Prepared Restaurant Food (e.g., pizza, Thai food, Mexican food, sushi, etc.)",null,2024-12-05 9:23:50,FALSE,FALSE,Answers373075,FALSE
885,2025-11-04 14:06:23,FALSE,FALSE,FALSE,-1,null,q4 in (select bannerid from adServerBanners where campaignid=78558 and site=24254),-1,2025-10-30 9:18:14,25000303,null,373075,0,FALSE,FALSE,FALSE,0,null,FALSE,FALSE,FALSE,Site,FALSE,FALSE,0,Site: Amazon Mobile (MX),null,2025-10-29 14:12:14,FALSE,FALSE,Answers373075,FALSE
84,2025-11-04 14:06:23,TRUE,FALSE,FALSE,-1,null,"((
 exists (
	select 1 from dbo.bannerexposure with (nolock) where  bannerexposure.respondentid = answers374821.id and bannerexposure.surveyid = 374821 and bannerexposure.bannerid  in 
		(
			select cast(element as int) from surveyfiltergroupelements with(nolock) where typeid = 1 and filtergroupid in (727282)
		)
	)
 or 
 exists (
	select 1 from dbo.creativeexposure with (nolock) where  creativeexposure.respondentid = answers374821.id and creativeexposure.surveyid = 374821 and creativeexposure.creativeid  in 
		(
			select element from surveyfiltergroupelements with(nolock) where typeid = 2 and filtergroupid in (727282)
		)
	)
 or 
 exists (
	select 1 from dbo.placementexposure with (nolock) where  placementexposure.respondentid = answers374821.id and placementexposure.surveyid = 374821 and placementexposure.placementid  in 
		(
			select element from surveyfiltergroupelements with(nolock) where typeid = 3 and filtergroupid in (727282)
		)
	)
))",-1,2025-10-30 10:37:27,24968949,null,374821,0,FALSE,TRUE,FALSE,121,null,FALSE,FALSE,TRUE,Creative,FALSE,FALSE,1,Creative:  Placement Publisher - Audioboom Podcast (US),null,2025-10-28 12:45:34,FALSE,FALSE,Answers374821,FALSE
296,2025-11-04 14:06:23,FALSE,FALSE,FALSE,-1,null,(Q234_1 in (0)),-1,2001-01-01 0:00:00,22228303,null,374821,0,FALSE,FALSE,FALSE,17215,null,FALSE,FALSE,TRUE,Past Brand Usage,FALSE,FALSE,1,Past Brand Usage: DoorDash,null,2025-02-07 14:07:45,FALSE,FALSE,Answers374821,FALSE
60,2025-11-04 14:06:23,TRUE,FALSE,FALSE,-1,null,"((
 exists (
	select 1 from dbo.bannerexposure with (nolock) where  bannerexposure.respondentid = answers374821.id and bannerexposure.surveyid = 374821 and bannerexposure.bannerid  in 
		(
			select cast(element as int) from surveyfiltergroupelements with(nolock) where typeid = 1 and filtergroupid in (727313)
		)
	)
 or 
 exists (
	select 1 from dbo.creativeexposure with (nolock) where  creativeexposure.respondentid = answers374821.id and creativeexposure.surveyid = 374821 and creativeexposure.creativeid  in 
		(
			select element from surveyfiltergroupelements with(nolock) where typeid = 2 and filtergroupid in (727313)
		)
	)
 or 
 exists (
	select 1 from dbo.placementexposure with (nolock) where  placementexposure.respondentid = answers374821.id and placementexposure.surveyid = 374821 and placementexposure.placementid  in 
		(
			select element from surveyfiltergroupelements with(nolock) where typeid = 3 and filtergroupid in (727313)
		)
	)
))",-1,2025-10-30 10:37:08,24968925,null,374821,0,FALSE,TRUE,FALSE,7053,null,FALSE,FALSE,TRUE,Creative,FALSE,FALSE,1,Creative:  Creative Publisher - The Trade Desk,null,2025-10-28 12:45:24,FALSE,FALSE,Answers374821,FALSE
261,2025-11-04 14:06:23,FALSE,FALSE,FALSE,-1,null,(1=1) and (Q238=3),-1,2025-10-29 17:59:21,22228336,null,374821,0,FALSE,FALSE,FALSE,46,null,FALSE,FALSE,TRUE,Gender,FALSE,FALSE,1,Gender: I prefer to self identify,null,2025-02-06 14:26:32,FALSE,FALSE,Answers374821,FALSE
700,2025-11-04 14:06:23,TRUE,FALSE,FALSE,-1,null,"((
 exists (
	select 1 from dbo.bannerexposure with (nolock) where  bannerexposure.respondentid = answers373075.id and bannerexposure.surveyid = 373075 and bannerexposure.bannerid  in 
		(
			select cast(element as int) from surveyfiltergroupelements with(nolock) where typeid = 1 and filtergroupid in (724328)
		)
	)
 or 
 exists (
	select 1 from dbo.creativeexposure with (nolock) where  creativeexposure.respondentid = answers373075.id and creativeexposure.surveyid = 373075 and creativeexposure.creativeid  in 
		(
			select element from surveyfiltergroupelements with(nolock) where typeid = 2 and filtergroupid in (724328)
		)
	)
 or 
 exists (
	select 1 from dbo.placementexposure with (nolock) where  placementexposure.respondentid = answers373075.id and placementexposure.surveyid = 373075 and placementexposure.placementid  in 
		(
			select element from surveyfiltergroupelements with(nolock) where typeid = 3 and filtergroupid in (724328)
		)
	)
))",-1,2025-10-30 9:18:03,24878539,null,373075,0,FALSE,TRUE,FALSE,0,null,FALSE,FALSE,TRUE,Creative,FALSE,FALSE,1,Creative:  Theme - College GameDay,null,2025-10-23 10:49:04,FALSE,FALSE,Answers373075,FALSE
115,2025-11-04 14:06:23,TRUE,FALSE,FALSE,-1,null,"((
 exists (
	select 1 from dbo.bannerexposure with (nolock) where  bannerexposure.respondentid = answers374821.id and bannerexposure.surveyid = 374821 and bannerexposure.bannerid  in 
		(
			select cast(element as int) from surveyfiltergroupelements with(nolock) where typeid = 1 and filtergroupid in (727400)
		)
	)
 or 
 exists (
	select 1 from dbo.creativeexposure with (nolock) where  creativeexposure.respondentid = answers374821.id and creativeexposure.surveyid = 374821 and creativeexposure.creativeid  in 
		(
			select element from surveyfiltergroupelements with(nolock) where typeid = 2 and filtergroupid in (727400)
		)
	)
 or 
 exists (
	select 1 from dbo.placementexposure with (nolock) where  placementexposure.respondentid = answers374821.id and placementexposure.surveyid = 374821 and placementexposure.placementid  in 
		(
			select element from surveyfiltergroupelements with(nolock) where typeid = 3 and filtergroupid in (727400)
		)
	)
))",-1,2025-10-30 10:37:40,24968980,null,374821,0,FALSE,TRUE,FALSE,8,null,FALSE,FALSE,TRUE,Creative,FALSE,FALSE,1,Creative:  Placement Publisher - Pandora Auto (US),null,2025-10-28 12:45:41,FALSE,FALSE,Answers374821,FALSE
124,2025-11-04 14:06:23,TRUE,FALSE,FALSE,-1,null,"((
 exists (
	select 1 from dbo.bannerexposure with (nolock) where  bannerexposure.respondentid = answers374821.id and bannerexposure.surveyid = 374821 and bannerexposure.bannerid  in 
		(
			select cast(element as int) from surveyfiltergroupelements with(nolock) where typeid = 1 and filtergroupid in (727257)
		)
	)
 or 
 exists (
	select 1 from dbo.creativeexposure with (nolock) where  creativeexposure.respondentid = answers374821.id and creativeexposure.surveyid = 374821 and creativeexposure.creativeid  in 
		(
			select element from surveyfiltergroupelements with(nolock) where typeid = 2 and filtergroupid in (727257)
		)
	)
 or 
 exists (
	select 1 from dbo.placementexposure with (nolock) where  placementexposure.respondentid = answers374821.id and placementexposure.surveyid = 374821 and placementexposure.placementid  in 
		(
			select element from surveyfiltergroupelements with(nolock) where typeid = 3 and filtergroupid in (727257)
		)
	)
))",-1,2025-10-30 10:37:47,24968989,null,374821,0,FALSE,TRUE,FALSE,185,null,FALSE,FALSE,TRUE,Creative,FALSE,FALSE,1,Creative:  Placement Publisher - RTS (US),null,2025-10-28 12:45:42,FALSE,FALSE,Answers374821,FALSE
273,2025-11-04 14:06:23,FALSE,FALSE,FALSE,-1,null,. . 22228196 . AND . NOT_IN 22228235 . AND . NOT_IN 21967672 . AND . NOT_IN 21967689 . AND . NOT_IN 21967684 . AND . NOT_IN 22231500 . AND . NOT_IN 22186629 . AND . NOT_IN 23942018 . AND . NOT_IN 24098276 .,-1,2025-10-31 8:45:28,22236815,null,374821,0,FALSE,FALSE,TRUE,6483,null,TRUE,FALSE,FALSE,Overall,FALSE,FALSE,1,Overall: Control (Ignite Only),null,2025-10-27 17:27:32,FALSE,FALSE,Answers374821,FALSE
263,2025-11-04 14:06:23,FALSE,FALSE,FALSE,-1,null,(1=1) and (Q238=2),-1,2025-10-29 17:59:21,22228335,null,374821,0,FALSE,FALSE,FALSE,110,null,FALSE,FALSE,TRUE,Gender,FALSE,FALSE,1,Gender: Non-binary or gender fluid,null,2025-02-06 14:26:32,FALSE,FALSE,Answers374821,FALSE
834,2025-11-04 14:06:23,FALSE,FALSE,FALSE,-1,null,q4 in (select bannerid from adServerBanners where campaignid=78558 and site=22777) or (Q2 like '%12493788%' or Q2 like '%12593750%' or Q2 like '%12593782%' or Q2 like '%12687814%' or Q2 like '%12687888%'),-1,2025-10-30 9:18:15,25000282,null,373075,0,FALSE,FALSE,FALSE,0,null,FALSE,FALSE,FALSE,Site All Hits,FALSE,FALSE,0,Site All Hits: Amazon CTV (CA),null,2025-10-29 14:12:13,FALSE,FALSE,Answers373075,FALSE
396,2025-11-04 14:06:23,FALSE,FALSE,FALSE,-1,null,"(substring(Q257,2,1)='2')",-1,2025-06-11 11:15:36,21081507,null,372250,0,FALSE,FALSE,FALSE,8687,null,FALSE,FALSE,TRUE,Activity,FALSE,FALSE,0,"Activity: Streamed video games, watch eSports, or watch others play video games online (e.g. on Twitch, YouTube)",null,2025-05-15 18:03:58,FALSE,FALSE,Answers372250,FALSE
424,2025-11-04 14:06:23,FALSE,FALSE,FALSE,-1,null,"(substring(Q248,3,1)='2')",-1,2025-06-11 11:15:42,21081558,null,372250,0,FALSE,FALSE,FALSE,14029,null,FALSE,FALSE,TRUE,Delivery Category,FALSE,FALSE,0,"Delivery Category: Personal Care & Beauty (e.g., cosmetics/makeup, bath and body, skincare, feminine care, etc.)",null,2025-05-15 18:03:57,FALSE,FALSE,Answers372250,FALSE
90,2025-11-04 14:06:23,TRUE,FALSE,FALSE,-1,null,"((
 exists (
	select 1 from dbo.bannerexposure with (nolock) where  bannerexposure.respondentid = answers374821.id and bannerexposure.surveyid = 374821 and bannerexposure.bannerid  in 
		(
			select cast(element as int) from surveyfiltergroupelements with(nolock) where typeid = 1 and filtergroupid in (727428)
		)
	)
 or 
 exists (
	select 1 from dbo.creativeexposure with (nolock) where  creativeexposure.respondentid = answers374821.id and creativeexposure.surveyid = 374821 and creativeexposure.creativeid  in 
		(
			select element from surveyfiltergroupelements with(nolock) where typeid = 2 and filtergroupid in (727428)
		)
	)
 or 
 exists (
	select 1 from dbo.placementexposure with (nolock) where  placementexposure.respondentid = answers374821.id and placementexposure.surveyid = 374821 and placementexposure.placementid  in 
		(
			select element from surveyfiltergroupelements with(nolock) where typeid = 3 and filtergroupid in (727428)
		)
	)
))",-1,2025-10-30 10:37:30,24968955,null,374821,0,FALSE,TRUE,FALSE,0,null,FALSE,FALSE,TRUE,Creative,FALSE,FALSE,1,Creative:  Placement Publisher - DSE,null,2025-10-28 12:45:35,FALSE,FALSE,Answers374821,FALSE
536,2025-11-04 14:06:23,FALSE,FALSE,FALSE,-1,null,"q4 in (select bannerid from adServerBanners where campaignid=72361 and site=4957) or ID IN (select id from answers372250 cross apply [SQL#].[String_Split4k](Q2, ',', 2) SplitTable cross apply [SQL#].[String_Split4k](SplitTable.SplitVal, '-', 2) bannerid where bannerid.SplitNum = 1 and bannerid.SplitVal in ( select value from dbo.surveyfilterelements WHERE surveyfilterelements.filterid=20870713 and type='in-clause' and surveyfilterelements.question='Q2' ) )",-1,2001-01-01 0:00:00,20870713,null,372250,0,FALSE,FALSE,FALSE,null,null,FALSE,FALSE,FALSE,Site All Hits,FALSE,FALSE,0,Site All Hits: BDG (FKA Bustle Digital Group) (US),null,2025-10-18 22:12:08,FALSE,FALSE,Answers372250,FALSE
96,2025-11-04 14:06:23,TRUE,FALSE,FALSE,-1,null,"((
 exists (
	select 1 from dbo.bannerexposure with (nolock) where  bannerexposure.respondentid = answers374821.id and bannerexposure.surveyid = 374821 and bannerexposure.bannerid  in 
		(
			select cast(element as int) from surveyfiltergroupelements with(nolock) where typeid = 1 and filtergroupid in (727292)
		)
	)
 or 
 exists (
	select 1 from dbo.creativeexposure with (nolock) where  creativeexposure.respondentid = answers374821.id and creativeexposure.surveyid = 374821 and creativeexposure.creativeid  in 
		(
			select element from surveyfiltergroupelements with(nolock) where typeid = 2 and filtergroupid in (727292)
		)
	)
 or 
 exists (
	select 1 from dbo.placementexposure with (nolock) where  placementexposure.respondentid = answers374821.id and placementexposure.surveyid = 374821 and placementexposure.placementid  in 
		(
			select element from surveyfiltergroupelements with(nolock) where typeid = 3 and filtergroupid in (727292)
		)
	)
))",-1,2025-10-30 10:37:43,24968961,null,374821,0,FALSE,TRUE,FALSE,93,null,FALSE,FALSE,TRUE,Creative,FALSE,FALSE,1,Creative:  Placement Publisher - Good Karma Podcast (US),null,2025-10-28 12:45:38,FALSE,FALSE,Answers374821,FALSE
112,2025-11-04 14:06:23,TRUE,FALSE,FALSE,-1,null,"((
 exists (
	select 1 from dbo.bannerexposure with (nolock) where  bannerexposure.respondentid = answers374821.id and bannerexposure.surveyid = 374821 and bannerexposure.bannerid  in 
		(
			select cast(element as int) from surveyfiltergroupelements with(nolock) where typeid = 1 and filtergroupid in (727251)
		)
	)
 or 
 exists (
	select 1 from dbo.creativeexposure with (nolock) where  creativeexposure.respondentid = answers374821.id and creativeexposure.surveyid = 374821 and creativeexposure.creativeid  in 
		(
			select element from surveyfiltergroupelements with(nolock) where typeid = 2 and filtergroupid in (727251)
		)
	)
 or 
 exists (
	select 1 from dbo.placementexposure with (nolock) where  placementexposure.respondentid = answers374821.id and placementexposure.surveyid = 374821 and placementexposure.placementid  in 
		(
			select element from surveyfiltergroupelements with(nolock) where typeid = 3 and filtergroupid in (727251)
		)
	)
))",-1,2025-10-30 10:37:39,24968977,null,374821,0,FALSE,TRUE,FALSE,2978,null,FALSE,FALSE,TRUE,Creative,FALSE,FALSE,1,Creative:  Placement Publisher - NBCU Peacock (US),null,2025-10-28 12:45:41,FALSE,FALSE,Answers374821,FALSE
143,2025-11-04 14:06:23,TRUE,FALSE,FALSE,-1,null,"((
 exists (
	select 1 from dbo.bannerexposure with (nolock) where  bannerexposure.respondentid = answers374821.id and bannerexposure.surveyid = 374821 and bannerexposure.bannerid  in 
		(
			select cast(element as int) from surveyfiltergroupelements with(nolock) where typeid = 1 and filtergroupid in (727226)
		)
	)
 or 
 exists (
	select 1 from dbo.creativeexposure with (nolock) where  creativeexposure.respondentid = answers374821.id and creativeexposure.surveyid = 374821 and creativeexposure.creativeid  in 
		(
			select element from surveyfiltergroupelements with(nolock) where typeid = 2 and filtergroupid in (727226)
		)
	)
 or 
 exists (
	select 1 from dbo.placementexposure with (nolock) where  placementexposure.respondentid = answers374821.id and placementexposure.surveyid = 374821 and placementexposure.placementid  in 
		(
			select element from surveyfiltergroupelements with(nolock) where typeid = 3 and filtergroupid in (727226)
		)
	)
))",-1,2025-10-30 10:37:54,24969008,null,374821,0,FALSE,TRUE,FALSE,3780,null,FALSE,FALSE,TRUE,Creative,FALSE,FALSE,1,Creative:  Placement Targeting Tactic - 1P CRM,null,2025-10-28 12:45:45,FALSE,FALSE,Answers374821,FALSE
867,2025-11-04 14:06:23,FALSE,FALSE,FALSE,-1,null,q4 in (select bannerid from adServerBanners where campaignid=78558 and site=25485),-1,2025-10-30 9:18:13,25000315,null,373075,0,FALSE,FALSE,FALSE,0,null,FALSE,FALSE,FALSE,Site,FALSE,FALSE,0,Site: Amazon (AU),null,2025-10-29 14:12:14,FALSE,FALSE,Answers373075,FALSE
408,2025-11-04 14:06:23,FALSE,FALSE,FALSE,-1,null,(Q186 BETWEEN 25 AND 34),-1,2025-06-11 11:15:38,23388658,null,372250,0,FALSE,FALSE,FALSE,6987,null,FALSE,FALSE,TRUE,Age (Grouped),FALSE,FALSE,1,Age (Grouped): 25-34,null,2025-05-28 12:15:21,FALSE,FALSE,Answers372250,FALSE
444,2025-11-04 14:06:23,FALSE,FALSE,FALSE,-1,null,"(substring(Q250_1,3,1)='2')",-1,2025-06-11 11:20:07,21083179,null,372250,0,FALSE,FALSE,FALSE,2606,null,FALSE,FALSE,TRUE,Delivery Use - Used an app/website for non-same day delivery,FALSE,FALSE,1,Delivery Use - Used an app/website for non-same day delivery: Prepared Restaurant Food,null,2025-05-15 18:03:59,FALSE,FALSE,Answers372250,FALSE
51,2025-11-04 14:06:23,TRUE,FALSE,FALSE,-1,null,"((
 exists (
	select 1 from dbo.bannerexposure with (nolock) where  bannerexposure.respondentid = answers374821.id and bannerexposure.surveyid = 374821 and bannerexposure.bannerid  in 
		(
			select cast(element as int) from surveyfiltergroupelements with(nolock) where typeid = 1 and filtergroupid in (727356)
		)
	)
 or 
 exists (
	select 1 from dbo.creativeexposure with (nolock) where  creativeexposure.respondentid = answers374821.id and creativeexposure.surveyid = 374821 and creativeexposure.creativeid  in 
		(
			select element from surveyfiltergroupelements with(nolock) where typeid = 2 and filtergroupid in (727356)
		)
	)
 or 
 exists (
	select 1 from dbo.placementexposure with (nolock) where  placementexposure.respondentid = answers374821.id and placementexposure.surveyid = 374821 and placementexposure.placementid  in 
		(
			select element from surveyfiltergroupelements with(nolock) where typeid = 3 and filtergroupid in (727356)
		)
	)
))",-1,2025-10-30 10:37:02,24968916,null,374821,0,FALSE,TRUE,FALSE,0,null,FALSE,FALSE,TRUE,Creative,FALSE,FALSE,1,"Creative:  Creative Publisher - Peacock, EyeQ ",null,2025-10-28 12:45:20,FALSE,FALSE,Answers374821,FALSE
859,2025-11-04 14:06:23,FALSE,FALSE,FALSE,-1,null,q4 in (select bannerid from adServerBanners where campaignid=78558 and site=13883) or (Q2 like '%12376378%' or Q2 like '%12376379%' or Q2 like '%12393793%' or Q2 like '%12439763%' or Q2 like '%12439765%'),-1,2025-10-30 9:18:20,21505943,null,373075,0,FALSE,FALSE,FALSE,7,null,FALSE,FALSE,TRUE,Site All Hits,FALSE,FALSE,0,Site All Hits: Pandora Auto (US),null,2025-10-23 9:54:36,FALSE,FALSE,Answers373075,FALSE
416,2025-11-04 14:06:23,FALSE,FALSE,FALSE,-1,null,"(substring(Q256,2,1)='2')",-1,2025-06-11 11:15:40,21081548,null,372250,0,FALSE,FALSE,FALSE,7718,null,FALSE,FALSE,TRUE,Children In HH,FALSE,FALSE,0,"Children In HH: Yes, age 7-12",null,2025-05-15 18:03:57,FALSE,FALSE,Answers372250,FALSE
432,2025-11-04 14:06:23,FALSE,FALSE,FALSE,-1,null,"(substring(Q249,3,1)='2')",-1,2025-06-11 11:15:44,21081566,null,372250,0,FALSE,FALSE,FALSE,16952,null,FALSE,FALSE,TRUE,Delivery Item,FALSE,FALSE,0,"Delivery Item: Packaged Food & Non-Alcoholic Beverages (e.g., chips, candy, soda, water, etc.)",null,2025-05-15 18:03:57,FALSE,FALSE,Answers372250,FALSE
600,2025-11-04 14:06:23,FALSE,FALSE,FALSE,-1,null,(completetime<'4/1/2024'),-1,2025-06-12 15:27:02,23445319,null,372250,0,FALSE,FALSE,FALSE,6466,null,FALSE,FALSE,TRUE,Timestamp,FALSE,FALSE,1,Timestamp: Start - 3/31 (Q1),null,2025-06-05 11:37:02,FALSE,FALSE,Answers372250,FALSE
82,2025-11-04 14:06:23,TRUE,FALSE,FALSE,-1,null,"((
 exists (
	select 1 from dbo.bannerexposure with (nolock) where  bannerexposure.respondentid = answers374821.id and bannerexposure.surveyid = 374821 and bannerexposure.bannerid  in 
		(
			select cast(element as int) from surveyfiltergroupelements with(nolock) where typeid = 1 and filtergroupid in (727378)
		)
	)
 or 
 exists (
	select 1 from dbo.creativeexposure with (nolock) where  creativeexposure.respondentid = answers374821.id and creativeexposure.surveyid = 374821 and creativeexposure.creativeid  in 
		(
			select element from surveyfiltergroupelements with(nolock) where typeid = 2 and filtergroupid in (727378)
		)
	)
 or 
 exists (
	select 1 from dbo.placementexposure with (nolock) where  placementexposure.respondentid = answers374821.id and placementexposure.surveyid = 374821 and placementexposure.placementid  in 
		(
			select element from surveyfiltergroupelements with(nolock) where typeid = 3 and filtergroupid in (727378)
		)
	)
))",-1,2025-10-30 10:37:26,24968947,null,374821,0,FALSE,TRUE,FALSE,478,null,FALSE,FALSE,TRUE,Creative,FALSE,FALSE,1,Creative:  Placement Publisher - Amazon,null,2025-10-28 12:45:34,FALSE,FALSE,Answers374821,FALSE
563,2025-11-04 14:06:23,FALSE,FALSE,FALSE,-1,null,"q4 in (select bannerid from adServerBanners where campaignid=72361 and site=25694) or ID IN (select id from answers372250 cross apply [SQL#].[String_Split4k](Q2, ',', 2) SplitTable cross apply [SQL#].[String_Split4k](SplitTable.SplitVal, '-', 2) bannerid where bannerid.SplitNum = 1 and bannerid.SplitVal in ( select value from dbo.surveyfilterelements WHERE surveyfilterelements.filterid=20870669 and type='in-clause' and surveyfilterelements.question='Q2' ) )",-1,2001-01-01 0:00:00,20870669,null,372250,0,FALSE,FALSE,FALSE,null,null,FALSE,FALSE,FALSE,Site All Hits,FALSE,FALSE,0,Site All Hits: NBCU Peacock (US),null,2025-10-18 22:12:08,FALSE,FALSE,Answers372250,FALSE
877,2025-11-04 14:06:23,FALSE,FALSE,FALSE,-1,null,(Q4 = '12594076'),-1,2025-10-30 9:18:13,25000295,null,373075,0,FALSE,FALSE,FALSE,0,null,FALSE,FALSE,FALSE,Site,FALSE,FALSE,0,Site: Amazon CTV  (UK),null,2025-10-29 14:12:14,FALSE,FALSE,Answers373075,FALSE
488,2025-11-04 14:06:23,FALSE,FALSE,FALSE,-1,null,(Q258=1),-1,2025-06-11 11:21:42,21081596,null,372250,0,FALSE,FALSE,FALSE,3245,null,FALSE,FALSE,TRUE,Gamer,FALSE,FALSE,0,"Gamer: More than 2 hours, but less than 7 hours",null,2025-05-15 18:03:59,FALSE,FALSE,Answers372250,FALSE
271,2025-11-04 14:06:23,FALSE,FALSE,FALSE,-1,null,(1=1) and (Q230=5),-1,2001-01-01 0:00:00,22228243,null,374821,0,FALSE,FALSE,FALSE,467,null,FALSE,FALSE,TRUE,Last Delivery,FALSE,FALSE,1,Last Delivery: Within the past 6-12 months,null,2025-02-06 14:26:32,FALSE,FALSE,Answers374821,FALSE
559,2025-11-04 14:06:23,FALSE,FALSE,FALSE,-1,null,"q4 in (select bannerid from adServerBanners where campaignid=72361 and site=14881) or ID IN (select id from answers372250 cross apply [SQL#].[String_Split4k](Q2, ',', 2) SplitTable cross apply [SQL#].[String_Split4k](SplitTable.SplitVal, '-', 2) bannerid where bannerid.SplitNum = 1 and bannerid.SplitVal in ( select value from dbo.surveyfilterelements WHERE surveyfilterelements.filterid=20870799 and type='in-clause' and surveyfilterelements.question='Q2' ) )",-1,2001-01-01 0:00:00,20870799,null,372250,0,FALSE,FALSE,FALSE,null,null,FALSE,FALSE,FALSE,Site All Hits,FALSE,FALSE,0,Site All Hits: MIQ Logistics (US),null,2025-10-18 22:12:09,FALSE,FALSE,Answers372250,FALSE
584,2025-11-04 14:06:23,FALSE,FALSE,FALSE,-1,null,"(1=1) and (substring(Q259,4,1)='2')",-1,2025-06-05 11:44:42,23445334,null,372250,0,FALSE,FALSE,FALSE,10629,null,FALSE,FALSE,TRUE,Sports Fan,FALSE,FALSE,1,Sports Fan: Basketball (NBA),null,2025-06-05 11:44:12,FALSE,FALSE,Answers372250,FALSE
561,2025-11-04 14:06:23,FALSE,FALSE,FALSE,-1,null,"q4 in (select bannerid from adServerBanners where campaignid=72361 and site=27860) or ID IN (select id from answers372250 cross apply [SQL#].[String_Split4k](Q2, ',', 2) SplitTable cross apply [SQL#].[String_Split4k](SplitTable.SplitVal, '-', 2) bannerid where bannerid.SplitNum = 1 and bannerid.SplitVal in ( select value from dbo.surveyfilterelements WHERE surveyfilterelements.filterid=20870729 and type='in-clause' and surveyfilterelements.question='Q2' ) )",-1,2001-01-01 0:00:00,20870729,null,372250,0,FALSE,FALSE,FALSE,null,null,FALSE,FALSE,FALSE,Site All Hits,FALSE,FALSE,0,Site All Hits: My Code Media (US),null,2025-10-18 22:12:08,FALSE,FALSE,Answers372250,FALSE
183,2025-11-04 14:06:23,TRUE,FALSE,FALSE,-1,null,"((
 exists (
	select 1 from dbo.bannerexposure with (nolock) where  bannerexposure.respondentid = answers374821.id and bannerexposure.surveyid = 374821 and bannerexposure.bannerid  in 
		(
			select cast(element as int) from surveyfiltergroupelements with(nolock) where typeid = 1 and filtergroupid in (727277)
		)
	)
 or 
 exists (
	select 1 from dbo.creativeexposure with (nolock) where  creativeexposure.respondentid = answers374821.id and creativeexposure.surveyid = 374821 and creativeexposure.creativeid  in 
		(
			select element from surveyfiltergroupelements with(nolock) where typeid = 2 and filtergroupid in (727277)
		)
	)
 or 
 exists (
	select 1 from dbo.placementexposure with (nolock) where  placementexposure.respondentid = answers374821.id and placementexposure.surveyid = 374821 and placementexposure.placementid  in 
		(
			select element from surveyfiltergroupelements with(nolock) where typeid = 3 and filtergroupid in (727277)
		)
	)
))",-1,2025-10-30 10:38:18,24969049,null,374821,0,FALSE,TRUE,FALSE,131,null,FALSE,FALSE,TRUE,Creative,FALSE,FALSE,1,Creative:  Size/Length - 300x600,null,2025-10-28 12:45:49,FALSE,FALSE,Answers374821,FALSE
571,2025-11-04 14:06:23,FALSE,FALSE,FALSE,-1,null,"q4 in (select bannerid from adServerBanners where campaignid=72361 and site=124) or ID IN (select id from answers372250 cross apply [SQL#].[String_Split4k](Q2, ',', 2) SplitTable cross apply [SQL#].[String_Split4k](SplitTable.SplitVal, '-', 2) bannerid where bannerid.SplitNum = 1 and bannerid.SplitVal in ( select value from dbo.surveyfilterelements WHERE surveyfilterelements.filterid=20870737 and type='in-clause' and surveyfilterelements.question='Q2' ) )",-1,2001-01-01 0:00:00,20870737,null,372250,0,FALSE,FALSE,FALSE,null,null,FALSE,FALSE,FALSE,Site All Hits,FALSE,FALSE,0,Site All Hits: RollingStone (US),null,2025-10-18 22:12:08,FALSE,FALSE,Answers372250,FALSE
435,2025-11-04 14:06:23,FALSE,FALSE,FALSE,-1,null,"(substring(Q250_10,3,1)='2')",-1,2025-06-11 11:15:43,21083181,null,372250,0,FALSE,FALSE,FALSE,1661,null,FALSE,FALSE,TRUE,Delivery Use - Used an app/website for non-same day delivery,FALSE,FALSE,1,Delivery Use - Used an app/website for non-same day delivery: Baby Supplies,null,2025-05-15 18:03:56,FALSE,FALSE,Answers372250,FALSE
569,2025-11-04 14:06:23,FALSE,FALSE,FALSE,-1,null,"q4 in (select bannerid from adServerBanners where campaignid=72361 and site=18518) or ID IN (select id from answers372250 cross apply [SQL#].[String_Split4k](Q2, ',', 2) SplitTable cross apply [SQL#].[String_Split4k](SplitTable.SplitVal, '-', 2) bannerid where bannerid.SplitNum = 1 and bannerid.SplitVal in ( select value from dbo.surveyfilterelements WHERE surveyfilterelements.filterid=20870715 and type='in-clause' and surveyfilterelements.question='Q2' ) )",-1,2001-01-01 0:00:00,20870715,null,372250,0,FALSE,FALSE,FALSE,null,null,FALSE,FALSE,FALSE,Site All Hits,FALSE,FALSE,0,Site All Hits: Raptive (fka CafeMedia)(US),null,2025-10-18 22:12:08,FALSE,FALSE,Answers372250,FALSE
845,2025-11-04 14:06:23,FALSE,FALSE,FALSE,-1,null,(Q4 = '12594078') or (Q2 like '%12594078%'),-1,2025-10-30 9:18:15,25000298,null,373075,0,FALSE,FALSE,FALSE,0,null,FALSE,FALSE,FALSE,Site All Hits,FALSE,FALSE,0,Site All Hits: Amazon Tablet (IT),null,2025-10-29 14:12:14,FALSE,FALSE,Answers373075,FALSE
281,2025-11-04 14:06:23,FALSE,FALSE,FALSE,-1,null,(Q235_1 in (1)),-1,2001-01-01 0:00:00,22228314,null,374821,0,FALSE,FALSE,FALSE,4838,null,FALSE,FALSE,TRUE,Past Brand Recency - DoorDash,FALSE,FALSE,1,Past Brand Recency - DoorDash: Once a week,null,2025-02-06 14:26:32,FALSE,FALSE,Answers374821,FALSE
520,2025-11-04 14:06:23,FALSE,FALSE,FALSE,-1,null,(Q252_2 in (3)),-1,2025-06-11 11:29:21,21083207,null,372250,0,FALSE,FALSE,FALSE,3312,null,FALSE,FALSE,TRUE,Past Brand Recency - Uber Eats,FALSE,FALSE,1,Past Brand Recency - Uber Eats: I did not use in the past 30 days,null,2025-05-15 18:03:57,FALSE,FALSE,Answers372250,FALSE
11,2025-11-04 14:06:23,FALSE,FALSE,FALSE,-1,null,"(1=1) and (substring(Q241,9,1)='2')",-1,2025-10-30 8:43:56,22228358,null,374821,0,FALSE,FALSE,FALSE,2371,null,FALSE,FALSE,TRUE,Activity,FALSE,FALSE,1,Activity: Watched NWSL,null,2025-02-06 14:26:32,FALSE,FALSE,Answers374821,FALSE
402,2025-11-04 14:06:23,FALSE,FALSE,FALSE,-1,null,"(substring(Q257,6,1)='2')",-1,2025-06-11 11:15:39,21081513,null,372250,0,FALSE,FALSE,FALSE,9164,null,FALSE,FALSE,TRUE,Activity,FALSE,FALSE,0,Activity: Watched NFL,null,2025-05-15 18:03:56,FALSE,FALSE,Answers372250,FALSE
551,2025-11-04 14:06:23,FALSE,FALSE,FALSE,-1,null,"q4 in (select bannerid from adServerBanners where campaignid=72361 and site=259) or ID IN (select id from answers372250 cross apply [SQL#].[String_Split4k](Q2, ',', 2) SplitTable cross apply [SQL#].[String_Split4k](SplitTable.SplitVal, '-', 2) bannerid where bannerid.SplitNum = 1 and bannerid.SplitVal in ( select value from dbo.surveyfilterelements WHERE surveyfilterelements.filterid=20870723 and type='in-clause' and surveyfilterelements.question='Q2' ) )",-1,2001-01-01 0:00:00,20870723,null,372250,0,FALSE,FALSE,FALSE,null,null,FALSE,FALSE,FALSE,Site All Hits,FALSE,FALSE,0,Site All Hits: Hearst Corporation (US),null,2025-10-18 22:12:08,FALSE,FALSE,Answers372250,FALSE
419,2025-11-04 14:06:23,FALSE,FALSE,FALSE,-1,null,"(((
 exists (
	select 1 from dbo.bannerexposure with (nolock) where  bannerexposure.respondentid = answers372250.id and bannerexposure.surveyid = 372250 and bannerexposure.bannerid  in 
		(
			select cast(element as int) from surveyfiltergroupelements with(nolock) where typeid = 1 and filtergroupid in (594851)
		)
	)
 or 
 exists (
	select 1 from dbo.creativeexposure with (nolock) where  creativeexposure.respondentid = answers372250.id and creativeexposure.surveyid = 372250 and creativeexposure.creativeid  in 
		(
			select element from surveyfiltergroupelements with(nolock) where typeid = 2 and filtergroupid in (594851)
		)
	)
 or 
 exists (
	select 1 from dbo.placementexposure with (nolock) where  placementexposure.respondentid = answers372250.id and placementexposure.surveyid = 372250 and placementexposure.placementid  in 
		(
			select element from surveyfiltergroupelements with(nolock) where typeid = 3 and filtergroupid in (594851)
		)
	)
)) or ((id in (select respondentid from CachedFilterMatches where filterid=19275867)) AND ID NOT IN (SELECT ID FROM answers372250 WITH(NOLOCK) WHERE (id in (select respondentid from CachedFilterMatches where filterid=19235654))) AND ID NOT IN (SELECT ID FROM answers372250 WITH(NOLOCK) WHERE (id in (select respondentid from CachedFilterMatches where filterid=19237674))) AND ID NOT IN (SELECT ID FROM answers372250 WITH(NOLOCK) WHERE (id in (select respondentid from CachedFilterMatches where filterid=19275903))) AND ID NOT IN (SELECT ID FROM answers372250 WITH(NOLOCK) WHERE (id in (select respondentid from CachedFilterMatches where filterid=19375323))) AND ID NOT IN (SELECT ID FROM answers372250 WITH(NOLOCK) WHERE (id in (select respondentid from CachedFilterMatches where filterid=19235658))) AND ID NOT IN (SELECT ID FROM answers372250 WITH(NOLOCK) WHERE (id in (select respondentid from CachedFilterMatches where filterid=19888291))) AND ID NOT IN (SELECT ID FROM answers372250 WITH(NOLOCK) WHERE (id in (select respondentid from CachedFilterMatches where filterid=19888293))) AND ID NOT IN (SELECT ID FROM answers372250 WITH(NOLOCK) WHERE (id in (select respondentid from CachedFilterMatches where filterid=19409999))) AND ID NOT IN (SELECT ID FROM answers372250 WITH(NOLOCK) WHERE ((ID IN (13974)))) AND ID NOT IN (SELECT ID FROM answers372250 WITH(NOLOCK) WHERE (id in (select respondentid from CachedFilterMatches where filterid=20270982))) AND ID NOT IN (SELECT ID FROM answers372250 WITH(NOLOCK) WHERE (id in (select respondentid from CachedFilterMatches where filterid=19928495)))))",-1,2001-01-01 0:00:00,24365165,null,372250,0,FALSE,TRUE,FALSE,null,null,FALSE,FALSE,TRUE,Creative 365581,FALSE,FALSE,0,Creative 365581: Creative Campaign - Audio Resurrection,null,2025-09-17 11:48:53,FALSE,FALSE,Answers372250,FALSE
873,2025-11-04 14:06:23,FALSE,FALSE,FALSE,-1,null,q4 in (select bannerid from adServerBanners where campaignid=78558 and site=26592),-1,2025-10-30 9:18:13,25000277,null,373075,0,FALSE,FALSE,FALSE,0,null,FALSE,FALSE,FALSE,Site,FALSE,FALSE,0,Site: Amazon (MX),null,2025-10-29 14:12:13,FALSE,FALSE,Answers373075,FALSE
410,2025-11-04 14:06:23,FALSE,FALSE,FALSE,-1,null,(Q186 BETWEEN 45 AND 54),-1,2025-06-11 11:15:38,23388655,null,372250,0,FALSE,FALSE,FALSE,5133,null,FALSE,FALSE,TRUE,Age (Grouped),FALSE,FALSE,1,Age (Grouped): 45-54,null,2025-05-28 12:15:21,FALSE,FALSE,Answers372250,FALSE
509,2025-11-04 14:06:23,FALSE,FALSE,FALSE,-1,null,(Q252_1 in (2)),-1,2025-06-11 11:29:20,21083202,null,372250,0,FALSE,FALSE,FALSE,3788,null,FALSE,FALSE,TRUE,Past Brand Recency - DoorDash,FALSE,FALSE,1,Past Brand Recency - DoorDash: Less than once a week,null,2025-05-15 18:03:56,FALSE,FALSE,Answers372250,FALSE
552,2025-11-04 14:06:23,FALSE,FALSE,FALSE,-1,null,q4 in (select bannerid from adServerBanners where campaignid=72361 and site=836) or (Q2 like '%12040457%'),-1,2025-09-17 12:01:28,20870677,null,372250,0,FALSE,FALSE,FALSE,5572,null,FALSE,FALSE,FALSE,Site All Hits,FALSE,FALSE,0,Site All Hits: Hulu,null,2024-10-23 9:54:51,FALSE,FALSE,Answers372250,FALSE
203,2025-11-04 14:06:23,TRUE,FALSE,FALSE,-1,null,"((
 exists (
	select 1 from dbo.bannerexposure with (nolock) where  bannerexposure.respondentid = answers374821.id and bannerexposure.surveyid = 374821 and bannerexposure.bannerid  in 
		(
			select cast(element as int) from surveyfiltergroupelements with(nolock) where typeid = 1 and filtergroupid in (727365)
		)
	)
 or 
 exists (
	select 1 from dbo.creativeexposure with (nolock) where  creativeexposure.respondentid = answers374821.id and creativeexposure.surveyid = 374821 and creativeexposure.creativeid  in 
		(
			select element from surveyfiltergroupelements with(nolock) where typeid = 2 and filtergroupid in (727365)
		)
	)
 or 
 exists (
	select 1 from dbo.placementexposure with (nolock) where  placementexposure.respondentid = answers374821.id and placementexposure.surveyid = 374821 and placementexposure.placementid  in 
		(
			select element from surveyfiltergroupelements with(nolock) where typeid = 3 and filtergroupid in (727365)
		)
	)
))",-1,2025-10-30 10:38:31,24969069,null,374821,0,FALSE,TRUE,FALSE,370,null,FALSE,FALSE,TRUE,Creative,FALSE,FALSE,1,Creative:  Theme - DashPass / Super Bowl,null,2025-10-28 12:45:52,FALSE,FALSE,Answers374821,FALSE
553,2025-11-04 14:06:23,FALSE,FALSE,FALSE,-1,null,"q4 in (select bannerid from adServerBanners where campaignid=72361 and site=21410) or ID IN (select id from answers372250 cross apply [SQL#].[String_Split4k](Q2, ',', 2) SplitTable cross apply [SQL#].[String_Split4k](SplitTable.SplitVal, '-', 2) bannerid where bannerid.SplitNum = 1 and bannerid.SplitVal in ( select value from dbo.surveyfilterelements WHERE surveyfilterelements.filterid=20870750 and type='in-clause' and surveyfilterelements.question='Q2' ) )",-1,2001-01-01 0:00:00,20870750,null,372250,0,FALSE,FALSE,FALSE,null,null,FALSE,FALSE,FALSE,Site All Hits,FALSE,FALSE,0,Site All Hits: Katz (US),null,2025-10-18 22:12:09,FALSE,FALSE,Answers372250,FALSE
76,2025-11-04 14:06:23,TRUE,FALSE,FALSE,-1,null,"((
 exists (
	select 1 from dbo.bannerexposure with (nolock) where  bannerexposure.respondentid = answers374821.id and bannerexposure.surveyid = 374821 and bannerexposure.bannerid  in 
		(
			select cast(element as int) from surveyfiltergroupelements with(nolock) where typeid = 1 and filtergroupid in (727432)
		)
	)
 or 
 exists (
	select 1 from dbo.creativeexposure with (nolock) where  creativeexposure.respondentid = answers374821.id and creativeexposure.surveyid = 374821 and creativeexposure.creativeid  in 
		(
			select element from surveyfiltergroupelements with(nolock) where typeid = 2 and filtergroupid in (727432)
		)
	)
 or 
 exists (
	select 1 from dbo.placementexposure with (nolock) where  placementexposure.respondentid = answers374821.id and placementexposure.surveyid = 374821 and placementexposure.placementid  in 
		(
			select element from surveyfiltergroupelements with(nolock) where typeid = 3 and filtergroupid in (727432)
		)
	)
))",-1,2025-10-30 10:37:22,24968941,null,374821,0,FALSE,TRUE,FALSE,391,null,FALSE,FALSE,TRUE,Creative,FALSE,FALSE,1,Creative:  Placement Location - Reels,null,2025-10-28 12:45:31,FALSE,FALSE,Answers374821,FALSE
247,2025-11-04 14:06:23,FALSE,FALSE,FALSE,-1,null,"(substring(Q233_4,2,1)='2')",-1,2001-01-01 0:00:00,22236023,null,374821,0,FALSE,FALSE,FALSE,5845,null,FALSE,FALSE,TRUE,Delivery Use - Use an app/website for on-demand or same day delivery,FALSE,FALSE,1,Delivery Use - Use an app/website for on-demand or same day delivery: Household Essentials,null,2025-02-07 13:46:48,FALSE,FALSE,Answers374821,FALSE
637,2025-11-04 14:06:23,FALSE,FALSE,FALSE,-1,null,(Q164 BETWEEN 35 AND 44),-1,2025-10-30 8:51:34,23041278,null,373075,0,FALSE,FALSE,FALSE,1620,null,FALSE,FALSE,TRUE,Age,FALSE,FALSE,1,Age: 35-44,null,2025-07-25 10:29:14,FALSE,FALSE,Answers373075,FALSE
418,2025-11-04 14:06:23,FALSE,FALSE,FALSE,-1,null,"(((
 exists (
	select 1 from dbo.bannerexposure with (nolock) where  bannerexposure.respondentid = answers372250.id and bannerexposure.surveyid = 372250 and bannerexposure.bannerid  in 
		(
			select cast(element as int) from surveyfiltergroupelements with(nolock) where typeid = 1 and filtergroupid in (594850)
		)
	)
 or 
 exists (
	select 1 from dbo.creativeexposure with (nolock) where  creativeexposure.respondentid = answers372250.id and creativeexposure.surveyid = 372250 and creativeexposure.creativeid  in 
		(
			select element from surveyfiltergroupelements with(nolock) where typeid = 2 and filtergroupid in (594850)
		)
	)
 or 
 exists (
	select 1 from dbo.placementexposure with (nolock) where  placementexposure.respondentid = answers372250.id and placementexposure.surveyid = 372250 and placementexposure.placementid  in 
		(
			select element from surveyfiltergroupelements with(nolock) where typeid = 3 and filtergroupid in (594850)
		)
	)
)) or ((id in (select respondentid from CachedFilterMatches where filterid=19275867)) AND ID NOT IN (SELECT ID FROM answers372250 WITH(NOLOCK) WHERE (id in (select respondentid from CachedFilterMatches where filterid=19235654))) AND ID NOT IN (SELECT ID FROM answers372250 WITH(NOLOCK) WHERE (id in (select respondentid from CachedFilterMatches where filterid=19237674))) AND ID NOT IN (SELECT ID FROM answers372250 WITH(NOLOCK) WHERE (id in (select respondentid from CachedFilterMatches where filterid=19275903))) AND ID NOT IN (SELECT ID FROM answers372250 WITH(NOLOCK) WHERE (id in (select respondentid from CachedFilterMatches where filterid=19375323))) AND ID NOT IN (SELECT ID FROM answers372250 WITH(NOLOCK) WHERE (id in (select respondentid from CachedFilterMatches where filterid=19235658))) AND ID NOT IN (SELECT ID FROM answers372250 WITH(NOLOCK) WHERE (id in (select respondentid from CachedFilterMatches where filterid=19888291))) AND ID NOT IN (SELECT ID FROM answers372250 WITH(NOLOCK) WHERE (id in (select respondentid from CachedFilterMatches where filterid=19888293))) AND ID NOT IN (SELECT ID FROM answers372250 WITH(NOLOCK) WHERE (id in (select respondentid from CachedFilterMatches where filterid=19409999))) AND ID NOT IN (SELECT ID FROM answers372250 WITH(NOLOCK) WHERE ((ID IN (13974)))) AND ID NOT IN (SELECT ID FROM answers372250 WITH(NOLOCK) WHERE (id in (select respondentid from CachedFilterMatches where filterid=20270982))) AND ID NOT IN (SELECT ID FROM answers372250 WITH(NOLOCK) WHERE (id in (select respondentid from CachedFilterMatches where filterid=19928495)))))",-1,2025-09-17 11:43:07,24345826,null,372250,0,FALSE,TRUE,FALSE,3628,null,FALSE,FALSE,TRUE,Creative 365581,FALSE,FALSE,0,Creative 365581: Creative Campaign - ALDI,null,2025-09-15 23:47:33,FALSE,FALSE,Answers372250,FALSE
285,2025-11-04 14:06:23,FALSE,FALSE,FALSE,-1,null,(Q235_5 in (1)),-1,2001-01-01 0:00:00,22228330,null,374821,0,FALSE,FALSE,FALSE,3265,null,FALSE,FALSE,TRUE,Past Brand Recency - Grubhub,FALSE,FALSE,1,Past Brand Recency - Grubhub: Once a week,null,2025-02-06 14:26:32,FALSE,FALSE,Answers374821,FALSE
312,2025-11-04 14:06:23,FALSE,FALSE,FALSE,-1,null,(Q4 = '12603704') or (Q2 like '%12603704%'),-1,2001-01-01 0:00:00,25033366,null,374821,0,FALSE,FALSE,FALSE,null,null,FALSE,FALSE,FALSE,Site All Hits,FALSE,FALSE,0,Site All Hits: Amazon (NL),null,2025-10-30 18:02:11,FALSE,FALSE,Answers374821,FALSE
853,2025-11-04 14:06:23,FALSE,FALSE,FALSE,-1,null,q4 in (select bannerid from adServerBanners where campaignid=78558 and site=25224) or (Q2 like '%12358574%' or Q2 like '%12358575%'),-1,2025-10-30 9:18:16,21280990,null,373075,0,FALSE,FALSE,FALSE,385,null,FALSE,FALSE,TRUE,Site All Hits,FALSE,FALSE,0,Site All Hits: Fubo.TV CTV (US),null,2025-10-23 9:54:36,FALSE,FALSE,Answers373075,FALSE
505,2025-11-04 14:06:23,FALSE,FALSE,FALSE,-1,null,(Q252_4 in (2)),-1,2025-06-11 11:24:39,21083214,null,372250,0,FALSE,FALSE,FALSE,5084,null,FALSE,FALSE,TRUE,Past Brand Recency - Amazon,FALSE,FALSE,1,Past Brand Recency - Amazon: Less than once a week,null,2025-05-15 18:03:58,FALSE,FALSE,Answers372250,FALSE
577,2025-11-04 14:06:23,FALSE,FALSE,FALSE,-1,null,"q4 in (select bannerid from adServerBanners where campaignid=72361 and site=11754) or ID IN (select id from answers372250 cross apply [SQL#].[String_Split4k](Q2, ',', 2) SplitTable cross apply [SQL#].[String_Split4k](SplitTable.SplitVal, '-', 2) bannerid where bannerid.SplitNum = 1 and bannerid.SplitVal in ( select value from dbo.surveyfilterelements WHERE surveyfilterelements.filterid=20870752 and type='in-clause' and surveyfilterelements.question='Q2' ) )",-1,2001-01-01 0:00:00,20870752,null,372250,0,FALSE,FALSE,FALSE,null,null,FALSE,FALSE,FALSE,Site All Hits,FALSE,FALSE,0,Site All Hits: Yahoo! (US),null,2025-10-18 22:12:09,FALSE,FALSE,Answers372250,FALSE
99,2025-11-04 14:06:23,TRUE,FALSE,FALSE,-1,null,"((
 exists (
	select 1 from dbo.bannerexposure with (nolock) where  bannerexposure.respondentid = answers374821.id and bannerexposure.surveyid = 374821 and bannerexposure.bannerid  in 
		(
			select cast(element as int) from surveyfiltergroupelements with(nolock) where typeid = 1 and filtergroupid in (727413)
		)
	)
 or 
 exists (
	select 1 from dbo.creativeexposure with (nolock) where  creativeexposure.respondentid = answers374821.id and creativeexposure.surveyid = 374821 and creativeexposure.creativeid  in 
		(
			select element from surveyfiltergroupelements with(nolock) where typeid = 2 and filtergroupid in (727413)
		)
	)
 or 
 exists (
	select 1 from dbo.placementexposure with (nolock) where  placementexposure.respondentid = answers374821.id and placementexposure.surveyid = 374821 and placementexposure.placementid  in 
		(
			select element from surveyfiltergroupelements with(nolock) where typeid = 3 and filtergroupid in (727413)
		)
	)
))",-1,2025-10-30 10:37:33,24968964,null,374821,0,FALSE,TRUE,FALSE,0,null,FALSE,FALSE,TRUE,Creative,FALSE,FALSE,1,Creative:  Placement Publisher - iHeart Radio,null,2025-10-28 12:45:38,FALSE,FALSE,Answers374821,FALSE
23,2025-11-04 14:06:23,TRUE,FALSE,FALSE,-1,null,"((
 exists (
	select 1 from dbo.bannerexposure with (nolock) where  bannerexposure.respondentid = answers374821.id and bannerexposure.surveyid = 374821 and bannerexposure.bannerid  in 
		(
			select cast(element as int) from surveyfiltergroupelements with(nolock) where typeid = 1 and filtergroupid in (727341)
		)
	)
 or 
 exists (
	select 1 from dbo.creativeexposure with (nolock) where  creativeexposure.respondentid = answers374821.id and creativeexposure.surveyid = 374821 and creativeexposure.creativeid  in 
		(
			select element from surveyfiltergroupelements with(nolock) where typeid = 2 and filtergroupid in (727341)
		)
	)
 or 
 exists (
	select 1 from dbo.placementexposure with (nolock) where  placementexposure.respondentid = answers374821.id and placementexposure.surveyid = 374821 and placementexposure.placementid  in 
		(
			select element from surveyfiltergroupelements with(nolock) where typeid = 3 and filtergroupid in (727341)
		)
	)
))",-1,2025-10-30 10:36:49,24968886,null,374821,0,FALSE,TRUE,FALSE,0,null,FALSE,FALSE,TRUE,Creative,FALSE,FALSE,1,Creative:  Creative Publisher - Activision Blizzard,null,2025-10-28 12:45:07,FALSE,FALSE,Answers374821,FALSE
768,2025-11-04 14:06:23,FALSE,FALSE,FALSE,-1,null,(Q3 between 4 and 9),-1,2025-10-30 9:18:09,21361297,null,373075,0,FALSE,FALSE,FALSE,606,null,FALSE,FALSE,TRUE,"Frequency (1, 2-3, 4-9, 10-19, 20+)",FALSE,FALSE,2,"Frequency (1, 2-3, 4-9, 10-19, 20+): 4-9",null,2024-11-21 15:19:49,FALSE,FALSE,Answers373075,FALSE
387,2025-11-04 14:06:23,FALSE,TRUE,FALSE,-1,null,(Q686>0) OR (Q253=0),-1,2025-10-29 17:58:06,24629945,null,374821,0,FALSE,FALSE,FALSE,6893,null,FALSE,FALSE,TRUE,TV Network,FALSE,FALSE,1,TV Network:COURTTV,null,2025-10-06 11:31:54,FALSE,FALSE,Answers374821,FALSE
171,2025-11-04 14:06:23,TRUE,FALSE,FALSE,-1,null,"((
 exists (
	select 1 from dbo.bannerexposure with (nolock) where  bannerexposure.respondentid = answers374821.id and bannerexposure.surveyid = 374821 and bannerexposure.bannerid  in 
		(
			select cast(element as int) from surveyfiltergroupelements with(nolock) where typeid = 1 and filtergroupid in (727298)
		)
	)
 or 
 exists (
	select 1 from dbo.creativeexposure with (nolock) where  creativeexposure.respondentid = answers374821.id and creativeexposure.surveyid = 374821 and creativeexposure.creativeid  in 
		(
			select element from surveyfiltergroupelements with(nolock) where typeid = 2 and filtergroupid in (727298)
		)
	)
 or 
 exists (
	select 1 from dbo.placementexposure with (nolock) where  placementexposure.respondentid = answers374821.id and placementexposure.surveyid = 374821 and placementexposure.placementid  in 
		(
			select element from surveyfiltergroupelements with(nolock) where typeid = 3 and filtergroupid in (727298)
		)
	)
))",-1,2025-10-30 10:38:24,24969037,null,374821,0,FALSE,TRUE,FALSE,1,null,FALSE,FALSE,TRUE,Creative,FALSE,FALSE,1,Creative:  Size/Length - 1200x100,null,2025-10-28 12:45:48,FALSE,FALSE,Answers374821,FALSE
394,2025-11-04 14:06:23,FALSE,FALSE,FALSE,-1,null,"(substring(Q257,1,1)='2')",-1,2025-06-11 11:15:36,21081505,null,372250,0,FALSE,FALSE,FALSE,9706,null,FALSE,FALSE,TRUE,Activity,FALSE,FALSE,0,Activity: Played video games on your PC or video game console,null,2025-05-15 18:03:56,FALSE,FALSE,Answers372250,FALSE
116,2025-11-04 14:06:23,TRUE,FALSE,FALSE,-1,null,"((
 exists (
	select 1 from dbo.bannerexposure with (nolock) where  bannerexposure.respondentid = answers374821.id and bannerexposure.surveyid = 374821 and bannerexposure.bannerid  in 
		(
			select cast(element as int) from surveyfiltergroupelements with(nolock) where typeid = 1 and filtergroupid in (727401)
		)
	)
 or 
 exists (
	select 1 from dbo.creativeexposure with (nolock) where  creativeexposure.respondentid = answers374821.id and creativeexposure.surveyid = 374821 and creativeexposure.creativeid  in 
		(
			select element from surveyfiltergroupelements with(nolock) where typeid = 2 and filtergroupid in (727401)
		)
	)
 or 
 exists (
	select 1 from dbo.placementexposure with (nolock) where  placementexposure.respondentid = answers374821.id and placementexposure.surveyid = 374821 and placementexposure.placementid  in 
		(
			select element from surveyfiltergroupelements with(nolock) where typeid = 3 and filtergroupid in (727401)
		)
	)
))",-1,2025-10-30 10:37:41,24968981,null,374821,0,FALSE,TRUE,FALSE,5,null,FALSE,FALSE,TRUE,Creative,FALSE,FALSE,1,Creative:  Placement Publisher - Pandora Connected Home (US),null,2025-10-28 12:45:41,FALSE,FALSE,Answers374821,FALSE
504,2025-11-04 14:06:23,FALSE,FALSE,FALSE,-1,null,(Q252_4 in (3)),-1,2025-06-11 11:24:39,21083215,null,372250,0,FALSE,FALSE,FALSE,2547,null,FALSE,FALSE,TRUE,Past Brand Recency - Amazon,FALSE,FALSE,1,Past Brand Recency - Amazon: I did not use in the past 30 days,null,2025-05-15 18:03:58,FALSE,FALSE,Answers372250,FALSE
841,2025-11-04 14:06:23,FALSE,FALSE,FALSE,-1,null,q4 in (select bannerid from adServerBanners where campaignid=78558 and site=24254) or (Q2 like '%12594105%' or Q2 like '%12693134%'),-1,2025-10-30 9:18:15,25000304,null,373075,0,FALSE,FALSE,FALSE,0,null,FALSE,FALSE,FALSE,Site All Hits,FALSE,FALSE,0,Site All Hits: Amazon Mobile (MX),null,2025-10-29 14:12:14,FALSE,FALSE,Answers373075,FALSE
98,2025-11-04 14:06:23,TRUE,FALSE,FALSE,-1,null,"((
 exists (
	select 1 from dbo.bannerexposure with (nolock) where  bannerexposure.respondentid = answers374821.id and bannerexposure.surveyid = 374821 and bannerexposure.bannerid  in 
		(
			select cast(element as int) from surveyfiltergroupelements with(nolock) where typeid = 1 and filtergroupid in (727262)
		)
	)
 or 
 exists (
	select 1 from dbo.creativeexposure with (nolock) where  creativeexposure.respondentid = answers374821.id and creativeexposure.surveyid = 374821 and creativeexposure.creativeid  in 
		(
			select element from surveyfiltergroupelements with(nolock) where typeid = 2 and filtergroupid in (727262)
		)
	)
 or 
 exists (
	select 1 from dbo.placementexposure with (nolock) where  placementexposure.respondentid = answers374821.id and placementexposure.surveyid = 374821 and placementexposure.placementid  in 
		(
			select element from surveyfiltergroupelements with(nolock) where typeid = 3 and filtergroupid in (727262)
		)
	)
))",-1,2025-10-30 10:37:32,24968963,null,374821,0,FALSE,TRUE,FALSE,738,null,FALSE,FALSE,TRUE,Creative,FALSE,FALSE,1,Creative:  Placement Publisher - iHeart Podcast (US),null,2025-10-28 12:45:38,FALSE,FALSE,Answers374821,FALSE
511,2025-11-04 14:06:23,FALSE,FALSE,FALSE,-1,null,(Q252_1 in (0)),-1,2025-06-11 11:24:39,21081616,null,372250,0,FALSE,FALSE,FALSE,5162,null,FALSE,FALSE,TRUE,Past Brand Recency - DoorDash,FALSE,FALSE,0,Past Brand Recency - DoorDash: Several times a week,null,2025-05-15 18:03:55,FALSE,FALSE,Answers372250,FALSE
52,2025-11-04 14:06:23,TRUE,FALSE,FALSE,-1,null,"((
 exists (
	select 1 from dbo.bannerexposure with (nolock) where  bannerexposure.respondentid = answers374821.id and bannerexposure.surveyid = 374821 and bannerexposure.bannerid  in 
		(
			select cast(element as int) from surveyfiltergroupelements with(nolock) where typeid = 1 and filtergroupid in (727354)
		)
	)
 or 
 exists (
	select 1 from dbo.creativeexposure with (nolock) where  creativeexposure.respondentid = answers374821.id and creativeexposure.surveyid = 374821 and creativeexposure.creativeid  in 
		(
			select element from surveyfiltergroupelements with(nolock) where typeid = 2 and filtergroupid in (727354)
		)
	)
 or 
 exists (
	select 1 from dbo.placementexposure with (nolock) where  placementexposure.respondentid = answers374821.id and placementexposure.surveyid = 374821 and placementexposure.placementid  in 
		(
			select element from surveyfiltergroupelements with(nolock) where typeid = 3 and filtergroupid in (727354)
		)
	)
))",-1,2025-10-30 10:37:17,24968917,null,374821,0,FALSE,TRUE,FALSE,0,null,FALSE,FALSE,TRUE,Creative,FALSE,FALSE,1,"Creative:  Creative Publisher - Peacock, Tubi ",null,2025-10-28 12:45:22,FALSE,FALSE,Answers374821,FALSE
3,2025-11-04 14:06:23,FALSE,FALSE,FALSE,-1,null,"(1=1) and (substring(Q241,3,1)='2')",-1,2025-10-30 8:43:58,22228352,null,374821,0,FALSE,FALSE,FALSE,11455,null,FALSE,FALSE,TRUE,Activity,FALSE,FALSE,1,"Activity: Streamed music (e.g. Spotify, Pandora, Apple Music)",null,2025-02-06 14:26:32,FALSE,FALSE,Answers374821,FALSE
280,2025-11-04 14:06:23,FALSE,FALSE,FALSE,-1,null,(Q235_1 in (2)),-1,2001-01-01 0:00:00,22228315,null,374821,0,FALSE,FALSE,FALSE,3070,null,FALSE,FALSE,TRUE,Past Brand Recency - DoorDash,FALSE,FALSE,1,Past Brand Recency - DoorDash: Less than once a week,null,2025-02-06 14:26:32,FALSE,FALSE,Answers374821,FALSE
503,2025-11-04 14:06:23,FALSE,FALSE,FALSE,-1,null,(Q247=0),-1,2025-06-11 11:21:44,21081612,null,372250,0,FALSE,FALSE,FALSE,8803,null,FALSE,FALSE,TRUE,Last Delivery,FALSE,FALSE,0,Last Delivery: Within the past week,null,2025-05-15 18:03:56,FALSE,FALSE,Answers372250,FALSE
142,2025-11-04 14:06:23,TRUE,FALSE,FALSE,-1,null,"((
 exists (
	select 1 from dbo.bannerexposure with (nolock) where  bannerexposure.respondentid = answers374821.id and bannerexposure.surveyid = 374821 and bannerexposure.bannerid  in 
		(
			select cast(element as int) from surveyfiltergroupelements with(nolock) where typeid = 1 and filtergroupid in (727395)
		)
	)
 or 
 exists (
	select 1 from dbo.creativeexposure with (nolock) where  creativeexposure.respondentid = answers374821.id and creativeexposure.surveyid = 374821 and creativeexposure.creativeid  in 
		(
			select element from surveyfiltergroupelements with(nolock) where typeid = 2 and filtergroupid in (727395)
		)
	)
 or 
 exists (
	select 1 from dbo.placementexposure with (nolock) where  placementexposure.respondentid = answers374821.id and placementexposure.surveyid = 374821 and placementexposure.placementid  in 
		(
			select element from surveyfiltergroupelements with(nolock) where typeid = 3 and filtergroupid in (727395)
		)
	)
))",-1,2025-10-30 10:37:53,24969007,null,374821,0,FALSE,TRUE,FALSE,537,null,FALSE,FALSE,TRUE,Creative,FALSE,FALSE,1,Creative:  Placement Publisher - YouTube DV360 Served (ADH),null,2025-10-28 12:45:45,FALSE,FALSE,Answers374821,FALSE
821,2025-11-04 14:06:23,FALSE,FALSE,FALSE,-1,null,q4 in (select bannerid from adServerBanners where campaignid=78558 and site=25485) or (Q2 like '%12616080%' or Q2 like '%12690014%'),-1,2025-10-30 9:18:14,25000316,null,373075,0,FALSE,FALSE,FALSE,0,null,FALSE,FALSE,FALSE,Site All Hits,FALSE,FALSE,0,Site All Hits: Amazon (AU),null,2025-10-29 14:12:14,FALSE,FALSE,Answers373075,FALSE
67,2025-11-04 14:06:23,TRUE,FALSE,FALSE,-1,null,"((
 exists (
	select 1 from dbo.bannerexposure with (nolock) where  bannerexposure.respondentid = answers374821.id and bannerexposure.surveyid = 374821 and bannerexposure.bannerid  in 
		(
			select cast(element as int) from surveyfiltergroupelements with(nolock) where typeid = 1 and filtergroupid in (727209)
		)
	)
 or 
 exists (
	select 1 from dbo.creativeexposure with (nolock) where  creativeexposure.respondentid = answers374821.id and creativeexposure.surveyid = 374821 and creativeexposure.creativeid  in 
		(
			select element from surveyfiltergroupelements with(nolock) where typeid = 2 and filtergroupid in (727209)
		)
	)
 or 
 exists (
	select 1 from dbo.placementexposure with (nolock) where  placementexposure.respondentid = answers374821.id and placementexposure.surveyid = 374821 and placementexposure.placementid  in 
		(
			select element from surveyfiltergroupelements with(nolock) where typeid = 3 and filtergroupid in (727209)
		)
	)
))",-1,2025-10-30 10:37:13,24968932,null,374821,0,FALSE,TRUE,FALSE,5955,null,FALSE,FALSE,TRUE,Creative,FALSE,FALSE,1,Creative:  Format - DIS,null,2025-10-28 12:45:28,FALSE,FALSE,Answers374821,FALSE
287,2025-11-04 14:06:23,FALSE,FALSE,FALSE,-1,null,(Q235_3 in (3)),-1,2001-01-01 0:00:00,22228324,null,374821,0,FALSE,FALSE,FALSE,2284,null,FALSE,FALSE,TRUE,Past Brand Recency - Instacart,FALSE,FALSE,1,Past Brand Recency - Instacart: I did not use in the past 30 days,null,2025-02-06 14:26:32,FALSE,FALSE,Answers374821,FALSE
138,2025-11-04 14:06:23,TRUE,FALSE,FALSE,-1,null,"((
 exists (
	select 1 from dbo.bannerexposure with (nolock) where  bannerexposure.respondentid = answers374821.id and bannerexposure.surveyid = 374821 and bannerexposure.bannerid  in 
		(
			select cast(element as int) from surveyfiltergroupelements with(nolock) where typeid = 1 and filtergroupid in (727410)
		)
	)
 or 
 exists (
	select 1 from dbo.creativeexposure with (nolock) where  creativeexposure.respondentid = answers374821.id and creativeexposure.surveyid = 374821 and creativeexposure.creativeid  in 
		(
			select element from surveyfiltergroupelements with(nolock) where typeid = 2 and filtergroupid in (727410)
		)
	)
 or 
 exists (
	select 1 from dbo.placementexposure with (nolock) where  placementexposure.respondentid = answers374821.id and placementexposure.surveyid = 374821 and placementexposure.placementid  in 
		(
			select element from surveyfiltergroupelements with(nolock) where typeid = 3 and filtergroupid in (727410)
		)
	)
))",-1,2025-10-30 10:37:51,24969003,null,374821,0,FALSE,TRUE,FALSE,567,null,FALSE,FALSE,TRUE,Creative,FALSE,FALSE,1,Creative:  Placement Publisher - VEVO,null,2025-10-28 12:45:44,FALSE,FALSE,Answers374821,FALSE
128,2025-11-04 14:06:23,TRUE,FALSE,FALSE,-1,null,"((
 exists (
	select 1 from dbo.bannerexposure with (nolock) where  bannerexposure.respondentid = answers374821.id and bannerexposure.surveyid = 374821 and bannerexposure.bannerid  in 
		(
			select cast(element as int) from surveyfiltergroupelements with(nolock) where typeid = 1 and filtergroupid in (727258)
		)
	)
 or 
 exists (
	select 1 from dbo.creativeexposure with (nolock) where  creativeexposure.respondentid = answers374821.id and creativeexposure.surveyid = 374821 and creativeexposure.creativeid  in 
		(
			select element from surveyfiltergroupelements with(nolock) where typeid = 2 and filtergroupid in (727258)
		)
	)
 or 
 exists (
	select 1 from dbo.placementexposure with (nolock) where  placementexposure.respondentid = answers374821.id and placementexposure.surveyid = 374821 and placementexposure.placementid  in 
		(
			select element from surveyfiltergroupelements with(nolock) where typeid = 3 and filtergroupid in (727258)
		)
	)
))",-1,2025-10-30 10:37:49,24968993,null,374821,0,FALSE,TRUE,FALSE,31,null,FALSE,FALSE,TRUE,Creative,FALSE,FALSE,1,Creative:  Placement Publisher - Soundcloud Mobile (US),null,2025-10-28 12:45:43,FALSE,FALSE,Answers374821,FALSE
191,2025-11-04 14:06:23,TRUE,FALSE,FALSE,-1,null,"((
 exists (
	select 1 from dbo.bannerexposure with (nolock) where  bannerexposure.respondentid = answers374821.id and bannerexposure.surveyid = 374821 and bannerexposure.bannerid  in 
		(
			select cast(element as int) from surveyfiltergroupelements with(nolock) where typeid = 1 and filtergroupid in (727232)
		)
	)
 or 
 exists (
	select 1 from dbo.creativeexposure with (nolock) where  creativeexposure.respondentid = answers374821.id and creativeexposure.surveyid = 374821 and creativeexposure.creativeid  in 
		(
			select element from surveyfiltergroupelements with(nolock) where typeid = 2 and filtergroupid in (727232)
		)
	)
 or 
 exists (
	select 1 from dbo.placementexposure with (nolock) where  placementexposure.respondentid = answers374821.id and placementexposure.surveyid = 374821 and placementexposure.placementid  in 
		(
			select element from surveyfiltergroupelements with(nolock) where typeid = 3 and filtergroupid in (727232)
		)
	)
))",-1,2025-10-30 10:38:21,24969057,null,374821,0,FALSE,TRUE,FALSE,13,null,FALSE,FALSE,TRUE,Creative,FALSE,FALSE,1,Creative:  Size/Length - 640x100,null,2025-10-28 12:45:50,FALSE,FALSE,Answers374821,FALSE
64,2025-11-04 14:06:23,TRUE,FALSE,FALSE,-1,null,"((
 exists (
	select 1 from dbo.bannerexposure with (nolock) where  bannerexposure.respondentid = answers374821.id and bannerexposure.surveyid = 374821 and bannerexposure.bannerid  in 
		(
			select cast(element as int) from surveyfiltergroupelements with(nolock) where typeid = 1 and filtergroupid in (727317)
		)
	)
 or 
 exists (
	select 1 from dbo.creativeexposure with (nolock) where  creativeexposure.respondentid = answers374821.id and creativeexposure.surveyid = 374821 and creativeexposure.creativeid  in 
		(
			select element from surveyfiltergroupelements with(nolock) where typeid = 2 and filtergroupid in (727317)
		)
	)
 or 
 exists (
	select 1 from dbo.placementexposure with (nolock) where  placementexposure.respondentid = answers374821.id and placementexposure.surveyid = 374821 and placementexposure.placementid  in 
		(
			select element from surveyfiltergroupelements with(nolock) where typeid = 3 and filtergroupid in (727317)
		)
	)
))",-1,2025-10-30 10:37:11,24968929,null,374821,0,FALSE,TRUE,FALSE,537,null,FALSE,FALSE,TRUE,Creative,FALSE,FALSE,1,Creative:  Creative Publisher - YouTube DV360 Served (ADH),null,2025-10-28 12:45:27,FALSE,FALSE,Answers374821,FALSE
74,2025-11-04 14:06:23,TRUE,FALSE,FALSE,-1,null,"((
 exists (
	select 1 from dbo.bannerexposure with (nolock) where  bannerexposure.respondentid = answers374821.id and bannerexposure.surveyid = 374821 and bannerexposure.bannerid  in 
		(
			select cast(element as int) from surveyfiltergroupelements with(nolock) where typeid = 1 and filtergroupid in (727436)
		)
	)
 or 
 exists (
	select 1 from dbo.creativeexposure with (nolock) where  creativeexposure.respondentid = answers374821.id and creativeexposure.surveyid = 374821 and creativeexposure.creativeid  in 
		(
			select element from surveyfiltergroupelements with(nolock) where typeid = 2 and filtergroupid in (727436)
		)
	)
 or 
 exists (
	select 1 from dbo.placementexposure with (nolock) where  placementexposure.respondentid = answers374821.id and placementexposure.surveyid = 374821 and placementexposure.placementid  in 
		(
			select element from surveyfiltergroupelements with(nolock) where typeid = 3 and filtergroupid in (727436)
		)
	)
))",-1,2025-10-30 10:37:22,24968939,null,374821,0,FALSE,TRUE,FALSE,86,null,FALSE,FALSE,TRUE,Creative,FALSE,FALSE,1,Creative:  Placement Location - Explore,null,2025-10-28 12:45:31,FALSE,FALSE,Answers374821,FALSE
159,2025-11-04 14:06:23,TRUE,FALSE,FALSE,-1,null,"((
 exists (
	select 1 from dbo.bannerexposure with (nolock) where  bannerexposure.respondentid = answers374821.id and bannerexposure.surveyid = 374821 and bannerexposure.bannerid  in 
		(
			select cast(element as int) from surveyfiltergroupelements with(nolock) where typeid = 1 and filtergroupid in (727420)
		)
	)
 or 
 exists (
	select 1 from dbo.creativeexposure with (nolock) where  creativeexposure.respondentid = answers374821.id and creativeexposure.surveyid = 374821 and creativeexposure.creativeid  in 
		(
			select element from surveyfiltergroupelements with(nolock) where typeid = 2 and filtergroupid in (727420)
		)
	)
 or 
 exists (
	select 1 from dbo.placementexposure with (nolock) where  placementexposure.respondentid = answers374821.id and placementexposure.surveyid = 374821 and placementexposure.placementid  in 
		(
			select element from surveyfiltergroupelements with(nolock) where typeid = 3 and filtergroupid in (727420)
		)
	)
))",-1,2025-10-30 10:38:02,24969024,null,374821,0,FALSE,TRUE,FALSE,12,null,FALSE,FALSE,TRUE,Creative,FALSE,FALSE,1,Creative:  Placement Targeting Tactic - Keyword,null,2025-10-28 12:45:46,FALSE,FALSE,Answers374821,FALSE
813,2025-11-04 14:06:23,FALSE,FALSE,FALSE,-1,null,(Q264_2 in (2)),-1,2025-10-30 9:18:12,21587572,null,373075,0,FALSE,FALSE,FALSE,748,null,FALSE,FALSE,TRUE,Past Brand Recency - Uber Eats,FALSE,FALSE,1,Past Brand Recency - Uber Eats: Less than once a week,null,2024-12-05 11:40:05,FALSE,FALSE,Answers373075,FALSE
130,2025-11-04 14:06:23,TRUE,FALSE,FALSE,-1,null,"((
 exists (
	select 1 from dbo.bannerexposure with (nolock) where  bannerexposure.respondentid = answers374821.id and bannerexposure.surveyid = 374821 and bannerexposure.bannerid  in 
		(
			select cast(element as int) from surveyfiltergroupelements with(nolock) where typeid = 1 and filtergroupid in (727283)
		)
	)
 or 
 exists (
	select 1 from dbo.creativeexposure with (nolock) where  creativeexposure.respondentid = answers374821.id and creativeexposure.surveyid = 374821 and creativeexposure.creativeid  in 
		(
			select element from surveyfiltergroupelements with(nolock) where typeid = 2 and filtergroupid in (727283)
		)
	)
 or 
 exists (
	select 1 from dbo.placementexposure with (nolock) where  placementexposure.respondentid = answers374821.id and placementexposure.surveyid = 374821 and placementexposure.placementid  in 
		(
			select element from surveyfiltergroupelements with(nolock) where typeid = 3 and filtergroupid in (727283)
		)
	)
))",-1,2025-10-30 10:37:49,24968995,null,374821,0,FALSE,TRUE,FALSE,598,null,FALSE,FALSE,TRUE,Creative,FALSE,FALSE,1,Creative:  Placement Publisher - Spotify Podcast (US),null,2025-10-28 12:45:43,FALSE,FALSE,Answers374821,FALSE
781,2025-11-04 14:06:23,FALSE,FALSE,FALSE,-1,null,(1=1) and (Q267=0),-1,2025-10-30 9:18:09,21583715,null,373075,0,FALSE,FALSE,FALSE,2177,null,FALSE,FALSE,TRUE,Gender,FALSE,FALSE,1,Gender: Male,null,2024-12-05 9:23:50,FALSE,FALSE,Answers373075,FALSE
66,2025-11-04 14:06:23,TRUE,FALSE,FALSE,-1,null,"((
 exists (
	select 1 from dbo.bannerexposure with (nolock) where  bannerexposure.respondentid = answers374821.id and bannerexposure.surveyid = 374821 and bannerexposure.bannerid  in 
		(
			select cast(element as int) from surveyfiltergroupelements with(nolock) where typeid = 1 and filtergroupid in (727243)
		)
	)
 or 
 exists (
	select 1 from dbo.creativeexposure with (nolock) where  creativeexposure.respondentid = answers374821.id and creativeexposure.surveyid = 374821 and creativeexposure.creativeid  in 
		(
			select element from surveyfiltergroupelements with(nolock) where typeid = 2 and filtergroupid in (727243)
		)
	)
 or 
 exists (
	select 1 from dbo.placementexposure with (nolock) where  placementexposure.respondentid = answers374821.id and placementexposure.surveyid = 374821 and placementexposure.placementid  in 
		(
			select element from surveyfiltergroupelements with(nolock) where typeid = 3 and filtergroupid in (727243)
		)
	)
))",-1,2025-10-30 10:37:12,24968931,null,374821,0,FALSE,TRUE,FALSE,0,null,FALSE,FALSE,TRUE,Creative,FALSE,FALSE,1,Creative:  Format - CUS,null,2025-10-28 12:45:27,FALSE,FALSE,Answers374821,FALSE
809,2025-11-04 14:06:23,FALSE,FALSE,FALSE,-1,null,(Q264_3 in (2)),-1,2025-10-30 9:18:11,21587576,null,373075,0,FALSE,FALSE,FALSE,531,null,FALSE,FALSE,TRUE,Past Brand Recency - Instacart,FALSE,FALSE,1,Past Brand Recency - Instacart: Less than once a week,null,2024-12-05 11:40:05,FALSE,FALSE,Answers373075,FALSE
56,2025-11-04 14:06:23,TRUE,FALSE,FALSE,-1,null,"((
 exists (
	select 1 from dbo.bannerexposure with (nolock) where  bannerexposure.respondentid = answers374821.id and bannerexposure.surveyid = 374821 and bannerexposure.bannerid  in 
		(
			select cast(element as int) from surveyfiltergroupelements with(nolock) where typeid = 1 and filtergroupid in (727335)
		)
	)
 or 
 exists (
	select 1 from dbo.creativeexposure with (nolock) where  creativeexposure.respondentid = answers374821.id and creativeexposure.surveyid = 374821 and creativeexposure.creativeid  in 
		(
			select element from surveyfiltergroupelements with(nolock) where typeid = 2 and filtergroupid in (727335)
		)
	)
 or 
 exists (
	select 1 from dbo.placementexposure with (nolock) where  placementexposure.respondentid = answers374821.id and placementexposure.surveyid = 374821 and placementexposure.placementid  in 
		(
			select element from surveyfiltergroupelements with(nolock) where typeid = 3 and filtergroupid in (727335)
		)
	)
))",-1,2025-10-30 10:37:20,24968921,null,374821,0,FALSE,TRUE,FALSE,0,null,FALSE,FALSE,TRUE,Creative,FALSE,FALSE,1,Creative:  Creative Publisher - RTS.gg,null,2025-10-28 12:45:24,FALSE,FALSE,Answers374821,FALSE
35,2025-11-04 14:06:23,TRUE,FALSE,FALSE,-1,null,"((
 exists (
	select 1 from dbo.bannerexposure with (nolock) where  bannerexposure.respondentid = answers374821.id and bannerexposure.surveyid = 374821 and bannerexposure.bannerid  in 
		(
			select cast(element as int) from surveyfiltergroupelements with(nolock) where typeid = 1 and filtergroupid in (727352)
		)
	)
 or 
 exists (
	select 1 from dbo.creativeexposure with (nolock) where  creativeexposure.respondentid = answers374821.id and creativeexposure.surveyid = 374821 and creativeexposure.creativeid  in 
		(
			select element from surveyfiltergroupelements with(nolock) where typeid = 2 and filtergroupid in (727352)
		)
	)
 or 
 exists (
	select 1 from dbo.placementexposure with (nolock) where  placementexposure.respondentid = answers374821.id and placementexposure.surveyid = 374821 and placementexposure.placementid  in 
		(
			select element from surveyfiltergroupelements with(nolock) where typeid = 3 and filtergroupid in (727352)
		)
	)
))",-1,2025-10-30 10:36:53,24968899,null,374821,0,FALSE,TRUE,FALSE,0,null,FALSE,FALSE,TRUE,Creative,FALSE,FALSE,1,Creative:  Creative Publisher - GoodKarmaBrands,null,2025-10-28 12:45:13,FALSE,FALSE,Answers374821,FALSE
279,2025-11-04 14:06:23,FALSE,FALSE,FALSE,-1,null,(Q235_1 in (3)),-1,2001-01-01 0:00:00,22228316,null,374821,0,FALSE,FALSE,FALSE,2654,null,FALSE,FALSE,TRUE,Past Brand Recency - DoorDash,FALSE,FALSE,1,Past Brand Recency - DoorDash: I did not use in the past 30 days,null,2025-02-06 14:26:32,FALSE,FALSE,Answers374821,FALSE
227,2025-11-04 14:06:23,FALSE,FALSE,FALSE,-1,null,(Q200_1 in (1)),-1,2001-01-01 0:00:00,22358841,null,374821,0,FALSE,FALSE,FALSE,5037,null,FALSE,FALSE,TRUE,DashPass Use,FALSE,FALSE,1,DashPass Use: Used in the past but do not use now,null,2025-03-05 8:58:01,FALSE,FALSE,Answers374821,FALSE
732,2025-11-04 14:06:23,FALSE,FALSE,FALSE,-1,null,"(1=1) and (substring(Q256,3,1)='2')",-1,2025-10-30 9:18:05,21583704,null,373075,0,FALSE,FALSE,FALSE,2947,null,FALSE,FALSE,TRUE,Delivery Category,FALSE,FALSE,1,"Delivery Category: Personal Care &amp; Beauty (e.g., cosmetics/makeup, bath and body, skincare, feminine care, etc.)",null,2024-12-05 9:23:50,FALSE,FALSE,Answers373075,FALSE
235,2025-11-04 14:06:23,FALSE,FALSE,FALSE,-1,null,"(1=1) and (substring(Q232,5,1)='2')",-1,2001-01-01 0:00:00,22228255,null,374821,0,FALSE,FALSE,FALSE,5875,null,FALSE,FALSE,TRUE,Delivery Item,FALSE,FALSE,1,"Delivery Item: Flowers (e.g., bouquets, flowers, potted plants, etc.)",null,2025-02-06 14:26:32,FALSE,FALSE,Answers374821,FALSE
797,2025-11-04 14:06:23,FALSE,FALSE,FALSE,-1,null,(Q264_4 in (2)),-1,2025-10-30 9:18:10,21587580,null,373075,0,FALSE,FALSE,FALSE,1005,null,FALSE,FALSE,TRUE,Past Brand Recency - Amazon,FALSE,FALSE,1,Past Brand Recency - Amazon: Less than once a week,null,2024-12-05 11:40:05,FALSE,FALSE,Answers373075,FALSE
428,2025-11-04 14:06:23,FALSE,FALSE,FALSE,-1,null,"(substring(Q249,5,1)='2')",-1,2025-06-11 11:15:44,21081562,null,372250,0,FALSE,FALSE,FALSE,5916,null,FALSE,FALSE,TRUE,Delivery Item,FALSE,FALSE,0,"Delivery Item: Flowers (e.g., bouquets, flowers, potted plants, etc.)",null,2025-05-15 18:03:57,FALSE,FALSE,Answers372250,FALSE
215,2025-11-04 14:06:23,TRUE,FALSE,FALSE,-1,null,"((
 exists (
	select 1 from dbo.bannerexposure with (nolock) where  bannerexposure.respondentid = answers374821.id and bannerexposure.surveyid = 374821 and bannerexposure.bannerid  in 
		(
			select cast(element as int) from surveyfiltergroupelements with(nolock) where typeid = 1 and filtergroupid in (727263)
		)
	)
 or 
 exists (
	select 1 from dbo.creativeexposure with (nolock) where  creativeexposure.respondentid = answers374821.id and creativeexposure.surveyid = 374821 and creativeexposure.creativeid  in 
		(
			select element from surveyfiltergroupelements with(nolock) where typeid = 2 and filtergroupid in (727263)
		)
	)
 or 
 exists (
	select 1 from dbo.placementexposure with (nolock) where  placementexposure.respondentid = answers374821.id and placementexposure.surveyid = 374821 and placementexposure.placementid  in 
		(
			select element from surveyfiltergroupelements with(nolock) where typeid = 3 and filtergroupid in (727263)
		)
	)
))",-1,2025-10-30 10:38:44,24969080,null,374821,0,FALSE,TRUE,FALSE,1799,null,FALSE,FALSE,TRUE,Creative,FALSE,FALSE,1,Creative:  Theme - Mother's Day,null,2025-10-28 12:45:53,FALSE,FALSE,Answers374821,FALSE
267,2025-11-04 14:06:23,FALSE,FALSE,FALSE,-1,null,(1=1) and (Q230=1),-1,2001-01-01 0:00:00,22228239,null,374821,0,FALSE,FALSE,FALSE,4781,null,FALSE,FALSE,TRUE,Last Delivery,FALSE,FALSE,1,Last Delivery: Within the past 1-2 weeks,null,2025-02-06 14:26:32,FALSE,FALSE,Answers374821,FALSE
223,2025-11-04 14:06:23,TRUE,FALSE,FALSE,-1,null,"((
 exists (
	select 1 from dbo.bannerexposure with (nolock) where  bannerexposure.respondentid = answers374821.id and bannerexposure.surveyid = 374821 and bannerexposure.bannerid  in 
		(
			select cast(element as int) from surveyfiltergroupelements with(nolock) where typeid = 1 and filtergroupid in (727239)
		)
	)
 or 
 exists (
	select 1 from dbo.creativeexposure with (nolock) where  creativeexposure.respondentid = answers374821.id and creativeexposure.surveyid = 374821 and creativeexposure.creativeid  in 
		(
			select element from surveyfiltergroupelements with(nolock) where typeid = 2 and filtergroupid in (727239)
		)
	)
 or 
 exists (
	select 1 from dbo.placementexposure with (nolock) where  placementexposure.respondentid = answers374821.id and placementexposure.surveyid = 374821 and placementexposure.placementid  in 
		(
			select element from surveyfiltergroupelements with(nolock) where typeid = 3 and filtergroupid in (727239)
		)
	)
))",-1,2025-10-30 10:38:39,24969089,null,374821,0,FALSE,TRUE,FALSE,2603,null,FALSE,FALSE,TRUE,Creative,FALSE,FALSE,1,Creative:  Theme - Valentine's Day,null,2025-10-28 12:45:54,FALSE,FALSE,Answers374821,FALSE
593,2025-11-04 14:06:23,FALSE,FALSE,FALSE,-1,null,(1=1) and (Q261=1),-1,2025-06-11 11:29:38,23445342,null,372250,0,FALSE,FALSE,FALSE,1097,null,FALSE,FALSE,TRUE,Super Bowl Viewing Recency,FALSE,FALSE,1,Super Bowl Viewing Recency: Past 8-14 days,null,2025-06-05 11:44:12,FALSE,FALSE,Answers372250,FALSE
384,2025-11-04 14:06:23,FALSE,FALSE,FALSE,-1,null,"
           ID IN (
           select distinct id from answers374821 with(nolock)
                cross apply [dbo].[splitstring](ISNULL(Q127, '') , ',') callsign
                where callsign.Value in 
                             (
                             select Value
                             from dbo.surveyfilterelements 
                             WHERE surveyfilterelements.filterid=24446192
                             and type='in-clause' and surveyfilterelements.question='Q127'
                             )
                            )",-1,2001-01-01 0:00:00,24446192,null,374821,0,FALSE,FALSE,TRUE,null,null,FALSE,FALSE,FALSE,TV Network (All Hits),FALSE,FALSE,0,TV Network (All Hits): FanDuel Sports,null,2025-10-30 18:02:14,FALSE,FALSE,Answers374821,FALSE
225,2025-11-04 14:06:23,FALSE,FALSE,FALSE,-1,null,(Q200_1 in (2)),-1,2001-01-01 0:00:00,22358551,null,374821,0,FALSE,FALSE,FALSE,4497,null,FALSE,FALSE,TRUE,DashPass Use,FALSE,FALSE,1,DashPass Use: Heard of it but haven't used it,null,2025-03-05 7:59:32,FALSE,FALSE,Answers374821,FALSE
295,2025-11-04 14:06:23,FALSE,FALSE,FALSE,-1,null,(Q234_4 in (0)),-1,2001-01-01 0:00:00,22236479,null,374821,0,FALSE,FALSE,FALSE,19471,null,FALSE,FALSE,TRUE,Past Brand Usage,FALSE,FALSE,1,Past Brand Usage: Amazon,null,2025-02-07 14:11:10,FALSE,FALSE,Answers374821,FALSE
108,2025-11-04 14:06:23,TRUE,FALSE,FALSE,-1,null,"((
 exists (
	select 1 from dbo.bannerexposure with (nolock) where  bannerexposure.respondentid = answers374821.id and bannerexposure.surveyid = 374821 and bannerexposure.bannerid  in 
		(
			select cast(element as int) from surveyfiltergroupelements with(nolock) where typeid = 1 and filtergroupid in (727233)
		)
	)
 or 
 exists (
	select 1 from dbo.creativeexposure with (nolock) where  creativeexposure.respondentid = answers374821.id and creativeexposure.surveyid = 374821 and creativeexposure.creativeid  in 
		(
			select element from surveyfiltergroupelements with(nolock) where typeid = 2 and filtergroupid in (727233)
		)
	)
 or 
 exists (
	select 1 from dbo.placementexposure with (nolock) where  placementexposure.respondentid = answers374821.id and placementexposure.surveyid = 374821 and placementexposure.placementid  in 
		(
			select element from surveyfiltergroupelements with(nolock) where typeid = 3 and filtergroupid in (727233)
		)
	)
))",-1,2025-10-30 10:37:38,24968973,null,374821,0,FALSE,TRUE,FALSE,292,null,FALSE,FALSE,TRUE,Creative,FALSE,FALSE,1,Creative:  Placement Publisher - MSG (US),null,2025-10-28 12:45:39,FALSE,FALSE,Answers374821,FALSE
565,2025-11-04 14:06:23,FALSE,FALSE,FALSE,-1,null,q4 in (select bannerid from adServerBanners where campaignid=72361 and site=279) or (Q2 like '%12124928%'),-1,2025-09-17 12:02:40,20870717,null,372250,0,FALSE,FALSE,FALSE,7,null,FALSE,FALSE,FALSE,Site All Hits,FALSE,FALSE,0,Site All Hits: Pandora (US),null,2024-10-23 9:54:51,FALSE,FALSE,Answers372250,FALSE
406,2025-11-04 14:06:23,FALSE,FALSE,FALSE,-1,null,. . 21623792 . OR . . 21623793 .,-1,2025-06-11 11:15:38,21869397,null,372250,0,FALSE,FALSE,FALSE,24837,null,TRUE,FALSE,TRUE,Age (ALL),FALSE,FALSE,1,Age (ALL): 18+,null,2025-01-14 13:44:07,FALSE,FALSE,Answers372250,FALSE
120,2025-11-04 14:06:23,TRUE,FALSE,FALSE,-1,null,"((
 exists (
	select 1 from dbo.bannerexposure with (nolock) where  bannerexposure.respondentid = answers374821.id and bannerexposure.surveyid = 374821 and bannerexposure.bannerid  in 
		(
			select cast(element as int) from surveyfiltergroupelements with(nolock) where typeid = 1 and filtergroupid in (727405)
		)
	)
 or 
 exists (
	select 1 from dbo.creativeexposure with (nolock) where  creativeexposure.respondentid = answers374821.id and creativeexposure.surveyid = 374821 and creativeexposure.creativeid  in 
		(
			select element from surveyfiltergroupelements with(nolock) where typeid = 2 and filtergroupid in (727405)
		)
	)
 or 
 exists (
	select 1 from dbo.placementexposure with (nolock) where  placementexposure.respondentid = answers374821.id and placementexposure.surveyid = 374821 and placementexposure.placementid  in 
		(
			select element from surveyfiltergroupelements with(nolock) where typeid = 3 and filtergroupid in (727405)
		)
	)
))",-1,2025-10-30 10:37:45,24968985,null,374821,0,FALSE,TRUE,FALSE,0,null,FALSE,FALSE,TRUE,Creative,FALSE,FALSE,1,Creative:  Placement Publisher - Peacock TV,null,2025-10-28 12:45:42,FALSE,FALSE,Answers374821,FALSE
537,2025-11-04 14:06:23,FALSE,FALSE,FALSE,-1,null,"q4 in (select bannerid from adServerBanners where campaignid=72361 and site=120) or ID IN (select id from answers372250 cross apply [SQL#].[String_Split4k](Q2, ',', 2) SplitTable cross apply [SQL#].[String_Split4k](SplitTable.SplitVal, '-', 2) bannerid where bannerid.SplitNum = 1 and bannerid.SplitVal in ( select value from dbo.surveyfilterelements WHERE surveyfilterelements.filterid=20870803 and type='in-clause' and surveyfilterelements.question='Q2' ) )",-1,2001-01-01 0:00:00,20870803,null,372250,0,FALSE,FALSE,FALSE,null,null,FALSE,FALSE,FALSE,Site All Hits,FALSE,FALSE,0,Site All Hits: Billboard (US),null,2025-10-18 22:12:09,FALSE,FALSE,Answers372250,FALSE
86,2025-11-04 14:06:23,TRUE,FALSE,FALSE,-1,null,"((
 exists (
	select 1 from dbo.bannerexposure with (nolock) where  bannerexposure.respondentid = answers374821.id and bannerexposure.surveyid = 374821 and bannerexposure.bannerid  in 
		(
			select cast(element as int) from surveyfiltergroupelements with(nolock) where typeid = 1 and filtergroupid in (727381)
		)
	)
 or 
 exists (
	select 1 from dbo.creativeexposure with (nolock) where  creativeexposure.respondentid = answers374821.id and creativeexposure.surveyid = 374821 and creativeexposure.creativeid  in 
		(
			select element from surveyfiltergroupelements with(nolock) where typeid = 2 and filtergroupid in (727381)
		)
	)
 or 
 exists (
	select 1 from dbo.placementexposure with (nolock) where  placementexposure.respondentid = answers374821.id and placementexposure.surveyid = 374821 and placementexposure.placementid  in 
		(
			select element from surveyfiltergroupelements with(nolock) where typeid = 3 and filtergroupid in (727381)
		)
	)
))",-1,2025-10-30 10:37:28,24968951,null,374821,0,FALSE,TRUE,FALSE,1023,null,FALSE,FALSE,TRUE,Creative,FALSE,FALSE,1,Creative:  Placement Publisher - Bleacher Report,null,2025-10-28 12:45:34,FALSE,FALSE,Answers374821,FALSE
440,2025-11-04 14:06:23,FALSE,FALSE,FALSE,-1,null,"(substring(Q250_4,3,1)='2')",-1,2025-06-11 11:17:49,21083185,null,372250,0,FALSE,FALSE,FALSE,3574,null,FALSE,FALSE,TRUE,Delivery Use - Used an app/website for non-same day delivery,FALSE,FALSE,1,Delivery Use - Used an app/website for non-same day delivery: Household Essentials,null,2025-05-15 18:03:57,FALSE,FALSE,Answers372250,FALSE
495,2025-11-04 14:06:23,FALSE,FALSE,FALSE,-1,null,(Q253=4),-1,2025-06-11 11:21:44,21081604,null,372250,0,FALSE,FALSE,FALSE,72,null,FALSE,FALSE,TRUE,Gender,FALSE,FALSE,0,Gender: Prefer not to answer,null,2025-05-15 18:03:57,FALSE,FALSE,Answers372250,FALSE
863,2025-11-04 14:06:23,FALSE,FALSE,FALSE,-1,null,q4 in (select bannerid from adServerBanners where campaignid=78558 and site=29217) or (Q2 like '%12487225%' or Q2 like '%12487226%' or Q2 like '%12487227%' or Q2 like '%12487228%' or Q2 like '%12487229%' or Q2 like '%12487230%'),-1,2025-10-30 9:18:23,22475079,null,373075,0,FALSE,FALSE,FALSE,89,null,FALSE,FALSE,TRUE,Site All Hits,FALSE,FALSE,0,Site All Hits: RTS (US),null,2025-10-23 9:54:36,FALSE,FALSE,Answers373075,FALSE
448,2025-11-04 14:06:23,FALSE,FALSE,FALSE,-1,null,"(substring(Q250_5,2,1)='2')",-1,2025-06-11 11:19:59,21081571,null,372250,0,FALSE,FALSE,FALSE,6363,null,FALSE,FALSE,TRUE,Delivery Use - Used an app/website for on-demand or same day delivery,FALSE,FALSE,0,Delivery Use - Used an app/website for on-demand or same day delivery: Fresh Food & Produce,null,2025-05-15 18:03:57,FALSE,FALSE,Answers372250,FALSE
601,2025-11-04 14:06:23,FALSE,TRUE,FALSE,-1,null,(Q741>0) OR (Q264=0),-1,2025-09-05 15:51:41,23363481,null,372250,0,FALSE,FALSE,FALSE,9869,null,FALSE,FALSE,TRUE,TV ISCI,FALSE,FALSE,1,TV ISCI: 1207853,null,2025-05-22 14:06:10,FALSE,FALSE,Answers372250,FALSE
704,2025-11-04 14:06:23,TRUE,FALSE,FALSE,-1,null,"((
 exists (
	select 1 from dbo.bannerexposure with (nolock) where  bannerexposure.respondentid = answers373075.id and bannerexposure.surveyid = 373075 and bannerexposure.bannerid  in 
		(
			select cast(element as int) from surveyfiltergroupelements with(nolock) where typeid = 1 and filtergroupid in (724349)
		)
	)
 or 
 exists (
	select 1 from dbo.creativeexposure with (nolock) where  creativeexposure.respondentid = answers373075.id and creativeexposure.surveyid = 373075 and creativeexposure.creativeid  in 
		(
			select element from surveyfiltergroupelements with(nolock) where typeid = 2 and filtergroupid in (724349)
		)
	)
 or 
 exists (
	select 1 from dbo.placementexposure with (nolock) where  placementexposure.respondentid = answers373075.id and placementexposure.surveyid = 373075 and placementexposure.placementid  in 
		(
			select element from surveyfiltergroupelements with(nolock) where typeid = 3 and filtergroupid in (724349)
		)
	)
))",-1,2025-10-30 9:18:04,24878543,null,373075,0,FALSE,TRUE,FALSE,0,null,FALSE,FALSE,TRUE,Creative,FALSE,FALSE,1,Creative:  Theme - Give Yourself A Pass,null,2025-10-23 10:49:16,FALSE,FALSE,Answers373075,FALSE
436,2025-11-04 14:06:23,FALSE,FALSE,FALSE,-1,null,"(substring(Q250_9,3,1)='2')",-1,2025-06-11 11:15:43,21083182,null,372250,0,FALSE,FALSE,FALSE,1533,null,FALSE,FALSE,TRUE,Delivery Use - Used an app/website for non-same day delivery,FALSE,FALSE,1,Delivery Use - Used an app/website for non-same day delivery: Flowers,null,2025-05-15 18:03:57,FALSE,FALSE,Answers372250,FALSE
545,2025-11-04 14:06:23,FALSE,FALSE,FALSE,-1,null,"q4 in (select bannerid from adServerBanners where campaignid=72361 and site=28967) or ID IN (select id from answers372250 cross apply [SQL#].[String_Split4k](Q2, ',', 2) SplitTable cross apply [SQL#].[String_Split4k](SplitTable.SplitVal, '-', 2) bannerid where bannerid.SplitNum = 1 and bannerid.SplitVal in ( select value from dbo.surveyfilterelements WHERE surveyfilterelements.filterid=20870801 and type='in-clause' and surveyfilterelements.question='Q2' ) )",-1,2001-01-01 0:00:00,20870801,null,372250,0,FALSE,FALSE,FALSE,null,null,FALSE,FALSE,FALSE,Site All Hits,FALSE,FALSE,0,Site All Hits: Exte (US),null,2025-10-18 22:12:09,FALSE,FALSE,Answers372250,FALSE
398,2025-11-04 14:06:23,FALSE,FALSE,FALSE,-1,null,"(substring(Q257,7,1)='2')",-1,2025-06-11 11:15:39,21081509,null,372250,0,FALSE,FALSE,FALSE,5513,null,FALSE,FALSE,TRUE,Activity,FALSE,FALSE,0,Activity: Watched MLB,null,2025-05-15 18:03:56,FALSE,FALSE,Answers372250,FALSE
211,2025-11-04 14:06:23,TRUE,FALSE,FALSE,-1,null,"((
 exists (
	select 1 from dbo.bannerexposure with (nolock) where  bannerexposure.respondentid = answers374821.id and bannerexposure.surveyid = 374821 and bannerexposure.bannerid  in 
		(
			select cast(element as int) from surveyfiltergroupelements with(nolock) where typeid = 1 and filtergroupid in (727332)
		)
	)
 or 
 exists (
	select 1 from dbo.creativeexposure with (nolock) where  creativeexposure.respondentid = answers374821.id and creativeexposure.surveyid = 374821 and creativeexposure.creativeid  in 
		(
			select element from surveyfiltergroupelements with(nolock) where typeid = 2 and filtergroupid in (727332)
		)
	)
 or 
 exists (
	select 1 from dbo.placementexposure with (nolock) where  placementexposure.respondentid = answers374821.id and placementexposure.surveyid = 374821 and placementexposure.placementid  in 
		(
			select element from surveyfiltergroupelements with(nolock) where typeid = 3 and filtergroupid in (727332)
		)
	)
))",-1,2025-10-30 10:38:42,24969077,null,374821,0,FALSE,TRUE,FALSE,993,null,FALSE,FALSE,TRUE,Creative,FALSE,FALSE,1,Creative:  Theme - Incremental,null,2025-10-28 12:45:53,FALSE,FALSE,Answers374821,FALSE
529,2025-11-04 14:06:23,FALSE,FALSE,FALSE,-1,null,"q4 in (select bannerid from adServerBanners where campaignid=72361 and site=26640) or ID IN (select id from answers372250 cross apply [SQL#].[String_Split4k](Q2, ',', 2) SplitTable cross apply [SQL#].[String_Split4k](SplitTable.SplitVal, '-', 2) bannerid where bannerid.SplitNum = 1 and bannerid.SplitVal in ( select value from dbo.surveyfilterelements WHERE surveyfilterelements.filterid=20870711 and type='in-clause' and surveyfilterelements.question='Q2' ) )",-1,2001-01-01 0:00:00,20870711,null,372250,0,FALSE,FALSE,FALSE,null,null,FALSE,FALSE,FALSE,Site All Hits,FALSE,FALSE,0,Site All Hits: Activision Blizzard (US),null,2025-10-18 22:12:08,FALSE,FALSE,Answers372250,FALSE
259,2025-11-04 14:06:23,FALSE,FALSE,FALSE,-1,null,"(1=1) and (substring(Q239,1,1)='2')",-1,2001-01-01 0:00:00,22228338,null,374821,0,FALSE,FALSE,FALSE,15223,null,FALSE,FALSE,TRUE,Ethnicity,FALSE,FALSE,1,Ethnicity: White/Caucasian,null,2025-02-06 14:26:32,FALSE,FALSE,Answers374821,FALSE
239,2025-11-04 14:06:23,FALSE,FALSE,FALSE,-1,null,"(substring(Q232,3,1)='2')",-1,2001-01-01 0:00:00,22228253,null,374821,0,FALSE,FALSE,FALSE,13599,null,FALSE,FALSE,TRUE,Delivery Item,FALSE,FALSE,1,"Delivery Item: Packaged Food & Non-Alcoholic Beverages (e.g., chips, candy, soda, water, etc.)",null,2025-02-07 14:18:03,FALSE,FALSE,Answers374821,FALSE
487,2025-11-04 14:06:23,FALSE,FALSE,FALSE,-1,null,(Q258=3),-1,2025-06-11 11:21:43,21081595,null,372250,0,FALSE,FALSE,FALSE,1267,null,FALSE,FALSE,TRUE,Gamer,FALSE,FALSE,0,"Gamer: More than 14 hours, but less than 21 hours",null,2025-05-15 18:03:59,FALSE,FALSE,Answers372250,FALSE
94,2025-11-04 14:06:23,TRUE,FALSE,FALSE,-1,null,"((
 exists (
	select 1 from dbo.bannerexposure with (nolock) where  bannerexposure.respondentid = answers374821.id and bannerexposure.surveyid = 374821 and bannerexposure.bannerid  in 
		(
			select cast(element as int) from surveyfiltergroupelements with(nolock) where typeid = 1 and filtergroupid in (727391)
		)
	)
 or 
 exists (
	select 1 from dbo.creativeexposure with (nolock) where  creativeexposure.respondentid = answers374821.id and creativeexposure.surveyid = 374821 and creativeexposure.creativeid  in 
		(
			select element from surveyfiltergroupelements with(nolock) where typeid = 2 and filtergroupid in (727391)
		)
	)
 or 
 exists (
	select 1 from dbo.placementexposure with (nolock) where  placementexposure.respondentid = answers374821.id and placementexposure.surveyid = 374821 and placementexposure.placementid  in 
		(
			select element from surveyfiltergroupelements with(nolock) where typeid = 3 and filtergroupid in (727391)
		)
	)
))",-1,2025-10-30 10:37:42,24968959,null,374821,0,FALSE,TRUE,FALSE,3607,null,FALSE,FALSE,TRUE,Creative,FALSE,FALSE,1,Creative:  Placement Publisher - EyeQ,null,2025-10-28 12:45:37,FALSE,FALSE,Answers374821,FALSE
817,2025-11-04 14:06:23,FALSE,FALSE,FALSE,-1,null,(Q261_1 in (1)),-1,2025-10-30 9:18:12,21587522,null,373075,0,FALSE,FALSE,FALSE,3000,null,FALSE,FALSE,TRUE,Past Brand Usage - Have Tried,FALSE,FALSE,1,Past Brand Usage - Have Tried: DoorDash,null,2024-12-05 11:32:03,FALSE,FALSE,Answers373075,FALSE
585,2025-11-04 14:06:23,FALSE,FALSE,FALSE,-1,null,"(1=1) and (substring(Q259,1,1)='2')",-1,2025-06-05 11:44:42,23445331,null,372250,0,FALSE,FALSE,FALSE,14157,null,FALSE,FALSE,TRUE,Sports Fan,FALSE,FALSE,1,Sports Fan: Football (NFL),null,2025-06-05 11:44:12,FALSE,FALSE,Answers372250,FALSE
557,2025-11-04 14:06:23,FALSE,FALSE,FALSE,-1,null,"q4 in (select bannerid from adServerBanners where campaignid=72361 and site=27091) or ID IN (select id from answers372250 cross apply [SQL#].[String_Split4k](Q2, ',', 2) SplitTable cross apply [SQL#].[String_Split4k](SplitTable.SplitVal, '-', 2) bannerid where bannerid.SplitNum = 1 and bannerid.SplitVal in ( select value from dbo.surveyfilterelements WHERE surveyfilterelements.filterid=20870746 and type='in-clause' and surveyfilterelements.question='Q2' ) )",-1,2001-01-01 0:00:00,20870746,null,372250,0,FALSE,FALSE,FALSE,null,null,FALSE,FALSE,FALSE,Site All Hits,FALSE,FALSE,0,Site All Hits: MAX (fka HBO MAX) (US),null,2025-10-18 22:12:08,FALSE,FALSE,Answers372250,FALSE
15,2025-11-04 14:06:23,FALSE,FALSE,FALSE,-1,null,(Q166 BETWEEN 25 AND 34),-1,2025-10-29 17:56:09,22236709,null,374821,0,FALSE,FALSE,FALSE,7757,null,FALSE,FALSE,TRUE,Age,FALSE,FALSE,1,Age: 25-34,null,2025-02-07 14:52:09,FALSE,FALSE,Answers374821,FALSE
609,2025-11-04 14:06:23,FALSE,TRUE,FALSE,-1,null,(Q749>0) OR (Q264=0),-1,2025-09-05 15:51:43,23363473,null,372250,0,FALSE,FALSE,FALSE,9871,null,FALSE,FALSE,TRUE,TV ISCI,FALSE,FALSE,1,TV ISCI: DashPassWNBA30,null,2025-05-22 14:06:10,FALSE,FALSE,Answers372250,FALSE
414,2025-11-04 14:06:23,FALSE,FALSE,FALSE,-1,null,"(substring(Q256,1,1)='2')",-1,2025-06-11 11:15:40,21081546,null,372250,0,FALSE,FALSE,FALSE,6479,null,FALSE,FALSE,TRUE,Children In HH,FALSE,FALSE,0,"Children In HH: Yes, age 0-6",null,2025-05-15 18:03:59,FALSE,FALSE,Answers372250,FALSE
849,2025-11-04 14:06:23,FALSE,FALSE,FALSE,-1,null,"q4 in (select bannerid from adServerBanners where campaignid=78558 and site=11582) or ID IN (select id from answers373075 cross apply [SQL#].[String_Split4k](Q2, ',', 2) SplitTable cross apply [SQL#].[String_Split4k](SplitTable.SplitVal, '-', 2) bannerid where bannerid.SplitNum = 1 and bannerid.SplitVal in ( select value from dbo.surveyfilterelements WHERE surveyfilterelements.filterid=21280986 and type='in-clause' and surveyfilterelements.question='Q2' ) )",-1,2025-10-30 9:18:17,21280986,null,373075,0,FALSE,FALSE,FALSE,429,null,FALSE,FALSE,FALSE,Site All Hits,FALSE,FALSE,0,Site All Hits: CBS (US),null,2025-10-29 14:12:13,FALSE,FALSE,Answers373075,FALSE
340,2025-11-04 14:06:23,FALSE,FALSE,FALSE,-1,null,"q4 in (select bannerid from adServerBanners where campaignid=79821 and site=21410) or ID IN (select id from answers374821 cross apply [SQL#].[String_Split4k](Q2, ',', 2) SplitTable cross apply [SQL#].[String_Split4k](SplitTable.SplitVal, '-', 2) bannerid where bannerid.SplitNum = 1 and bannerid.SplitVal in ( select value from dbo.surveyfilterelements WHERE surveyfilterelements.filterid=24090264 and type='in-clause' and surveyfilterelements.question='Q2' ) )",-1,2001-01-01 0:00:00,24090264,null,374821,0,FALSE,FALSE,FALSE,null,null,FALSE,FALSE,FALSE,Site All Hits,FALSE,FALSE,0,Site All Hits: Katz (US),null,2025-10-30 18:02:11,FALSE,FALSE,Answers374821,FALSE
78,2025-11-04 14:06:23,TRUE,FALSE,FALSE,-1,null,"((
 exists (
	select 1 from dbo.bannerexposure with (nolock) where  bannerexposure.respondentid = answers374821.id and bannerexposure.surveyid = 374821 and bannerexposure.bannerid  in 
		(
			select cast(element as int) from surveyfiltergroupelements with(nolock) where typeid = 1 and filtergroupid in (727434)
		)
	)
 or 
 exists (
	select 1 from dbo.creativeexposure with (nolock) where  creativeexposure.respondentid = answers374821.id and creativeexposure.surveyid = 374821 and creativeexposure.creativeid  in 
		(
			select element from surveyfiltergroupelements with(nolock) where typeid = 2 and filtergroupid in (727434)
		)
	)
 or 
 exists (
	select 1 from dbo.placementexposure with (nolock) where  placementexposure.respondentid = answers374821.id and placementexposure.surveyid = 374821 and placementexposure.placementid  in 
		(
			select element from surveyfiltergroupelements with(nolock) where typeid = 3 and filtergroupid in (727434)
		)
	)
))",-1,2025-10-30 10:37:24,24968943,null,374821,0,FALSE,TRUE,FALSE,6,null,FALSE,FALSE,TRUE,Creative,FALSE,FALSE,1,Creative:  Placement Location - Watch,null,2025-10-28 12:45:32,FALSE,FALSE,Answers374821,FALSE
179,2025-11-04 14:06:23,TRUE,FALSE,FALSE,-1,null,"((
 exists (
	select 1 from dbo.bannerexposure with (nolock) where  bannerexposure.respondentid = answers374821.id and bannerexposure.surveyid = 374821 and bannerexposure.bannerid  in 
		(
			select cast(element as int) from surveyfiltergroupelements with(nolock) where typeid = 1 and filtergroupid in (727214)
		)
	)
 or 
 exists (
	select 1 from dbo.creativeexposure with (nolock) where  creativeexposure.respondentid = answers374821.id and creativeexposure.surveyid = 374821 and creativeexposure.creativeid  in 
		(
			select element from surveyfiltergroupelements with(nolock) where typeid = 2 and filtergroupid in (727214)
		)
	)
 or 
 exists (
	select 1 from dbo.placementexposure with (nolock) where  placementexposure.respondentid = answers374821.id and placementexposure.surveyid = 374821 and placementexposure.placementid  in 
		(
			select element from surveyfiltergroupelements with(nolock) where typeid = 3 and filtergroupid in (727214)
		)
	)
))",-1,2025-10-30 10:38:26,24969045,null,374821,0,FALSE,TRUE,FALSE,43,null,FALSE,FALSE,TRUE,Creative,FALSE,FALSE,1,Creative:  Size/Length - 1680x900,null,2025-10-28 12:45:48,FALSE,FALSE,Answers374821,FALSE
716,2025-11-04 14:06:23,TRUE,FALSE,FALSE,-1,null,"((
 exists (
	select 1 from dbo.bannerexposure with (nolock) where  bannerexposure.respondentid = answers373075.id and bannerexposure.surveyid = 373075 and bannerexposure.bannerid  in 
		(
			select cast(element as int) from surveyfiltergroupelements with(nolock) where typeid = 1 and filtergroupid in (724345)
		)
	)
 or 
 exists (
	select 1 from dbo.creativeexposure with (nolock) where  creativeexposure.respondentid = answers373075.id and creativeexposure.surveyid = 373075 and creativeexposure.creativeid  in 
		(
			select element from surveyfiltergroupelements with(nolock) where typeid = 2 and filtergroupid in (724345)
		)
	)
 or 
 exists (
	select 1 from dbo.placementexposure with (nolock) where  placementexposure.respondentid = answers373075.id and placementexposure.surveyid = 373075 and placementexposure.placementid  in 
		(
			select element from surveyfiltergroupelements with(nolock) where typeid = 3 and filtergroupid in (724345)
		)
	)
))",-1,2025-10-30 9:18:06,24878555,null,373075,0,FALSE,TRUE,FALSE,0,null,FALSE,FALSE,TRUE,Creative,FALSE,FALSE,1,Creative:  Theme - Stacking Wins,null,2025-10-23 10:50:03,FALSE,FALSE,Answers373075,FALSE
573,2025-11-04 14:06:23,FALSE,FALSE,FALSE,-1,null,"q4 in (select bannerid from adServerBanners where campaignid=72361 and site=27812) or ID IN (select id from answers372250 cross apply [SQL#].[String_Split4k](Q2, ',', 2) SplitTable cross apply [SQL#].[String_Split4k](SplitTable.SplitVal, '-', 2) bannerid where bannerid.SplitNum = 1 and bannerid.SplitVal in ( select value from dbo.surveyfilterelements WHERE surveyfilterelements.filterid=20870709 and type='in-clause' and surveyfilterelements.question='Q2' ) )",-1,2001-01-01 0:00:00,20870709,null,372250,0,FALSE,FALSE,FALSE,null,null,FALSE,FALSE,FALSE,Site All Hits,FALSE,FALSE,0,Site All Hits: TeamSnap Mobile (US),null,2025-10-18 22:12:08,FALSE,FALSE,Answers372250,FALSE
881,2025-11-04 14:06:23,FALSE,FALSE,FALSE,-1,null,(Q4 = '12594675'),-1,2025-10-30 9:18:14,25000307,null,373075,0,FALSE,FALSE,FALSE,0,null,FALSE,FALSE,FALSE,Site,FALSE,FALSE,0,Site: Amazon CTV (IN),null,2025-10-29 14:12:14,FALSE,FALSE,Answers373075,FALSE
748,2025-11-04 14:06:23,FALSE,FALSE,FALSE,-1,null,(1=1) and (Q268=1),-1,2025-10-30 9:18:08,21583721,null,373075,0,FALSE,FALSE,FALSE,597,null,FALSE,FALSE,TRUE,Employment Status,FALSE,FALSE,1,Employment Status: Work at a part time job (less than 30 hours a week),null,2024-12-05 9:23:50,FALSE,FALSE,Answers373075,FALSE
549,2025-11-04 14:06:23,FALSE,FALSE,FALSE,-1,null,q4 in (select bannerid from adServerBanners where campaignid=72361 and site=25224) or (Q2 like '%12364734%' or Q2 like '%12364735%'),-1,2025-09-17 12:01:19,21251746,null,372250,0,FALSE,FALSE,FALSE,65,null,FALSE,FALSE,FALSE,Site All Hits,FALSE,FALSE,0,Site All Hits: Fubo.TV CTV (US),null,2024-11-12 10:42:08,FALSE,FALSE,Answers372250,FALSE
825,2025-11-04 14:06:23,FALSE,FALSE,FALSE,-1,null,(Q4 = '12691498') or (Q2 like '%12691498%'),-1,2025-10-30 9:18:15,25000320,null,373075,0,FALSE,FALSE,FALSE,0,null,FALSE,FALSE,FALSE,Site All Hits,FALSE,FALSE,0,Site All Hits: Amazon (IN),null,2025-10-29 14:12:14,FALSE,FALSE,Answers373075,FALSE
740,2025-11-04 14:06:23,FALSE,FALSE,FALSE,-1,null,"(1=1) and (substring(Q257,3,1)='2')",-1,2025-10-30 9:18:05,21583709,null,373075,0,FALSE,FALSE,FALSE,3334,null,FALSE,FALSE,TRUE,Delivery Item,FALSE,FALSE,1,"Delivery Item: Packaged Food &amp; Non-Alcoholic Beverages (e.g., chips, candy, soda, water, etc.)",null,2024-12-05 9:23:50,FALSE,FALSE,Answers373075,FALSE
507,2025-11-04 14:06:23,FALSE,FALSE,FALSE,-1,null,(Q252_4 in (0)),-1,2025-06-11 11:23:28,21083212,null,372250,0,FALSE,FALSE,FALSE,6202,null,FALSE,FALSE,TRUE,Past Brand Recency - Amazon,FALSE,FALSE,1,Past Brand Recency - Amazon: Several times a week,null,2025-05-15 18:03:58,FALSE,FALSE,Answers372250,FALSE
869,2025-11-04 14:06:23,FALSE,FALSE,FALSE,-1,null,q4 in (select bannerid from adServerBanners where campaignid=78558 and site=5068),-1,2025-10-30 9:18:13,25000285,null,373075,0,FALSE,FALSE,FALSE,0,null,FALSE,FALSE,FALSE,Site,FALSE,FALSE,0,Site: Amazon (CA),null,2025-10-29 14:12:13,FALSE,FALSE,Answers373075,FALSE
348,2025-11-04 14:06:23,FALSE,FALSE,FALSE,-1,null,q4 in (select bannerid from adServerBanners where campaignid=79821 and site=18574) or (Q2 like '%12439768%' or Q2 like '%12439770%'),-1,2025-10-30 9:18:57,22175115,null,374821,0,FALSE,FALSE,FALSE,28,null,FALSE,FALSE,TRUE,Site All Hits,FALSE,FALSE,0,Site All Hits: Pandora Connected Home (US),null,2025-08-25 11:38:00,FALSE,FALSE,Answers374821,FALSE
390,2025-11-04 14:06:23,FALSE,TRUE,FALSE,-1,null,(Q689>0) OR (Q253=0),-1,2025-10-29 17:58:07,24629942,null,374821,0,FALSE,FALSE,FALSE,6894,null,FALSE,FALSE,TRUE,TV Network,FALSE,FALSE,1,TV Network:Nickelodeon,null,2025-10-06 11:31:54,FALSE,FALSE,Answers374821,FALSE
857,2025-11-04 14:06:23,FALSE,FALSE,FALSE,-1,null,"q4 in (select bannerid from adServerBanners where campaignid=78558 and site=25694) or ID IN (select id from answers373075 cross apply [SQL#].[String_Split4k](Q2, ',', 2) SplitTable cross apply [SQL#].[String_Split4k](SplitTable.SplitVal, '-', 2) bannerid where bannerid.SplitNum = 1 and bannerid.SplitVal in ( select value from dbo.surveyfilterelements WHERE surveyfilterelements.filterid=23695316 and type='in-clause' and surveyfilterelements.question='Q2' ) )",-1,2025-10-30 9:18:20,23695316,null,373075,0,FALSE,FALSE,FALSE,210,null,FALSE,FALSE,FALSE,Site All Hits,FALSE,FALSE,0,Site All Hits: NBCU Peacock (US),null,2025-10-29 14:12:13,FALSE,FALSE,Answers373075,FALSE
724,2025-11-04 14:06:23,TRUE,FALSE,FALSE,-1,null,"(((
 exists (
	select 1 from dbo.bannerexposure with (nolock) where  bannerexposure.respondentid = answers373075.id and bannerexposure.surveyid = 373075 and bannerexposure.bannerid  in 
		(
			select cast(element as int) from surveyfiltergroupelements with(nolock) where typeid = 1 and filtergroupid in (724326)
		)
	)
 or 
 exists (
	select 1 from dbo.creativeexposure with (nolock) where  creativeexposure.respondentid = answers373075.id and creativeexposure.surveyid = 373075 and creativeexposure.creativeid  in 
		(
			select element from surveyfiltergroupelements with(nolock) where typeid = 2 and filtergroupid in (724326)
		)
	)
 or 
 exists (
	select 1 from dbo.placementexposure with (nolock) where  placementexposure.respondentid = answers373075.id and placementexposure.surveyid = 373075 and placementexposure.placementid  in 
		(
			select element from surveyfiltergroupelements with(nolock) where typeid = 3 and filtergroupid in (724326)
		)
	)
)) or ((Q4 in (select value from surveyfilterelements with(nolock) where filterid=24878563 and type='mapctrlbanner'))))",-1,2025-10-30 9:18:04,24878563,null,373075,0,FALSE,TRUE,TRUE,1156,null,FALSE,FALSE,TRUE,Creative,FALSE,FALSE,2,Creative:  Theme - Your Door to More,null,2025-10-23 10:50:32,FALSE,FALSE,Answers373075,FALSE
102,2025-11-04 14:06:23,TRUE,FALSE,FALSE,-1,null,"((
 exists (
	select 1 from dbo.bannerexposure with (nolock) where  bannerexposure.respondentid = answers374821.id and bannerexposure.surveyid = 374821 and bannerexposure.bannerid  in 
		(
			select cast(element as int) from surveyfiltergroupelements with(nolock) where typeid = 1 and filtergroupid in (727423)
		)
	)
 or 
 exists (
	select 1 from dbo.creativeexposure with (nolock) where  creativeexposure.respondentid = answers374821.id and creativeexposure.surveyid = 374821 and creativeexposure.creativeid  in 
		(
			select element from surveyfiltergroupelements with(nolock) where typeid = 2 and filtergroupid in (727423)
		)
	)
 or 
 exists (
	select 1 from dbo.placementexposure with (nolock) where  placementexposure.respondentid = answers374821.id and placementexposure.surveyid = 374821 and placementexposure.placementid  in 
		(
			select element from surveyfiltergroupelements with(nolock) where typeid = 3 and filtergroupid in (727423)
		)
	)
))",-1,2025-10-30 10:37:34,24968967,null,374821,0,FALSE,TRUE,FALSE,0,null,FALSE,FALSE,TRUE,Creative,FALSE,FALSE,1,Creative:  Placement Publisher - Katz Media,null,2025-10-28 12:45:39,FALSE,FALSE,Answers374821,FALSE
19,2025-11-04 14:06:23,FALSE,FALSE,FALSE,-1,null,"(1=1) and (substring(Q240,1,1)='2')",-1,2025-10-29 17:56:14,22228346,null,374821,0,FALSE,FALSE,FALSE,7422,null,FALSE,FALSE,TRUE,Children in HH,FALSE,FALSE,1,"Children in HH: Yes, age 0-6",null,2025-02-06 14:26:32,FALSE,FALSE,Answers374821,FALSE
708,2025-11-04 14:06:23,TRUE,FALSE,FALSE,-1,null,"(((
 exists (
	select 1 from dbo.bannerexposure with (nolock) where  bannerexposure.respondentid = answers373075.id and bannerexposure.surveyid = 373075 and bannerexposure.bannerid  in 
		(
			select cast(element as int) from surveyfiltergroupelements with(nolock) where typeid = 1 and filtergroupid in (724324)
		)
	)
 or 
 exists (
	select 1 from dbo.creativeexposure with (nolock) where  creativeexposure.respondentid = answers373075.id and creativeexposure.surveyid = 373075 and creativeexposure.creativeid  in 
		(
			select element from surveyfiltergroupelements with(nolock) where typeid = 2 and filtergroupid in (724324)
		)
	)
 or 
 exists (
	select 1 from dbo.placementexposure with (nolock) where  placementexposure.respondentid = answers373075.id and placementexposure.surveyid = 373075 and placementexposure.placementid  in 
		(
			select element from surveyfiltergroupelements with(nolock) where typeid = 3 and filtergroupid in (724324)
		)
	)
)) or ((Q4 in (select value from surveyfilterelements with(nolock) where filterid=24878547 and type='mapctrlbanner'))))",-1,2025-10-30 9:18:04,24878547,null,373075,0,FALSE,TRUE,TRUE,882,null,FALSE,FALSE,TRUE,Creative,FALSE,FALSE,2,Creative:  Theme - Housewarming,null,2025-10-23 10:49:31,FALSE,FALSE,Answers373075,FALSE
283,2025-11-04 14:06:23,FALSE,FALSE,FALSE,-1,null,(Q235_5 in (3)),-1,2001-01-01 0:00:00,22228332,null,374821,0,FALSE,FALSE,FALSE,2478,null,FALSE,FALSE,TRUE,Past Brand Recency - Grubhub,FALSE,FALSE,1,Past Brand Recency - Grubhub: I did not use in the past 30 days,null,2025-02-06 14:26:32,FALSE,FALSE,Answers374821,FALSE
187,2025-11-04 14:06:23,TRUE,FALSE,FALSE,-1,null,"((
 exists (
	select 1 from dbo.bannerexposure with (nolock) where  bannerexposure.respondentid = answers374821.id and bannerexposure.surveyid = 374821 and bannerexposure.bannerid  in 
		(
			select cast(element as int) from surveyfiltergroupelements with(nolock) where typeid = 1 and filtergroupid in (727287)
		)
	)
 or 
 exists (
	select 1 from dbo.creativeexposure with (nolock) where  creativeexposure.respondentid = answers374821.id and creativeexposure.surveyid = 374821 and creativeexposure.creativeid  in 
		(
			select element from surveyfiltergroupelements with(nolock) where typeid = 2 and filtergroupid in (727287)
		)
	)
 or 
 exists (
	select 1 from dbo.placementexposure with (nolock) where  placementexposure.respondentid = answers374821.id and placementexposure.surveyid = 374821 and placementexposure.placementid  in 
		(
			select element from surveyfiltergroupelements with(nolock) where typeid = 3 and filtergroupid in (727287)
		)
	)
))",-1,2025-10-30 10:38:19,24969053,null,374821,0,FALSE,TRUE,FALSE,0,null,FALSE,FALSE,TRUE,Creative,FALSE,FALSE,1,Creative:  Size/Length - 320x80,null,2025-10-28 12:45:50,FALSE,FALSE,Answers374821,FALSE
332,2025-11-04 14:06:23,FALSE,FALSE,FALSE,-1,null,q4 in (select bannerid from adServerBanners where campaignid=79821 and site=28967) or (Q2 like '%12688363%' or Q2 like '%12688364%' or Q2 like '%12688365%' or Q2 like '%12688366%' or Q2 like '%12690795%' or Q2 like '%12690796%' or Q2 like '%12690797%'),-1,2025-10-30 9:18:14,24879169,null,374821,0,FALSE,FALSE,FALSE,0,null,FALSE,FALSE,TRUE,Site All Hits,FALSE,FALSE,0,Site All Hits: Exte (US),null,2025-10-24 16:02:12,FALSE,FALSE,Answers374821,FALSE
70,2025-11-04 14:06:23,TRUE,FALSE,FALSE,-1,null,"((
 exists (
	select 1 from dbo.bannerexposure with (nolock) where  bannerexposure.respondentid = answers374821.id and bannerexposure.surveyid = 374821 and bannerexposure.bannerid  in 
		(
			select cast(element as int) from surveyfiltergroupelements with(nolock) where typeid = 1 and filtergroupid in (727369)
		)
	)
 or 
 exists (
	select 1 from dbo.creativeexposure with (nolock) where  creativeexposure.respondentid = answers374821.id and creativeexposure.surveyid = 374821 and creativeexposure.creativeid  in 
		(
			select element from surveyfiltergroupelements with(nolock) where typeid = 2 and filtergroupid in (727369)
		)
	)
 or 
 exists (
	select 1 from dbo.placementexposure with (nolock) where  placementexposure.respondentid = answers374821.id and placementexposure.surveyid = 374821 and placementexposure.placementid  in 
		(
			select element from surveyfiltergroupelements with(nolock) where typeid = 3 and filtergroupid in (727369)
		)
	)
))",-1,2025-10-30 10:37:15,24968935,null,374821,0,FALSE,TRUE,FALSE,77,null,FALSE,FALSE,TRUE,Creative,FALSE,FALSE,1,"Creative:  Format - Static, Video, Animation ",null,2025-10-28 12:45:28,FALSE,FALSE,Answers374821,FALSE
7,2025-11-04 14:06:23,FALSE,FALSE,FALSE,-1,null,"(1=1) and (substring(Q241,8,1)='2')",-1,2025-10-30 8:43:56,22228357,null,374821,0,FALSE,FALSE,FALSE,3731,null,FALSE,FALSE,TRUE,Activity,FALSE,FALSE,1,Activity: Watched MLS,null,2025-02-06 14:26:32,FALSE,FALSE,Answers374821,FALSE
692,2025-11-04 14:06:23,TRUE,FALSE,FALSE,-1,null,"((
 exists (
	select 1 from dbo.bannerexposure with (nolock) where  bannerexposure.respondentid = answers373075.id and bannerexposure.surveyid = 373075 and bannerexposure.bannerid  in 
		(
			select cast(element as int) from surveyfiltergroupelements with(nolock) where typeid = 1 and filtergroupid in (724337)
		)
	)
 or 
 exists (
	select 1 from dbo.creativeexposure with (nolock) where  creativeexposure.respondentid = answers373075.id and creativeexposure.surveyid = 373075 and creativeexposure.creativeid  in 
		(
			select element from surveyfiltergroupelements with(nolock) where typeid = 2 and filtergroupid in (724337)
		)
	)
 or 
 exists (
	select 1 from dbo.placementexposure with (nolock) where  placementexposure.respondentid = answers373075.id and placementexposure.surveyid = 373075 and placementexposure.placementid  in 
		(
			select element from surveyfiltergroupelements with(nolock) where typeid = 3 and filtergroupid in (724337)
		)
	)
))",-1,2025-10-30 9:18:03,24878531,null,373075,0,FALSE,TRUE,FALSE,0,null,FALSE,FALSE,TRUE,Creative,FALSE,FALSE,1,Creative:  Size/Length - 60s,null,2025-10-23 10:48:29,FALSE,FALSE,Answers373075,FALSE
275,2025-11-04 14:06:23,FALSE,FALSE,FALSE,-1,null,(Q235_4 in (3)),-1,2001-01-01 0:00:00,22228328,null,374821,0,FALSE,FALSE,FALSE,1769,null,FALSE,FALSE,TRUE,Past Brand Recency - Amazon,FALSE,FALSE,1,Past Brand Recency - Amazon: I did not use in the past 30 days,null,2025-02-06 14:26:32,FALSE,FALSE,Answers374821,FALSE
837,2025-11-04 14:06:23,FALSE,FALSE,FALSE,-1,null,(Q4 = '12594079') or (Q2 like '%12594079%'),-1,2025-10-30 9:18:15,25000300,null,373075,0,FALSE,FALSE,FALSE,0,null,FALSE,FALSE,FALSE,Site All Hits,FALSE,FALSE,0,Site All Hits: Amazon CTV (IT),null,2025-10-29 14:12:14,FALSE,FALSE,Answers373075,FALSE
770,2025-11-04 14:06:23,FALSE,FALSE,FALSE,-1,null,(Q3>=10),-1,2025-10-30 9:18:09,21361299,null,373075,0,FALSE,FALSE,FALSE,1005,null,FALSE,FALSE,TRUE,Frequency,FALSE,FALSE,2,Frequency: 10+,null,2024-11-21 15:19:49,FALSE,FALSE,Answers373075,FALSE
684,2025-11-04 14:06:23,TRUE,FALSE,FALSE,-1,null,"(((
 exists (
	select 1 from dbo.bannerexposure with (nolock) where  bannerexposure.respondentid = answers373075.id and bannerexposure.surveyid = 373075 and bannerexposure.bannerid  in 
		(
			select cast(element as int) from surveyfiltergroupelements with(nolock) where typeid = 1 and filtergroupid in (724373)
		)
	)
 or 
 exists (
	select 1 from dbo.creativeexposure with (nolock) where  creativeexposure.respondentid = answers373075.id and creativeexposure.surveyid = 373075 and creativeexposure.creativeid  in 
		(
			select element from surveyfiltergroupelements with(nolock) where typeid = 2 and filtergroupid in (724373)
		)
	)
 or 
 exists (
	select 1 from dbo.placementexposure with (nolock) where  placementexposure.respondentid = answers373075.id and placementexposure.surveyid = 373075 and placementexposure.placementid  in 
		(
			select element from surveyfiltergroupelements with(nolock) where typeid = 3 and filtergroupid in (724373)
		)
	)
)) or ((Q4 in (select value from surveyfilterelements with(nolock) where filterid=24878514 and type='mapctrlbanner'))))",-1,2025-10-30 9:18:03,24878514,null,373075,0,FALSE,TRUE,TRUE,1392,null,FALSE,FALSE,TRUE,Creative,FALSE,FALSE,2,Creative:  Placement Targeting Tactic - Contextual,null,2025-10-23 10:47:57,FALSE,FALSE,Answers373075,FALSE
175,2025-11-04 14:06:23,TRUE,FALSE,FALSE,-1,null,"((
 exists (
	select 1 from dbo.bannerexposure with (nolock) where  bannerexposure.respondentid = answers374821.id and bannerexposure.surveyid = 374821 and bannerexposure.bannerid  in 
		(
			select cast(element as int) from surveyfiltergroupelements with(nolock) where typeid = 1 and filtergroupid in (727328)
		)
	)
 or 
 exists (
	select 1 from dbo.creativeexposure with (nolock) where  creativeexposure.respondentid = answers374821.id and creativeexposure.surveyid = 374821 and creativeexposure.creativeid  in 
		(
			select element from surveyfiltergroupelements with(nolock) where typeid = 2 and filtergroupid in (727328)
		)
	)
 or 
 exists (
	select 1 from dbo.placementexposure with (nolock) where  placementexposure.respondentid = answers374821.id and placementexposure.surveyid = 374821 and placementexposure.placementid  in 
		(
			select element from surveyfiltergroupelements with(nolock) where typeid = 3 and filtergroupid in (727328)
		)
	)
))",-1,2025-10-30 10:38:16,24969041,null,374821,0,FALSE,TRUE,FALSE,62,null,FALSE,FALSE,TRUE,Creative,FALSE,FALSE,1,Creative:  Size/Length - 120x60,null,2025-10-28 12:45:48,FALSE,FALSE,Answers374821,FALSE
672,2025-11-04 14:06:23,TRUE,FALSE,FALSE,-1,null,"(((
 exists (
	select 1 from dbo.bannerexposure with (nolock) where  bannerexposure.respondentid = answers373075.id and bannerexposure.surveyid = 373075 and bannerexposure.bannerid  in 
		(
			select cast(element as int) from surveyfiltergroupelements with(nolock) where typeid = 1 and filtergroupid in (724305)
		)
	)
 or 
 exists (
	select 1 from dbo.creativeexposure with (nolock) where  creativeexposure.respondentid = answers373075.id and creativeexposure.surveyid = 373075 and creativeexposure.creativeid  in 
		(
			select element from surveyfiltergroupelements with(nolock) where typeid = 2 and filtergroupid in (724305)
		)
	)
 or 
 exists (
	select 1 from dbo.placementexposure with (nolock) where  placementexposure.respondentid = answers373075.id and placementexposure.surveyid = 373075 and placementexposure.placementid  in 
		(
			select element from surveyfiltergroupelements with(nolock) where typeid = 3 and filtergroupid in (724305)
		)
	)
)) or ((Q4 in (select value from surveyfilterelements with(nolock) where filterid=24878484 and type='mapctrlbanner'))))",-1,2025-10-30 9:18:02,24878484,null,373075,0,FALSE,TRUE,TRUE,1057,null,FALSE,FALSE,TRUE,Creative,FALSE,FALSE,2,Creative:  Placement Device - DSK,null,2025-10-23 10:47:00,FALSE,FALSE,Answers373075,FALSE
380,2025-11-04 14:06:23,FALSE,FALSE,FALSE,-1,null,(Q4 = '12642433'),-1,2001-01-01 0:00:00,25033378,null,374821,0,FALSE,FALSE,FALSE,null,null,FALSE,FALSE,FALSE,Site,FALSE,FALSE,0,Site: Amazon Tablet (UK),null,2025-10-30 18:02:11,FALSE,FALSE,Answers374821,FALSE
251,2025-11-04 14:06:23,FALSE,FALSE,FALSE,-1,null,"(substring(Q233_1,2,1)='2')",-1,2001-01-01 0:00:00,22228279,null,374821,0,FALSE,FALSE,FALSE,7497,null,FALSE,FALSE,TRUE,Delivery Use - Use an app/website for on-demand or same day delivery,FALSE,FALSE,1,Delivery Use - Use an app/website for on-demand or same day delivery: Prepared Restaurant Food,null,2025-02-07 13:43:20,FALSE,FALSE,Answers374821,FALSE
491,2025-11-04 14:06:23,FALSE,FALSE,FALSE,-1,null,(Q253=1),-1,2025-06-11 11:21:44,21081600,null,372250,0,FALSE,FALSE,FALSE,13702,null,FALSE,FALSE,TRUE,Gender,FALSE,FALSE,0,Gender: Female,null,2025-05-15 18:03:57,FALSE,FALSE,Answers372250,FALSE
676,2025-11-04 14:06:23,TRUE,FALSE,FALSE,-1,null,"(((
 exists (
	select 1 from dbo.bannerexposure with (nolock) where  bannerexposure.respondentid = answers373075.id and bannerexposure.surveyid = 373075 and bannerexposure.bannerid  in 
		(
			select cast(element as int) from surveyfiltergroupelements with(nolock) where typeid = 1 and filtergroupid in (724322)
		)
	)
 or 
 exists (
	select 1 from dbo.creativeexposure with (nolock) where  creativeexposure.respondentid = answers373075.id and creativeexposure.surveyid = 373075 and creativeexposure.creativeid  in 
		(
			select element from surveyfiltergroupelements with(nolock) where typeid = 2 and filtergroupid in (724322)
		)
	)
 or 
 exists (
	select 1 from dbo.placementexposure with (nolock) where  placementexposure.respondentid = answers373075.id and placementexposure.surveyid = 373075 and placementexposure.placementid  in 
		(
			select element from surveyfiltergroupelements with(nolock) where typeid = 3 and filtergroupid in (724322)
		)
	)
)) or ((Q4 in (select value from surveyfilterelements with(nolock) where filterid=24878497 and type='mapctrlbanner'))))",-1,2025-10-30 9:18:04,24878497,null,373075,0,FALSE,TRUE,TRUE,733,null,FALSE,FALSE,TRUE,Creative,FALSE,FALSE,2,Creative:  Placement Quarter - Q4'25,null,2025-10-23 10:47:18,FALSE,FALSE,Answers373075,FALSE
207,2025-11-04 14:06:23,TRUE,FALSE,FALSE,-1,null,"((
 exists (
	select 1 from dbo.bannerexposure with (nolock) where  bannerexposure.respondentid = answers374821.id and bannerexposure.surveyid = 374821 and bannerexposure.bannerid  in 
		(
			select cast(element as int) from surveyfiltergroupelements with(nolock) where typeid = 1 and filtergroupid in (727211)
		)
	)
 or 
 exists (
	select 1 from dbo.creativeexposure with (nolock) where  creativeexposure.respondentid = answers374821.id and creativeexposure.surveyid = 374821 and creativeexposure.creativeid  in 
		(
			select element from surveyfiltergroupelements with(nolock) where typeid = 2 and filtergroupid in (727211)
		)
	)
 or 
 exists (
	select 1 from dbo.placementexposure with (nolock) where  placementexposure.respondentid = answers374821.id and placementexposure.surveyid = 374821 and placementexposure.placementid  in 
		(
			select element from surveyfiltergroupelements with(nolock) where typeid = 3 and filtergroupid in (727211)
		)
	)
))",-1,2025-10-30 10:38:34,24969073,null,374821,0,FALSE,TRUE,FALSE,2123,null,FALSE,FALSE,TRUE,Creative,FALSE,FALSE,1,Creative:  Theme - Fall Football,null,2025-10-28 12:45:52,FALSE,FALSE,Answers374821,FALSE
533,2025-11-04 14:06:23,FALSE,FALSE,FALSE,-1,null,"q4 in (select bannerid from adServerBanners where campaignid=72361 and site=3141) or ID IN (select id from answers372250 cross apply [SQL#].[String_Split4k](Q2, ',', 2) SplitTable cross apply [SQL#].[String_Split4k](SplitTable.SplitVal, '-', 2) bannerid where bannerid.SplitNum = 1 and bannerid.SplitVal in ( select value from dbo.surveyfilterelements WHERE surveyfilterelements.filterid=20870679 and type='in-clause' and surveyfilterelements.question='Q2' ) )",-1,2001-01-01 0:00:00,20870679,null,372250,0,FALSE,FALSE,FALSE,null,null,FALSE,FALSE,FALSE,Site All Hits,FALSE,FALSE,0,Site All Hits: Amazon Mobile (US),null,2025-10-18 22:12:08,FALSE,FALSE,Answers372250,FALSE
668,2025-11-04 14:06:23,TRUE,FALSE,FALSE,-1,null,"(((
 exists (
	select 1 from dbo.bannerexposure with (nolock) where  bannerexposure.respondentid = answers373075.id and bannerexposure.surveyid = 373075 and bannerexposure.bannerid  in 
		(
			select cast(element as int) from surveyfiltergroupelements with(nolock) where typeid = 1 and filtergroupid in (684256)
		)
	)
 or 
 exists (
	select 1 from dbo.creativeexposure with (nolock) where  creativeexposure.respondentid = answers373075.id and creativeexposure.surveyid = 373075 and creativeexposure.creativeid  in 
		(
			select element from surveyfiltergroupelements with(nolock) where typeid = 2 and filtergroupid in (684256)
		)
	)
 or 
 exists (
	select 1 from dbo.placementexposure with (nolock) where  placementexposure.respondentid = answers373075.id and placementexposure.surveyid = 373075 and placementexposure.placementid  in 
		(
			select element from surveyfiltergroupelements with(nolock) where typeid = 3 and filtergroupid in (684256)
		)
	)
)) or ((Q4 in (select value from surveyfilterelements with(nolock) where filterid=24878474 and type='mapctrlbanner'))))",-1,2025-10-30 9:18:02,24878474,null,373075,0,FALSE,TRUE,TRUE,2892,null,FALSE,FALSE,TRUE,Creative,FALSE,FALSE,2,Creative:  Patrice Size/Length - 15s,null,2025-10-23 10:46:41,FALSE,FALSE,Answers373075,FALSE
829,2025-11-04 14:06:23,FALSE,FALSE,FALSE,-1,null,q4 in (select bannerid from adServerBanners where campaignid=78558 and site=17277) or (Q2 like '%12504326%' or Q2 like '%12593746%' or Q2 like '%12593779%' or Q2 like '%12645672%' or Q2 like '%12673998%'),-1,2025-10-30 9:18:16,22512548,null,373075,0,FALSE,FALSE,FALSE,33,null,FALSE,FALSE,TRUE,Site All Hits,FALSE,FALSE,0,Site All Hits: Amazon (US),null,2025-10-23 9:54:36,FALSE,FALSE,Answers373075,FALSE
736,2025-11-04 14:06:23,FALSE,FALSE,FALSE,-1,null,"(1=1) and (substring(Q257,5,1)='2')",-1,2025-10-30 9:18:05,21583711,null,373075,0,FALSE,FALSE,FALSE,1579,null,FALSE,FALSE,TRUE,Delivery Item,FALSE,FALSE,1,"Delivery Item: Flowers (e.g., bouquets, flowers, potted plants, etc.)",null,2024-12-05 9:23:50,FALSE,FALSE,Answers373075,FALSE
372,2025-11-04 14:06:23,FALSE,FALSE,FALSE,-1,null,(Q4 = '12593792'),-1,2001-01-01 0:00:00,25033332,null,374821,0,FALSE,FALSE,FALSE,null,null,FALSE,FALSE,FALSE,Site,FALSE,FALSE,0,Site: Amazon CTV (FR),null,2025-10-30 18:02:11,FALSE,FALSE,Answers374821,FALSE
243,2025-11-04 14:06:23,FALSE,FALSE,FALSE,-1,null,"(substring(Q233_9,2,1)='2')",-1,2001-01-01 0:00:00,22236044,null,374821,0,FALSE,FALSE,FALSE,2777,null,FALSE,FALSE,TRUE,Delivery Use - Use an app/website for on-demand or same day delivery,FALSE,FALSE,1,Delivery Use - Use an app/website for on-demand or same day delivery: Flowers,null,2025-02-07 14:02:34,FALSE,FALSE,Answers374821,FALSE
728,2025-11-04 14:06:23,FALSE,FALSE,FALSE,-1,null,(Q194_1 in (1)),-1,2025-10-30 9:18:05,21594964,null,373075,0,FALSE,FALSE,TRUE,1060,null,FALSE,FALSE,TRUE,DashPass Use,FALSE,FALSE,1,DashPass Use: Used in the past but do not use now,null,2024-12-05 18:32:57,FALSE,FALSE,Answers373075,FALSE
199,2025-11-04 14:06:23,TRUE,FALSE,FALSE,-1,null,"((
 exists (
	select 1 from dbo.bannerexposure with (nolock) where  bannerexposure.respondentid = answers374821.id and bannerexposure.surveyid = 374821 and bannerexposure.bannerid  in 
		(
			select cast(element as int) from surveyfiltergroupelements with(nolock) where typeid = 1 and filtergroupid in (727210)
		)
	)
 or 
 exists (
	select 1 from dbo.creativeexposure with (nolock) where  creativeexposure.respondentid = answers374821.id and creativeexposure.surveyid = 374821 and creativeexposure.creativeid  in 
		(
			select element from surveyfiltergroupelements with(nolock) where typeid = 2 and filtergroupid in (727210)
		)
	)
 or 
 exists (
	select 1 from dbo.placementexposure with (nolock) where  placementexposure.respondentid = answers374821.id and placementexposure.surveyid = 374821 and placementexposure.placementid  in 
		(
			select element from surveyfiltergroupelements with(nolock) where typeid = 3 and filtergroupid in (727210)
		)
	)
))",-1,2025-10-30 10:38:27,24969065,null,374821,0,FALSE,TRUE,FALSE,4739,null,FALSE,FALSE,TRUE,Creative,FALSE,FALSE,1,Creative:  Size/Length - Custom,null,2025-10-28 12:45:51,FALSE,FALSE,Answers374821,FALSE
660,2025-11-04 14:06:23,TRUE,FALSE,FALSE,-1,null,"(((
 exists (
	select 1 from dbo.bannerexposure with (nolock) where  bannerexposure.respondentid = answers373075.id and bannerexposure.surveyid = 373075 and bannerexposure.bannerid  in 
		(
			select cast(element as int) from surveyfiltergroupelements with(nolock) where typeid = 1 and filtergroupid in (724302)
		)
	)
 or 
 exists (
	select 1 from dbo.creativeexposure with (nolock) where  creativeexposure.respondentid = answers373075.id and creativeexposure.surveyid = 373075 and creativeexposure.creativeid  in 
		(
			select element from surveyfiltergroupelements with(nolock) where typeid = 2 and filtergroupid in (724302)
		)
	)
 or 
 exists (
	select 1 from dbo.placementexposure with (nolock) where  placementexposure.respondentid = answers373075.id and placementexposure.surveyid = 373075 and placementexposure.placementid  in 
		(
			select element from surveyfiltergroupelements with(nolock) where typeid = 3 and filtergroupid in (724302)
		)
	)
)) or ((Q4 in (select value from surveyfilterelements with(nolock) where filterid=24878454 and type='mapctrlbanner'))))",-1,2025-10-30 9:18:02,24878454,null,373075,0,FALSE,TRUE,TRUE,1506,null,FALSE,FALSE,TRUE,Creative,FALSE,FALSE,2,Creative:  Format - DIS,null,2025-10-23 10:46:06,FALSE,FALSE,Answers373075,FALSE
299,2025-11-04 14:06:23,FALSE,FALSE,FALSE,-1,null,(Q234_2 in (0)),-1,2001-01-01 0:00:00,22236474,null,374821,0,FALSE,FALSE,FALSE,15379,null,FALSE,FALSE,TRUE,Past Brand Usage,FALSE,FALSE,1,Past Brand Usage: Uber Eats,null,2025-02-07 14:10:30,FALSE,FALSE,Answers374821,FALSE
805,2025-11-04 14:06:23,FALSE,FALSE,FALSE,-1,null,(Q264_5 in (2)),-1,2025-10-30 9:18:11,21587584,null,373075,0,FALSE,FALSE,FALSE,440,null,FALSE,FALSE,TRUE,Past Brand Recency - Grubhub,FALSE,FALSE,1,Past Brand Recency - Grubhub: Less than once a week,null,2024-12-05 11:40:05,FALSE,FALSE,Answers373075,FALSE
356,2025-11-04 14:06:23,FALSE,FALSE,FALSE,-1,null,q4 in (select bannerid from adServerBanners where campaignid=79821 and site=19645) or (Q2 like '%12622563%'),-1,2025-10-30 9:19:36,24098277,null,374821,0,FALSE,FALSE,FALSE,0,null,FALSE,FALSE,TRUE,Site All Hits,FALSE,FALSE,0,Site All Hits: SitePlaceholder,null,2025-08-26 12:52:12,FALSE,FALSE,Answers374821,FALSE
291,2025-11-04 14:06:23,FALSE,FALSE,FALSE,-1,null,(Q235_2 in (3)),-1,2001-01-01 0:00:00,22228320,null,374821,0,FALSE,FALSE,FALSE,2397,null,FALSE,FALSE,TRUE,Past Brand Recency - Uber Eats,FALSE,FALSE,1,Past Brand Recency - Uber Eats: I did not use in the past 30 days,null,2025-02-06 14:26:32,FALSE,FALSE,Answers374821,FALSE
231,2025-11-04 14:06:23,FALSE,FALSE,FALSE,-1,null,"(1=1) and (substring(Q231,3,1)='2')",-1,2001-01-01 0:00:00,22228248,null,374821,0,FALSE,FALSE,FALSE,12178,null,FALSE,FALSE,TRUE,Delivery Category,FALSE,FALSE,1,"Delivery Category: Personal Care &amp; Beauty (e.g., cosmetics/makeup, bath and body, skincare, feminine care, etc.)",null,2025-02-06 14:26:32,FALSE,FALSE,Answers374821,FALSE
652,2025-11-04 14:06:23,TRUE,FALSE,FALSE,-1,null,"(((
 exists (
	select 1 from dbo.bannerexposure with (nolock) where  bannerexposure.respondentid = answers373075.id and bannerexposure.surveyid = 373075 and bannerexposure.bannerid  in 
		(
			select cast(element as int) from surveyfiltergroupelements with(nolock) where typeid = 1 and filtergroupid in (724365)
		)
	)
 or 
 exists (
	select 1 from dbo.creativeexposure with (nolock) where  creativeexposure.respondentid = answers373075.id and creativeexposure.surveyid = 373075 and creativeexposure.creativeid  in 
		(
			select element from surveyfiltergroupelements with(nolock) where typeid = 2 and filtergroupid in (724365)
		)
	)
 or 
 exists (
	select 1 from dbo.placementexposure with (nolock) where  placementexposure.respondentid = answers373075.id and placementexposure.surveyid = 373075 and placementexposure.placementid  in 
		(
			select element from surveyfiltergroupelements with(nolock) where typeid = 3 and filtergroupid in (724365)
		)
	)
)) or ((Q4 in (select value from surveyfilterelements with(nolock) where filterid=24878446 and type='mapctrlbanner'))))",-1,2025-10-30 9:18:01,24878446,null,373075,0,FALSE,TRUE,TRUE,1097,null,FALSE,FALSE,TRUE,Creative,FALSE,FALSE,2,Creative:  Campaign - Mothers Day,null,2025-10-23 10:45:33,FALSE,FALSE,Answers373075,FALSE
541,2025-11-04 14:06:23,FALSE,FALSE,FALSE,-1,null,q4 in (select bannerid from adServerBanners where campaignid=72361 and site=1587) or (Q2 like '%12040455%'),-1,2025-09-17 12:00:49,20870675,null,372250,0,FALSE,FALSE,FALSE,3456,null,FALSE,FALSE,FALSE,Site All Hits,FALSE,FALSE,0,Site All Hits: Disney+ (US),null,2024-10-23 9:54:51,FALSE,FALSE,Answers372250,FALSE
219,2025-11-04 14:06:23,TRUE,FALSE,FALSE,-1,null,"((
 exists (
	select 1 from dbo.bannerexposure with (nolock) where  bannerexposure.respondentid = answers374821.id and bannerexposure.surveyid = 374821 and bannerexposure.bannerid  in 
		(
			select cast(element as int) from surveyfiltergroupelements with(nolock) where typeid = 1 and filtergroupid in (727329)
		)
	)
 or 
 exists (
	select 1 from dbo.creativeexposure with (nolock) where  creativeexposure.respondentid = answers374821.id and creativeexposure.surveyid = 374821 and creativeexposure.creativeid  in 
		(
			select element from surveyfiltergroupelements with(nolock) where typeid = 2 and filtergroupid in (727329)
		)
	)
 or 
 exists (
	select 1 from dbo.placementexposure with (nolock) where  placementexposure.respondentid = answers374821.id and placementexposure.surveyid = 374821 and placementexposure.placementid  in 
		(
			select element from surveyfiltergroupelements with(nolock) where typeid = 3 and filtergroupid in (727329)
		)
	)
))",-1,2025-10-30 10:38:37,24969085,null,374821,0,FALSE,TRUE,FALSE,241,null,FALSE,FALSE,TRUE,Creative,FALSE,FALSE,1,Creative:  Theme - NV Tampa,null,2025-10-28 12:45:53,FALSE,FALSE,Answers374821,FALSE
364,2025-11-04 14:06:23,FALSE,FALSE,FALSE,-1,null,q4 in (select bannerid from adServerBanners where campaignid=79821 and site=24862),-1,2001-01-01 0:00:00,25033287,null,374821,0,FALSE,FALSE,FALSE,null,null,FALSE,FALSE,FALSE,Site,FALSE,FALSE,0,Site: Amazon (JP),null,2025-10-30 18:02:10,FALSE,FALSE,Answers374821,FALSE
499,2025-11-04 14:06:23,FALSE,FALSE,FALSE,-1,null,(Q247=3),-1,2025-06-11 11:21:44,21081608,null,372250,0,FALSE,FALSE,FALSE,1995,null,FALSE,FALSE,TRUE,Last Delivery,FALSE,FALSE,0,Last Delivery: Within the past 1-3 months,null,2025-05-15 18:03:56,FALSE,FALSE,Answers372250,FALSE
525,2025-11-04 14:06:23,FALSE,FALSE,FALSE,-1,null,(Q251_1 in (0)),-1,2025-06-11 11:29:21,21081448,null,372250,0,FALSE,FALSE,FALSE,17010,null,FALSE,FALSE,TRUE,Past Brand Usage,FALSE,FALSE,0,Past Brand Usage: DoorDash,null,2025-05-15 18:03:58,FALSE,FALSE,Answers372250,FALSE
483,2025-11-04 14:06:23,FALSE,FALSE,FALSE,-1,null,(Q258=1),-1,2025-06-11 11:21:42,23389179,null,372250,0,FALSE,FALSE,FALSE,3245,null,FALSE,FALSE,TRUE,Gamer (Grouped),FALSE,FALSE,1,"Gamer (Grouped): More than 2 hours, but less than 7 hours",null,2025-05-28 12:49:18,FALSE,FALSE,Answers372250,FALSE
605,2025-11-04 14:06:23,FALSE,TRUE,FALSE,-1,null,(Q745>0) OR (Q264=0),-1,2025-09-05 15:51:42,23363477,null,372250,0,FALSE,FALSE,FALSE,9870,null,FALSE,FALSE,TRUE,TV ISCI,FALSE,FALSE,1,TV ISCI: 1212412,null,2025-05-22 14:06:10,FALSE,FALSE,Answers372250,FALSE
597,2025-11-04 14:06:23,FALSE,FALSE,FALSE,-1,null,"(substring(Q260,3,1)='2')",-1,2025-06-11 11:29:35,23445339,null,372250,0,FALSE,FALSE,FALSE,11477,null,FALSE,FALSE,TRUE,Super Bowl Viewing,FALSE,FALSE,1,Super Bowl Viewing: Super Bowl LVIII (2024),null,2025-06-05 11:45:34,FALSE,FALSE,Answers372250,FALSE
589,2025-11-04 14:06:23,FALSE,FALSE,FALSE,-1,null,(1=1) and (Q261=4),-1,2025-06-11 11:29:38,23445345,null,372250,0,FALSE,FALSE,FALSE,1440,null,FALSE,FALSE,TRUE,Super Bowl Viewing Recency,FALSE,FALSE,1,Super Bowl Viewing Recency: Not sure,null,2025-06-05 11:44:12,FALSE,FALSE,Answers372250,FALSE
581,2025-11-04 14:06:23,FALSE,FALSE,FALSE,-1,null,q4 in (select bannerid from adServerBanners where campaignid=72361 and site=369),-1,2025-06-05 11:05:34,22185253,null,372250,0,TRUE,FALSE,TRUE,0,null,FALSE,FALSE,TRUE,Site,FALSE,FALSE,0,Site: InsightExpress,2025-05-23 17:11:39,2025-05-23 17:11:39,FALSE,FALSE,Answers372250,FALSE
688,2025-11-04 14:06:23,TRUE,FALSE,FALSE,-1,null,"(((
 exists (
	select 1 from dbo.bannerexposure with (nolock) where  bannerexposure.respondentid = answers373075.id and bannerexposure.surveyid = 373075 and bannerexposure.bannerid  in 
		(
			select cast(element as int) from surveyfiltergroupelements with(nolock) where typeid = 1 and filtergroupid in (724306)
		)
	)
 or 
 exists (
	select 1 from dbo.creativeexposure with (nolock) where  creativeexposure.respondentid = answers373075.id and creativeexposure.surveyid = 373075 and creativeexposure.creativeid  in 
		(
			select element from surveyfiltergroupelements with(nolock) where typeid = 2 and filtergroupid in (724306)
		)
	)
 or 
 exists (
	select 1 from dbo.placementexposure with (nolock) where  placementexposure.respondentid = answers373075.id and placementexposure.surveyid = 373075 and placementexposure.placementid  in 
		(
			select element from surveyfiltergroupelements with(nolock) where typeid = 3 and filtergroupid in (724306)
		)
	)
)) or ((Q4 in (select value from surveyfilterelements with(nolock) where filterid=24878527 and type='mapctrlbanner'))))",-1,2025-10-30 9:18:03,24878527,null,373075,0,FALSE,TRUE,TRUE,1409,null,FALSE,FALSE,TRUE,Creative,FALSE,FALSE,2,Creative:  Size/Length - 300x250,null,2025-10-23 10:48:15,FALSE,FALSE,Answers373075,FALSE
720,2025-11-04 14:06:23,TRUE,FALSE,FALSE,-1,null,"((
 exists (
	select 1 from dbo.bannerexposure with (nolock) where  bannerexposure.respondentid = answers373075.id and bannerexposure.surveyid = 373075 and bannerexposure.bannerid  in 
		(
			select cast(element as int) from surveyfiltergroupelements with(nolock) where typeid = 1 and filtergroupid in (724339)
		)
	)
 or 
 exists (
	select 1 from dbo.creativeexposure with (nolock) where  creativeexposure.respondentid = answers373075.id and creativeexposure.surveyid = 373075 and creativeexposure.creativeid  in 
		(
			select element from surveyfiltergroupelements with(nolock) where typeid = 2 and filtergroupid in (724339)
		)
	)
 or 
 exists (
	select 1 from dbo.placementexposure with (nolock) where  placementexposure.respondentid = answers373075.id and placementexposure.surveyid = 373075 and placementexposure.placementid  in 
		(
			select element from surveyfiltergroupelements with(nolock) where typeid = 3 and filtergroupid in (724339)
		)
	)
))",-1,2025-10-30 9:18:04,24878559,null,373075,0,FALSE,TRUE,FALSE,0,null,FALSE,FALSE,TRUE,Creative,FALSE,FALSE,1,Creative:  Theme - Surveillance NBA,null,2025-10-23 10:50:18,FALSE,FALSE,Answers373075,FALSE
752,2025-11-04 14:06:23,FALSE,FALSE,FALSE,-1,null,"(1=1) and (substring(Q180,5,1)='2')",-1,2025-10-30 9:18:09,21583690,null,373075,0,FALSE,FALSE,FALSE,175,null,FALSE,FALSE,TRUE,Ethnicity,FALSE,FALSE,1,Ethnicity: Native American,null,2024-12-05 9:23:50,FALSE,FALSE,Answers373075,FALSE
744,2025-11-04 14:06:23,FALSE,FALSE,FALSE,-1,null,(1=1) and (Q268=2),-1,2025-10-30 9:18:08,21583722,null,373075,0,FALSE,FALSE,FALSE,343,null,FALSE,FALSE,TRUE,Employment Status,FALSE,FALSE,1,Employment Status: Self-employed,null,2024-12-05 9:23:50,FALSE,FALSE,Answers373075,FALSE
680,2025-11-04 14:06:23,TRUE,FALSE,FALSE,-1,null,"(((
 exists (
	select 1 from dbo.bannerexposure with (nolock) where  bannerexposure.respondentid = answers373075.id and bannerexposure.surveyid = 373075 and bannerexposure.bannerid  in 
		(
			select cast(element as int) from surveyfiltergroupelements with(nolock) where typeid = 1 and filtergroupid in (724311)
		)
	)
 or 
 exists (
	select 1 from dbo.creativeexposure with (nolock) where  creativeexposure.respondentid = answers373075.id and creativeexposure.surveyid = 373075 and creativeexposure.creativeid  in 
		(
			select element from surveyfiltergroupelements with(nolock) where typeid = 2 and filtergroupid in (724311)
		)
	)
 or 
 exists (
	select 1 from dbo.placementexposure with (nolock) where  placementexposure.respondentid = answers373075.id and placementexposure.surveyid = 373075 and placementexposure.placementid  in 
		(
			select element from surveyfiltergroupelements with(nolock) where typeid = 3 and filtergroupid in (724311)
		)
	)
)) or ((Q4 in (select value from surveyfilterelements with(nolock) where filterid=24878501 and type='mapctrlbanner'))))",-1,2025-10-30 9:18:04,24878501,null,373075,0,FALSE,TRUE,TRUE,1758,null,FALSE,FALSE,TRUE,Creative,FALSE,FALSE,2,Creative:  Placement Targeting Tactic - 3P Behavioral,null,2025-10-23 10:47:39,FALSE,FALSE,Answers373075,FALSE
712,2025-11-04 14:06:23,TRUE,FALSE,FALSE,-1,null,"((
 exists (
	select 1 from dbo.bannerexposure with (nolock) where  bannerexposure.respondentid = answers373075.id and bannerexposure.surveyid = 373075 and bannerexposure.bannerid  in 
		(
			select cast(element as int) from surveyfiltergroupelements with(nolock) where typeid = 1 and filtergroupid in (724351)
		)
	)
 or 
 exists (
	select 1 from dbo.creativeexposure with (nolock) where  creativeexposure.respondentid = answers373075.id and creativeexposure.surveyid = 373075 and creativeexposure.creativeid  in 
		(
			select element from surveyfiltergroupelements with(nolock) where typeid = 2 and filtergroupid in (724351)
		)
	)
 or 
 exists (
	select 1 from dbo.placementexposure with (nolock) where  placementexposure.respondentid = answers373075.id and placementexposure.surveyid = 373075 and placementexposure.placementid  in 
		(
			select element from surveyfiltergroupelements with(nolock) where typeid = 3 and filtergroupid in (724351)
		)
	)
))",-1,2025-10-30 9:18:04,24878551,null,373075,0,FALSE,TRUE,FALSE,0,null,FALSE,FALSE,TRUE,Creative,FALSE,FALSE,1,Creative:  Theme - Pizza Bonanza,null,2025-10-23 10:49:48,FALSE,FALSE,Answers373075,FALSE
696,2025-11-04 14:06:23,TRUE,FALSE,FALSE,-1,null,"(((
 exists (
	select 1 from dbo.bannerexposure with (nolock) where  bannerexposure.respondentid = answers373075.id and bannerexposure.surveyid = 373075 and bannerexposure.bannerid  in 
		(
			select cast(element as int) from surveyfiltergroupelements with(nolock) where typeid = 1 and filtergroupid in (724300)
		)
	)
 or 
 exists (
	select 1 from dbo.creativeexposure with (nolock) where  creativeexposure.respondentid = answers373075.id and creativeexposure.surveyid = 373075 and creativeexposure.creativeid  in 
		(
			select element from surveyfiltergroupelements with(nolock) where typeid = 2 and filtergroupid in (724300)
		)
	)
 or 
 exists (
	select 1 from dbo.placementexposure with (nolock) where  placementexposure.respondentid = answers373075.id and placementexposure.surveyid = 373075 and placementexposure.placementid  in 
		(
			select element from surveyfiltergroupelements with(nolock) where typeid = 3 and filtergroupid in (724300)
		)
	)
)) or ((Q4 in (select value from surveyfilterelements with(nolock) where filterid=24878535 and type='mapctrlbanner'))))",-1,2025-10-30 9:18:03,24878535,null,373075,0,FALSE,TRUE,TRUE,1274,null,FALSE,FALSE,TRUE,Creative,FALSE,FALSE,2,Creative:  Size/Length - Custom,null,2025-10-23 10:48:48,FALSE,FALSE,Answers373075,FALSE
648,2025-11-04 14:06:23,TRUE,FALSE,FALSE,-1,null,"((
 exists (
	select 1 from dbo.bannerexposure with (nolock) where  bannerexposure.respondentid = answers373075.id and bannerexposure.surveyid = 373075 and bannerexposure.bannerid  in 
		(
			select cast(element as int) from surveyfiltergroupelements with(nolock) where typeid = 1 and filtergroupid in (724340)
		)
	)
 or 
 exists (
	select 1 from dbo.creativeexposure with (nolock) where  creativeexposure.respondentid = answers373075.id and creativeexposure.surveyid = 373075 and creativeexposure.creativeid  in 
		(
			select element from surveyfiltergroupelements with(nolock) where typeid = 2 and filtergroupid in (724340)
		)
	)
 or 
 exists (
	select 1 from dbo.placementexposure with (nolock) where  placementexposure.respondentid = answers373075.id and placementexposure.surveyid = 373075 and placementexposure.placementid  in 
		(
			select element from surveyfiltergroupelements with(nolock) where typeid = 3 and filtergroupid in (724340)
		)
	)
))",-1,2025-10-30 9:18:01,24878441,null,373075,0,FALSE,TRUE,FALSE,0,null,FALSE,FALSE,TRUE,Creative,FALSE,FALSE,1,Creative:  Campaign - DashPass Super Bowl,null,2025-10-23 10:45:16,FALSE,FALSE,Answers373075,FALSE
344,2025-11-04 14:06:23,FALSE,FALSE,FALSE,-1,null,"q4 in (select bannerid from adServerBanners where campaignid=79821 and site=14881) or ID IN (select id from answers374821 cross apply [SQL#].[String_Split4k](Q2, ',', 2) SplitTable cross apply [SQL#].[String_Split4k](SplitTable.SplitVal, '-', 2) bannerid where bannerid.SplitNum = 1 and bannerid.SplitVal in ( select value from dbo.surveyfilterelements WHERE surveyfilterelements.filterid=22220574 and type='in-clause' and surveyfilterelements.question='Q2' ) )",-1,2001-01-01 0:00:00,22220574,null,374821,0,FALSE,FALSE,FALSE,null,null,FALSE,FALSE,FALSE,Site All Hits,FALSE,FALSE,0,Site All Hits: MIQ Logistics (US),null,2025-10-30 18:02:10,FALSE,FALSE,Answers374821,FALSE
352,2025-11-04 14:06:23,FALSE,FALSE,FALSE,-1,null,(Q4 = '12430861') or (Q2 like '%12430861%'),-1,2001-01-01 0:00:00,25033248,null,374821,0,FALSE,FALSE,FALSE,null,null,FALSE,FALSE,FALSE,Site All Hits,FALSE,FALSE,0,Site All Hits: PLACEHOLDER,null,2025-10-30 18:02:09,FALSE,FALSE,Answers374821,FALSE
336,2025-11-04 14:06:23,FALSE,FALSE,FALSE,-1,null,q4 in (select bannerid from adServerBanners where campaignid=79821 and site=29020) or (Q2 like '%12620563%' or Q2 like '%12620564%' or Q2 like '%12654065%' or Q2 like '%12654066%'),-1,2025-10-30 9:18:16,24090401,null,374821,0,FALSE,FALSE,FALSE,138,null,FALSE,FALSE,TRUE,Site All Hits,FALSE,FALSE,0,Site All Hits: Good Karma Podcast (US),null,2025-09-25 23:12:11,FALSE,FALSE,Answers374821,FALSE
368,2025-11-04 14:06:23,FALSE,FALSE,FALSE,-1,null,(Q4 = '12594097'),-1,2001-01-01 0:00:00,25033344,null,374821,0,FALSE,FALSE,FALSE,null,null,FALSE,FALSE,FALSE,Site,FALSE,FALSE,0,Site: Amazon CTV  (ES),null,2025-10-30 18:02:11,FALSE,FALSE,Answers374821,FALSE
664,2025-11-04 14:06:23,TRUE,FALSE,FALSE,-1,null,"(((
 exists (
	select 1 from dbo.bannerexposure with (nolock) where  bannerexposure.respondentid = answers373075.id and bannerexposure.surveyid = 373075 and bannerexposure.bannerid  in 
		(
			select cast(element as int) from surveyfiltergroupelements with(nolock) where typeid = 1 and filtergroupid in (642359)
		)
	)
 or 
 exists (
	select 1 from dbo.creativeexposure with (nolock) where  creativeexposure.respondentid = answers373075.id and creativeexposure.surveyid = 373075 and creativeexposure.creativeid  in 
		(
			select element from surveyfiltergroupelements with(nolock) where typeid = 2 and filtergroupid in (642359)
		)
	)
 or 
 exists (
	select 1 from dbo.placementexposure with (nolock) where  placementexposure.respondentid = answers373075.id and placementexposure.surveyid = 373075 and placementexposure.placementid  in 
		(
			select element from surveyfiltergroupelements with(nolock) where typeid = 3 and filtergroupid in (642359)
		)
	)
)) or ((Q4 in (select value from surveyfilterelements with(nolock) where filterid=24878458 and type='mapctrlbanner'))))",-1,2025-10-30 9:18:01,24878458,null,373075,0,FALSE,TRUE,TRUE,2454,null,FALSE,FALSE,TRUE,Creative,FALSE,FALSE,2,Creative:  New Filter Creative Size/Length - 15s,null,2025-10-23 10:46:25,FALSE,FALSE,Answers373075,FALSE
376,2025-11-04 14:06:23,FALSE,FALSE,FALSE,-1,null,(Q4 = '12600805'),-1,2001-01-01 0:00:00,25033357,null,374821,0,FALSE,FALSE,FALSE,null,null,FALSE,FALSE,FALSE,Site,FALSE,FALSE,0,Site: Amazon Mobile (DE),null,2025-10-30 18:02:11,FALSE,FALSE,Answers374821,FALSE
656,2025-11-04 14:06:23,TRUE,FALSE,FALSE,-1,null,"(((
 exists (
	select 1 from dbo.bannerexposure with (nolock) where  bannerexposure.respondentid = answers373075.id and bannerexposure.surveyid = 373075 and bannerexposure.bannerid  in 
		(
			select cast(element as int) from surveyfiltergroupelements with(nolock) where typeid = 1 and filtergroupid in (724323)
		)
	)
 or 
 exists (
	select 1 from dbo.creativeexposure with (nolock) where  creativeexposure.respondentid = answers373075.id and creativeexposure.surveyid = 373075 and creativeexposure.creativeid  in 
		(
			select element from surveyfiltergroupelements with(nolock) where typeid = 2 and filtergroupid in (724323)
		)
	)
 or 
 exists (
	select 1 from dbo.placementexposure with (nolock) where  placementexposure.respondentid = answers373075.id and placementexposure.surveyid = 373075 and placementexposure.placementid  in 
		(
			select element from surveyfiltergroupelements with(nolock) where typeid = 3 and filtergroupid in (724323)
		)
	)
)) or ((Q4 in (select value from surveyfilterelements with(nolock) where filterid=24878450 and type='mapctrlbanner'))))",-1,2025-10-30 9:18:01,24878450,null,373075,0,FALSE,TRUE,TRUE,1162,null,FALSE,FALSE,TRUE,Creative,FALSE,FALSE,2,Creative:  Campaign - Your Door to More,null,2025-10-23 10:45:50,FALSE,FALSE,Answers373075,FALSE
360,2025-11-04 14:06:23,FALSE,FALSE,FALSE,-1,null,q4 in (select bannerid from adServerBanners where campaignid=79821 and site=27103),-1,2001-01-01 0:00:00,25033308,null,374821,0,FALSE,FALSE,FALSE,null,null,FALSE,FALSE,FALSE,Site,FALSE,FALSE,0,Site: Amazon (BR),null,2025-10-30 18:02:10,FALSE,FALSE,Answers374821,FALSE